[[1, 5, 6, 7, 7]]
[[1, 4, 5, 6, 8]]
[[4, 5, 9, 11, 15]]
[[1, 7, 10, 16, 7]]
[[3, 6, 7, 10, 7], [3, 6, 15, 18, 7]]
[[1, 4, 6, 7, 8]]
[[9, 14, 4, 6, 7], [9, 14, 24, 25, 7], [27, 29, 24, 25, 7]]
[[1, 3, 4, 5, 7]]
[[7, 7, 8, 9, 8], [11, 12, 13, 14, 7], [1, 3, 8, 9, 8]]
[[4, 7, 9, 12, 20]]
[]
[[1, 2, 5, 6, 7]]
[[1, 2, 4, 5, 15]]
[[1, 2, 3, 5, 7]]
[[1, 8, 9, 10, 7]]
[[7, 8, 3, 4, 7]]
[[6, 8, 9, 12, 7]]
[[4, 5, 9, 13, 7]]
[[6, 9, 10, 13, 20]]
[[5, 9, 11, 14, 7]]
[[1, 9, 10, 13, 7], [8, 9, 10, 13, 7]]
[[4, 8, 9, 10, 7]]
[[1, 6, 9, 10, 7]]
[[1, 4, 5, 7, 7]]
[[1, 4, 5, 7, 15]]
[[1, 2, 9, 10, 8], [7, 8, 9, 10, 8]]
[[1, 5, 6, 14, 12]]
[[1, 4, 5, 6, 7], [1, 4, 8, 10, 7]]
[[1, 2, 3, 5, 7]]
[[1, 2, 4, 8, 7]]
[[1, 4, 7, 8, 7], [1, 6, 7, 8, 7]]
[[1, 2, 6, 7, 7], [1, 2, 9, 10, 7]]
[[1, 2, 3, 5, 20], [10, 11, 3, 5, 7]]
[[1, 4, 6, 9, 8]]
[[1, 2, 3, 6, 7]]
[[1, 3, 4, 7, 6]]
[[1, 3, 4, 5, 7], [7, 8, 9, 10, 8]]
[[1, 4, 5, 10, 7]]
[[1, 3, 23, 26, 7], [9, 10, 13, 14, 7], [1, 5, 6, 7, 7]]
[[3, 4, 19, 21, 7], [6, 8, 19, 21, 7], [14, 17, 19, 21, 7]]
[[6, 9, 10, 13, 7]]
[[1, 2, 5, 6, 8], [1, 2, 8, 10, 7], [1, 4, 5, 6, 8]]
[[1, 4, 5, 8, 7]]
[[1, 4, 8, 10, 7]]
[[1, 4, 11, 13, 7], [6, 7, 11, 13, 7]]
[[1, 2, 3, 5, 7], [26, 27, 28, 29, 7]]
[[1, 3, 9, 12, 7], [5, 6, 9, 12, 7]]
[[1, 3, 4, 5, 7]]
[[4, 5, 6, 7, 7], [4, 5, 9, 12, 7]]
[[1, 2, 5, 6, 7]]
[[1, 6, 7, 9, 8]]
[[1, 2, 3, 4, 7]]
[[1, 4, 5, 5, 20], [7, 10, 11, 12, 20]]
[[1, 4, 5, 6, 7]]
[[1, 2, 3, 5, 7]]
[[6, 7, 12, 13, 1]]
[[1, 2, 7, 8, 7]]
[[1, 2, 11, 14, 7]]
[[6, 8, 10, 11, 7]]
[[3, 4, 7, 8, 7], [14, 15, 16, 19, 7], [21, 22, 16, 19, 7], [21, 22, 23, 24, 7]]
[[1, 1, 4, 5, 7]]
[[1, 2, 3, 4, 15], [8, 9, 10, 11, 4]]
[[1, 6, 8, 9, 7]]
[[6, 7, 1, 2, 7], [6, 7, 3, 4, 7]]
[[1, 2, 7, 10, 8]]
[[6, 7, 1, 3, 7]]
[[1, 4, 5, 7, 7]]
[[5, 6, 8, 10, 7]]
[[10, 13, 14, 17, 8]]
[[1, 2, 3, 8, 7]]
[[6, 7, 9, 10, 1]]
[[1, 3, 6, 7, 7], [1, 3, 9, 14, 7]]
[[3, 6, 1, 2, 7], [3, 6, 8, 10, 7], [3, 6, 15, 17, 7], [3, 6, 18, 21, 7], [3, 6, 23, 27, 7], [11, 12, 15, 17, 7]]
[[1, 2, 3, 6, 7]]
[[1, 2, 3, 9, 7], [1, 2, 16, 18, 7]]
[[1, 4, 6, 8, 7]]
[[11, 12, 4, 7, 7]]
[[5, 6, 10, 14, 7]]
[]
[[9, 9, 13, 14, 7], [9, 9, 19, 21, 7]]
[[23, 24, 25, 27, 7], [1, 5, 13, 15, 7]]
[[1, 2, 23, 24, 7], [1, 2, 27, 29, 7], [21, 22, 23, 24, 7]]
[[1, 3, 7, 12, 12]]
[[1, 7, 9, 10, 6], [1, 7, 8, 10, 6]]
[[1, 3, 6, 9, 7]]
[[16, 17, 24, 26, 7], [9, 11, 12, 13, 8], [1, 6, 24, 26, 7]]
[[11, 11, 12, 13, 7], [11, 11, 14, 16, 7], [3, 5, 14, 16, 7]]
[[1, 2, 3, 4, 7], [5, 9, 10, 11, 8], [13, 14, 22, 23, 8]]
[[6, 9, 1, 4, 7], [6, 9, 17, 18, 7]]
[[8, 10, 3, 4, 15], [8, 10, 5, 6, 15]]
[[1, 4, 5, 6, 7]]
[[16, 17, 19, 21, 7]]
[[1, 2, 3, 4, 7]]
[[1, 2, 7, 10, 1]]
[[1, 4, 5, 6, 12], [1, 4, 7, 9, 12], [1, 4, 28, 29, 12]]
[[0, 0, 13, 16, 4]]
[[1, 3, 4, 6, 7]]
[[3, 4, 8, 9, 8], [11, 12, 8, 9, 8]]
[[1, 3, 8, 10, 7], [4, 6, 8, 10, 7]]
[[1, 2, 4, 6, 7]]
[[1, 1, 3, 6, 7], [14, 16, 3, 6, 7], [14, 16, 11, 12, 7]]
[]
[[3, 4, 5, 6, 7]]
[[6, 7, 14, 15, 7], [6, 7, 17, 20, 7], [22, 23, 24, 25, 8], [26, 27, 28, 30, 7]]
[[1, 2, 3, 7, 7]]
[[1, 2, 3, 4, 7]]
[[1, 4, 5, 6, 7]]
[[1, 4, 5, 7, 7], [9, 10, 14, 15, 8], [12, 12, 14, 15, 8]]
[[1, 2, 3, 5, 15], [1, 2, 9, 11, 15]]
[[1, 2, 3, 6, 15]]
[[4, 5, 6, 7, 7]]
[[1, 2, 3, 4, 7]]
[[4, 5, 8, 10, 7], [2, 5, 8, 10, 7]]
[[1, 2, 3, 5, 7]]
[[1, 5, 6, 7, 7], [1, 5, 8, 10, 7]]
[[1, 5, 6, 7, 7]]
[[6, 9, 12, 14, 8]]
[[5, 7, 1, 3, 7]]
[[1, 2, 3, 4, 7]]
[[1, 4, 5, 6, 6]]
[[1, 4, 9, 11, 7], [6, 7, 9, 11, 7]]
[[1, 8, 10, 14, 8]]
[[1, 4, 5, 6, 7]]
[[1, 4, 5, 6, 7], [9, 11, 12, 15, 8]]
[[1, 6, 7, 10, 7], [12, 13, 14, 15, 7], [12, 13, 16, 17, 7], [1, 8, 9, 10, 7]]
[[1, 2, 3, 4, 7], [1, 2, 5, 7, 7]]
[[6, 11, 1, 4, 7]]
[[19, 20, 15, 16, 7]]
[[1, 3, 5, 6, 12]]
[[1, 2, 9, 11, 7]]
[[1, 2, 3, 5, 7]]
[[1, 2, 7, 10, 7]]
[[1, 2, 6, 7, 7], [1, 2, 13, 15, 7], [9, 10, 11, 12, 6]]
[[1, 4, 5, 6, 8]]
[[1, 6, 7, 8, 7], [1, 6, 14, 15, 7], [1, 6, 26, 28, 7], [17, 18, 20, 23, 7]]
[[1, 2, 3, 4, 7], [6, 8, 3, 4, 7], [6, 8, 9, 10, 7]]
[[1, 6, 9, 12, 7]]
[[9, 12, 1, 3, 7], [14, 15, 1, 3, 7]]
[[1, 4, 5, 8, 7]]
[[16, 17, 12, 14, 7]]
[[1, 4, 10, 11, 7], [1, 4, 18, 19, 7]]
[[6, 7, 8, 11, 7]]
[[1, 2, 5, 6, 7], [1, 2, 8, 9, 7]]
[[3, 6, 8, 10, 7]]
[[2, 3, 6, 7, 7]]
[[1, 4, 5, 8, 7]]
[[4, 8, 11, 13, 8]]
[[7, 9, 3, 4, 7]]
[[4, 5, 6, 8, 7], [1, 5, 6, 8, 7], [1, 5, 9, 12, 7]]
[[5, 8, 9, 10, 7], [12, 17, 18, 18, 6]]
[[1, 4, 5, 8, 20]]
[[1, 3, 4, 6, 7]]
[[1, 2, 10, 11, 7], [1, 2, 13, 18, 7]]
[[1, 2, 3, 8, 7]]
[[1, 2, 3, 5, 7], [7, 7, 8, 8, 7], [9, 9, 10, 11, 7]]
[[1, 2, 4, 5, 15]]
[[1, 2, 7, 8, 7], [1, 2, 10, 12, 7]]
[[1, 2, 6, 8, 8], [11, 12, 13, 14, 8]]
[[7, 9, 10, 13, 7], [7, 9, 15, 17, 7]]
[[2, 3, 5, 8, 7]]
[[1, 3, 4, 5, 8]]
[[1, 2, 3, 4, 7]]
[[1, 4, 5, 6, 7], [1, 4, 7, 8, 7]]
[[1, 2, 3, 6, 25]]
[[1, 2, 3, 4, 7], [5, 8, 10, 12, 7]]
[[3, 5, 7, 9, 7], [1, 5, 7, 9, 7]]
[[1, 3, 5, 7, 7]]
[[16, 17, 20, 23, 7], [16, 17, 27, 30, 7]]
[[4, 5, 7, 8, 8]]
[[1, 2, 3, 5, 7]]
[[1, 3, 4, 6, 7]]
[[1, 3, 12, 14, 7]]
[[7, 11, 12, 14, 7]]
[[5, 6, 7, 8, 6]]
[[15, 16, 17, 20, 7]]
[[3, 6, 7, 9, 8]]
[[7, 10, 11, 14, 7], [1, 10, 11, 14, 7]]
[[1, 3, 4, 5, 7]]
[[6, 7, 8, 11, 6], [14, 15, 17, 20, 8]]
[[1, 5, 6, 9, 8]]
[[1, 2, 3, 5, 7], [1, 2, 11, 13, 7], [6, 8, 9, 10, 7], [6, 8, 11, 13, 7]]
[[1, 4, 7, 8, 7], [1, 4, 15, 16, 7], [1, 4, 17, 18, 7], [11, 12, 13, 14, 7]]
[[26, 27, 31, 33, 7], [28, 29, 31, 33, 7]]
[[5, 6, 9, 9, 7], [16, 17, 18, 19, 6]]
[[3, 6, 9, 12, 15]]
[[1, 2, 5, 8, 7], [1, 2, 14, 16, 7], [9, 10, 11, 12, 7]]
[[5, 5, 8, 10, 8]]
[[18, 20, 15, 16, 7]]
[[1, 2, 3, 4, 7]]
[[1, 4, 7, 7, 8], [1, 6, 7, 7, 8]]
[[1, 3, 4, 5, 7]]
[[15, 17, 12, 13, 7]]
[[5, 6, 7, 10, 20]]
[[3, 4, 5, 8, 8]]
[[1, 1, 5, 10, 7]]
[[4, 6, 8, 9, 4]]
[[1, 4, 5, 6, 20], [7, 10, 11, 12, 7]]
[[1, 2, 3, 4, 7]]
[[6, 7, 1, 3, 7]]
[[1, 4, 10, 12, 20]]
[[1, 4, 8, 9, 7], [6, 7, 8, 9, 7]]
[[33, 33, 34, 36, 7], [1, 5, 26, 28, 7], [1, 5, 34, 36, 7]]
[[1, 3, 4, 11, 7]]
[[3, 3, 4, 6, 7]]
[[1, 2, 5, 7, 25]]
[[1, 1, 2, 2, 7], [15, 16, 12, 14, 7], [15, 16, 17, 20, 7]]
[[1, 7, 11, 14, 7]]
[[1, 2, 6, 10, 7], [1, 2, 20, 21, 7], [12, 14, 15, 16, 7]]
[[12, 14, 1, 4, 7]]
[[1, 5, 6, 7, 7]]
[[7, 9, 11, 12, 25], [16, 17, 18, 21, 25]]
[[8, 9, 1, 2, 7], [6, 9, 3, 4, 7]]
[[1, 3, 14, 17, 7]]
[[1, 2, 3, 6, 7]]
[[1, 4, 5, 8, 6]]
[[4, 5, 6, 8, 8]]
[[3, 4, 9, 11, 7]]
[[1, 2, 3, 5, 7]]
[[1, 2, 3, 4, 12], [1, 2, 8, 11, 12], [15, 16, 17, 18, 8]]
[[15, 16, 17, 19, 8]]
[[1, 2, 4, 6, 7]]
[[6, 9, 10, 12, 7]]
[[0, 0, 20, 23, 7]]
[[1, 2, 4, 4, 7]]
[[8, 9, 11, 13, 7]]
[[1, 4, 5, 6, 7], [1, 4, 7, 8, 7]]
[[6, 7, 8, 11, 15]]
[[1, 4, 7, 8, 7], [1, 4, 12, 14, 7]]
[[8, 9, 10, 12, 25]]
[[1, 2, 3, 6, 7]]
[[4, 5, 10, 13, 7], [7, 8, 10, 13, 7]]
[[1, 4, 5, 8, 12], [1, 4, 9, 11, 12], [18, 20, 21, 23, 7]]
[[1, 6, 12, 15, 8]]
[[1, 2, 5, 7, 7], [1, 2, 11, 14, 7]]
[[3, 8, 12, 13, 20]]
[[4, 5, 6, 8, 8]]
[[1, 3, 4, 6, 7], [1, 3, 9, 11, 7]]
[[5, 7, 14, 15, 7]]
[[1, 2, 29, 32, 7]]
[[4, 5, 6, 9, 7]]
[[1, 2, 5, 7, 6], [1, 2, 17, 20, 7], [8, 9, 10, 10, 8], [12, 13, 14, 15, 7]]
[[1, 6, 7, 8, 7]]
[[1, 4, 5, 6, 7]]
[[5, 6, 7, 11, 7]]
[[5, 6, 7, 8, 7]]
[[1, 5, 8, 11, 7]]
[[1, 4, 5, 11, 7]]
[[1, 3, 7, 8, 7]]
[[1, 2, 3, 4, 7], [1, 2, 5, 6, 7]]
[[1, 5, 7, 13, 7], [1, 5, 9, 13, 7]]
[[9, 11, 4, 7, 0]]
[[4, 5, 8, 9, 8], [4, 7, 8, 9, 8]]
[[1, 2, 3, 4, 7], [6, 7, 8, 8, 8]]
[[23, 24, 28, 29, 8], [1, 6, 27, 29, 6]]
[[10, 11, 12, 15, 1]]
[[1, 3, 4, 5, 7], [1, 3, 6, 7, 7]]
[[1, 4, 5, 6, 7]]
[[1, 2, 3, 4, 4], [1, 2, 5, 9, 4]]
[[1, 4, 5, 6, 7]]
[[1, 6, 9, 10, 8]]
[[1, 5, 7, 8, 7]]
[[11, 14, 3, 5, 7], [11, 14, 17, 19, 7]]
[[4, 6, 7, 8, 7]]
[[1, 4, 8, 9, 7], [1, 4, 17, 20, 7]]
[[1, 4, 5, 6, 7]]
[[15, 16, 10, 11, 0]]
[[1, 9, 10, 13, 7]]
[[4, 7, 2, 3, 7]]
[[6, 7, 8, 9, 7]]
[[4, 5, 7, 9, 7]]
[[3, 6, 7, 7, 7]]
[[1, 3, 6, 7, 7], [1, 5, 6, 7, 7]]
[[2, 7, 8, 9, 20], [11, 12, 8, 9, 20], [11, 12, 14, 16, 20]]
[[2, 3, 6, 7, 7], [4, 5, 6, 7, 7]]
[[1, 4, 8, 12, 7]]
[[1, 2, 3, 4, 7]]
[[1, 2, 3, 5, 7], [1, 2, 8, 9, 7], [1, 2, 10, 12, 7]]
[[1, 4, 5, 8, 7]]
[[1, 2, 3, 5, 7]]
[[1, 2, 3, 5, 6]]
[[1, 4, 8, 9, 7], [1, 4, 10, 11, 7]]
[[1, 2, 5, 6, 7], [1, 2, 8, 11, 7]]
[[8, 9, 5, 6, 7]]
[[4, 6, 17, 19, 7]]
[[10, 11, 14, 15, 8], [10, 11, 24, 25, 8], [19, 21, 22, 25, 7], [19, 21, 24, 25, 7]]
[[1, 2, 3, 5, 7], [1, 2, 6, 9, 7]]
[[10, 13, 6, 9, 7]]
[[11, 14, 15, 19, 7]]
[[1, 2, 8, 10, 7]]
[[2, 3, 4, 5, 7], [7, 8, 9, 13, 7]]
[[1, 2, 10, 12, 7], [7, 9, 10, 12, 7]]
[[1, 2, 5, 7, 7]]
[[1, 5, 6, 9, 7]]
[[1, 3, 4, 5, 7]]
[[2, 2, 6, 9, 7]]
[[8, 10, 3, 4, 7]]
[[1, 2, 3, 5, 7]]
[[4, 10, 15, 18, 7]]
[]
[[1, 2, 8, 12, 7]]
[[1, 4, 13, 18, 7], [7, 8, 13, 18, 7]]
[[11, 12, 6, 9, 7]]
[[1, 5, 9, 11, 20]]
[[3, 6, 9, 10, 7]]
[]
[[1, 4, 10, 11, 7]]
[[1, 4, 5, 6, 7]]
[[1, 3, 9, 13, 7]]
[[0, 0, 17, 20, 7]]
[[5, 6, 14, 15, 12], [5, 6, 23, 25, 12]]
[[4, 6, 1, 3, 7], [4, 6, 9, 10, 7]]
[[1, 5, 11, 12, 7], [7, 9, 11, 12, 7]]
[[7, 9, 1, 5, 7]]
[[1, 2, 4, 6, 7]]
[[1, 6, 10, 14, 7], [7, 9, 10, 14, 7]]
[[1, 2, 4, 7, 7]]
[[7, 9, 4, 6, 7], [7, 9, 21, 25, 7], [13, 14, 15, 16, 7]]
[[1, 3, 4, 8, 7], [1, 3, 9, 10, 7], [12, 13, 14, 15, 6]]
[[1, 2, 3, 6, 7]]
[[9, 10, 11, 12, 7], [1, 3, 4, 7, 7]]
[[1, 4, 7, 9, 7], [12, 12, 14, 16, 8]]
[[1, 4, 7, 8, 7], [1, 4, 24, 26, 7]]
[[1, 3, 4, 6, 7], [1, 3, 10, 13, 7]]
[[3, 4, 5, 6, 7]]
[[1, 6, 9, 10, 7]]
[[8, 9, 11, 13, 7]]
[[10, 11, 12, 14, 1], [1, 2, 3, 7, 4]]
[[3, 5, 6, 8, 12]]
[[4, 7, 25, 28, 12]]
[[6, 7, 1, 4, 7]]
[[1, 6, 7, 10, 12]]
[[1, 2, 3, 4, 7], [1, 2, 5, 7, 7]]
[[3, 6, 8, 10, 15]]
[[4, 5, 6, 9, 7], [1, 5, 6, 9, 7]]
[[1, 4, 10, 11, 7], [8, 9, 10, 11, 7], [1, 9, 10, 11, 7]]
[[1, 2, 3, 6, 7]]
[[1, 5, 6, 9, 7]]
[[3, 4, 14, 17, 7]]
[[1, 2, 3, 6, 7]]
[[1, 5, 6, 9, 7]]
[[1, 2, 3, 4, 7], [5, 6, 8, 8, 8]]
[[1, 3, 4, 7, 7]]
[[2, 3, 4, 7, 7]]
[[1, 7, 11, 13, 7]]
[[1, 4, 5, 7, 7]]
[[4, 5, 7, 9, 12]]
[[1, 3, 6, 8, 7]]
[[5, 8, 2, 3, 7]]
[[1, 2, 4, 5, 8]]
[]
[[1, 4, 5, 6, 8]]
[[7, 8, 9, 17, 7], [7, 8, 19, 20, 7]]
[[3, 5, 8, 13, 7], [6, 7, 8, 13, 7], [14, 15, 16, 17, 7]]
[[1, 2, 3, 4, 7]]
[[1, 7, 8, 10, 7]]
[[1, 6, 7, 10, 7]]
[[3, 4, 9, 10, 7]]
[[1, 4, 5, 6, 7]]
[[4, 6, 7, 9, 7]]
[[1, 2, 3, 6, 7], [1, 2, 7, 8, 7]]
[[1, 3, 6, 9, 7], [1, 3, 11, 14, 7], [15, 16, 17, 18, 7]]
[[3, 6, 7, 10, 7]]
[[11, 12, 13, 17, 1]]
[[1, 2, 8, 10, 7]]
[[11, 14, 9, 10, 7], [4, 5, 6, 7, 8]]
[[3, 4, 5, 9, 0]]
[[1, 3, 4, 10, 7]]
[[1, 2, 3, 9, 7]]
[[1, 2, 3, 6, 8], [7, 8, 9, 9, 8]]
[[5, 8, 1, 14, 7], [5, 8, 12, 14, 7], [16, 17, 18, 19, 7]]
[[1, 2, 5, 7, 7], [15, 16, 5, 7, 4]]
[[1, 2, 3, 4, 7]]
[[1, 2, 3, 4, 7]]
[[3, 5, 7, 8, 7], [3, 5, 12, 13, 7]]
[[1, 3, 4, 7, 7], [1, 3, 8, 9, 7]]
[[1, 4, 5, 6, 15]]
[[1, 4, 5, 11, 7]]
[[1, 4, 5, 6, 8]]
[[1, 4, 5, 6, 7]]
[[1, 9, 10, 11, 7]]
[[1, 4, 6, 9, 7]]
[[1, 5, 6, 8, 7]]
[[1, 6, 8, 11, 7]]
[[1, 2, 3, 4, 7]]
[[1, 5, 16, 17, 7]]
[[1, 2, 4, 7, 20]]
[[1, 2, 7, 10, 6]]
[[10, 11, 13, 16, 7]]
[[1, 4, 5, 6, 7], [7, 8, 9, 10, 7], [19, 20, 21, 22, 7]]
[[3, 4, 6, 7, 15], [3, 4, 5, 7, 15], [9, 14, 16, 17, 7]]
[[1, 4, 5, 6, 7]]
[[5, 6, 1, 3, 7]]
[[1, 2, 3, 4, 7]]
[[1, 3, 4, 5, 7], [1, 3, 6, 8, 7]]
[[1, 2, 3, 4, 4], [1, 2, 5, 6, 4], [7, 9, 11, 12, 20]]
[[1, 3, 5, 12, 7], [1, 3, 10, 12, 7]]
[[1, 4, 5, 7, 7], [17, 20, 21, 22, 7]]
[[3, 3, 4, 5, 7]]
[[1, 4, 5, 6, 7]]
[[1, 2, 4, 5, 7]]
[[1, 5, 11, 12, 0]]
[[1, 2, 7, 9, 7]]
[[21, 22, 26, 28, 7]]
[[1, 2, 4, 7, 7]]
[[1, 4, 8, 11, 7], [1, 4, 23, 24, 7]]
[[1, 2, 5, 8, 7]]
[[7, 8, 4, 5, 7], [7, 8, 15, 16, 7], [12, 13, 10, 11, 7]]
[[1, 2, 3, 9, 7]]
[[1, 1, 2, 6, 7], [1, 1, 14, 17, 7], [1, 1, 9, 10, 7]]
[[1, 4, 6, 7, 7]]
[[4, 5, 1, 3, 7]]
[[1, 6, 16, 17, 7], [27, 28, 24, 25, 8], [19, 22, 16, 17, 7]]
[[1, 5, 8, 11, 7], [1, 5, 17, 19, 7]]
[[1, 2, 3, 5, 7], [7, 8, 9, 10, 7], [12, 13, 14, 16, 7]]
[[6, 7, 8, 9, 7], [1, 7, 8, 9, 7]]
[[1, 5, 6, 7, 7]]
[[1, 3, 10, 12, 7], [1, 3, 14, 17, 7]]
[[4, 5, 6, 7, 7]]
[[1, 5, 7, 9, 7]]
[[12, 14, 8, 10, 7], [12, 14, 25, 28, 7]]
[[6, 9, 10, 16, 7], [6, 9, 20, 23, 7]]
[[1, 3, 4, 6, 7], [1, 3, 8, 9, 7], [11, 12, 13, 14, 7]]
[[13, 14, 16, 17, 7], [1, 3, 8, 11, 7]]
[[1, 5, 6, 9, 7]]
[[1, 3, 9, 12, 7], [5, 8, 9, 12, 7]]
[[1, 3, 9, 10, 6]]
[[6, 7, 1, 4, 7], [6, 7, 8, 13, 7]]
[[5, 6, 7, 10, 8], [13, 14, 16, 18, 7], [1, 6, 7, 10, 8]]
[[1, 2, 4, 6, 7], [1, 2, 7, 10, 7]]
[[9, 10, 15, 16, 7], [9, 10, 17, 21, 7]]
[[1, 3, 4, 5, 7], [1, 3, 6, 8, 7]]
[[1, 2, 3, 4, 7]]
[[3, 4, 5, 6, 7]]
[[1, 2, 3, 6, 7]]
[[1, 4, 8, 9, 7], [18, 19, 20, 22, 7]]
[[4, 5, 7, 10, 15], [4, 5, 8, 10, 15]]
[[1, 2, 3, 5, 7], [1, 2, 6, 9, 7], [1, 2, 11, 14, 7], [19, 20, 21, 22, 7]]
[[1, 2, 3, 5, 8]]
[[1, 2, 3, 5, 7], [7, 8, 9, 10, 1], [11, 12, 13, 14, 8]]
[[1, 2, 3, 8, 7], [14, 18, 20, 21, 7]]
[[1, 4, 5, 6, 7]]
[[1, 1, 2, 3, 7]]
[[7, 11, 14, 15, 7]]
[[1, 2, 4, 5, 7]]
[[5, 5, 9, 11, 7]]
[[3, 4, 5, 6, 7]]
[[1, 2, 7, 8, 8], [11, 15, 18, 20, 20], [14, 15, 18, 20, 20]]
[[2, 3, 6, 9, 7]]
[[6, 9, 1, 3, 7], [11, 15, 1, 3, 7]]
[[3, 4, 5, 7, 7]]
[[1, 5, 6, 8, 7]]
[[3, 5, 6, 9, 7], [3, 5, 11, 15, 7]]
[[1, 7, 8, 10, 7]]
[[4, 8, 1, 2, 7]]
[[1, 2, 6, 9, 7], [13, 14, 15, 18, 7]]
[[1, 2, 8, 9, 7], [1, 2, 16, 18, 8], [14, 15, 16, 18, 8]]
[[1, 4, 6, 8, 7]]
[[1, 2, 3, 6, 7]]
[[6, 7, 9, 10, 1], [39, 40, 42, 44, 7]]
[[3, 4, 5, 9, 1]]
[[1, 4, 12, 14, 7], [7, 8, 12, 14, 7]]
[[1, 3, 4, 6, 7]]
[[5, 6, 8, 9, 7]]
[[0, 0, 6, 8, 7], [1, 2, 6, 8, 7]]
[[1, 2, 3, 4, 7]]
[[3, 6, 9, 11, 7]]
[[2, 6, 7, 8, 7]]
[[5, 9, 10, 11, 7]]
[[2, 3, 4, 10, 7]]
[[0, 0, 9, 11, 7]]
[[4, 5, 6, 7, 4], [8, 9, 6, 7, 4], [8, 9, 11, 15, 4]]
[[3, 6, 7, 10, 4]]
[[1, 2, 4, 7, 7]]
[[3, 5, 6, 8, 7]]
[[1, 6, 7, 8, 7], [10, 10, 11, 13, 7]]
[[6, 10, 1, 5, 7]]
[[6, 9, 15, 17, 7]]
[[3, 5, 6, 10, 6]]
[[1, 2, 3, 6, 4]]
[[1, 2, 3, 7, 7]]
[[1, 2, 6, 9, 7], [1, 2, 16, 19, 7]]
[[1, 2, 5, 8, 7]]
[[4, 5, 1, 2, 7]]
[[1, 5, 6, 7, 8]]
[[1, 2, 3, 4, 7]]
[[5, 10, 11, 15, 7]]
[[1, 3, 7, 10, 7]]
[[0, 0, 1, 6, 7]]
[[8, 9, 3, 6, 7]]
[[17, 18, 25, 29, 7]]
[[1, 5, 7, 10, 7]]
[[3, 4, 5, 6, 7], [3, 4, 7, 10, 7]]
[[4, 7, 23, 25, 7], [4, 7, 14, 15, 7], [17, 19, 14, 15, 7]]
[[2, 3, 7, 11, 1]]
[[1, 2, 3, 3, 20], [5, 6, 7, 9, 7]]
[[1, 3, 4, 5, 7]]
[[1, 4, 5, 6, 7], [1, 4, 8, 10, 7]]
[[30, 31, 32, 36, 7]]
[[1, 4, 5, 6, 7]]
[[5, 6, 9, 10, 1]]
[[1, 3, 7, 8, 7], [1, 3, 7, 10, 7]]
[[1, 3, 6, 7, 7], [1, 5, 6, 7, 8]]
[[1, 3, 8, 12, 7]]
[[14, 18, 3, 4, 7]]
[[1, 4, 5, 7, 7]]
[[3, 3, 14, 17, 4], [3, 10, 11, 12, 4]]
[[9, 14, 15, 16, 8]]
[[1, 4, 5, 8, 7]]
[[5, 6, 10, 13, 7]]
[[1, 4, 7, 8, 7]]
[[1, 2, 3, 6, 15]]
[[9, 10, 1, 5, 0]]
[[1, 5, 6, 7, 7]]
[[1, 2, 8, 12, 7], [14, 15, 8, 12, 7]]
[[10, 11, 12, 17, 4]]
[[1, 2, 10, 12, 7], [4, 5, 10, 12, 7]]
[[1, 1, 3, 5, 4]]
[[4, 6, 7, 9, 7]]
[[1, 5, 8, 10, 7]]
[[1, 8, 10, 12, 20]]
[[2, 3, 4, 7, 7]]
[[1, 2, 6, 7, 7], [1, 2, 12, 15, 7]]
[[12, 15, 18, 20, 8]]
[[1, 2, 3, 6, 7], [1, 2, 8, 9, 7], [10, 11, 13, 14, 7]]
[[1, 2, 8, 9, 7], [5, 6, 8, 9, 7]]
[[1, 2, 4, 6, 7], [7, 8, 10, 10, 8]]
[[1, 6, 7, 10, 7]]
[[1, 2, 14, 16, 7], [1, 2, 20, 21, 7]]
[[1, 3, 4, 5, 7]]
[[1, 2, 3, 4, 7]]
[[1, 2, 3, 5, 7]]
[[14, 15, 16, 17, 6]]
[[1, 2, 3, 6, 7]]
[[1, 3, 8, 13, 7]]
[[1, 7, 8, 9, 7]]
[[1, 4, 5, 8, 7]]
[]
[[1, 2, 3, 4, 7], [7, 7, 8, 9, 7]]
[[5, 6, 7, 9, 7]]
[[1, 2, 12, 13, 7], [1, 2, 15, 16, 7]]
[[3, 6, 7, 11, 6]]
[[8, 9, 3, 6, 7]]
[[10, 12, 13, 16, 7], [10, 12, 15, 16, 7]]
[[5, 8, 1, 2, 7]]
[[1, 2, 3, 4, 7], [1, 2, 5, 9, 7]]
[[1, 2, 3, 5, 7]]
[[3, 6, 7, 8, 15]]
[[1, 2, 3, 4, 7]]
[[1, 4, 5, 6, 7]]
[[3, 6, 7, 10, 15]]
[[10, 11, 13, 18, 7], [10, 11, 15, 18, 7]]
[[1, 4, 5, 6, 7]]
[[1, 2, 8, 9, 7]]
[[5, 7, 8, 12, 7], [5, 7, 15, 16, 7], [5, 7, 18, 21, 7]]
[[8, 9, 15, 19, 20]]
[[4, 15, 2, 3, 7]]
[[6, 7, 3, 4, 7], [16, 17, 19, 22, 1]]
[[5, 6, 8, 10, 7]]
[[0, 0, 7, 12, 7]]
[[6, 8, 12, 13, 7]]
[[18, 21, 1, 2, 7]]
[[3, 6, 8, 9, 7]]
[[1, 2, 3, 4, 7]]
[[20, 21, 22, 24, 7]]
[[1, 4, 5, 8, 7]]
[[5, 9, 11, 13, 7]]
[[1, 2, 15, 17, 6]]
[[3, 7, 8, 9, 4]]
[[5, 6, 11, 14, 7], [5, 6, 16, 20, 7]]
[[5, 5, 6, 8, 7], [10, 11, 12, 13, 20]]
[[1, 2, 3, 4, 7], [6, 7, 3, 4, 7]]
[[1, 2, 4, 7, 20]]
[[4, 5, 8, 11, 4]]
[[10, 12, 5, 6, 7]]
[[1, 4, 8, 10, 7], [6, 7, 8, 10, 7]]
[[1, 4, 6, 8, 7]]
[[2, 3, 7, 10, 7]]
[[1, 2, 3, 4, 15], [5, 6, 7, 9, 4]]
[[1, 2, 4, 5, 7], [1, 2, 6, 7, 7]]
[[1, 2, 3, 5, 7], [1, 2, 9, 10, 7]]
[[1, 2, 3, 5, 7]]
[[1, 4, 5, 6, 7], [1, 4, 8, 12, 7]]
[[1, 4, 10, 11, 7]]
[[1, 5, 7, 9, 7], [12, 13, 14, 15, 7], [17, 18, 23, 26, 7]]
[[1, 2, 3, 4, 7]]
[[24, 25, 27, 28, 7]]
[[1, 3, 11, 12, 7], [5, 6, 11, 12, 7]]
[[12, 16, 17, 18, 8]]
[]
[[1, 1, 7, 8, 7]]
[[4, 6, 7, 8, 7], [9, 10, 13, 14, 7], [24, 25, 21, 22, 7], [19, 20, 21, 22, 7]]
[[1, 4, 5, 8, 7]]
[[1, 2, 3, 4, 7], [7, 12, 13, 14, 20]]
[[7, 8, 9, 10, 7], [7, 8, 11, 13, 7]]
[[6, 7, 8, 8, 7], [9, 10, 11, 11, 8], [13, 14, 16, 17, 20]]
[[1, 4, 5, 5, 6]]
[[1, 4, 6, 7, 7], [1, 4, 8, 11, 7]]
[[2, 4, 6, 9, 7]]
[[1, 3, 6, 8, 12]]
[[3, 4, 5, 6, 7]]
[[3, 4, 6, 7, 7], [3, 4, 8, 10, 7], [3, 4, 12, 13, 7]]
[[6, 7, 3, 4, 7], [9, 10, 3, 4, 7]]
[[1, 6, 7, 8, 7]]
[[1, 4, 5, 8, 7], [1, 4, 7, 8, 7]]
[]
[[1, 4, 5, 8, 7]]
[[1, 2, 4, 5, 7]]
[[8, 9, 10, 14, 8]]
[[1, 3, 4, 5, 7], [7, 8, 10, 11, 8]]
[]
[[1, 3, 4, 7, 7]]
[[1, 4, 5, 7, 8]]
[[3, 4, 5, 7, 7]]
[[1, 3, 9, 12, 7]]
[[1, 3, 5, 6, 7]]
[[1, 8, 15, 17, 7]]
[[3, 4, 6, 11, 7], [13, 14, 6, 11, 4]]
[[0, 0, 4, 7, 7]]
[[1, 12, 13, 16, 7]]
[[5, 6, 7, 8, 7], [1, 6, 7, 8, 7]]
[[7, 10, 1, 5, 7], [15, 21, 1, 5, 7], [23, 25, 26, 28, 7]]
[[7, 9, 13, 15, 7], [11, 11, 13, 15, 7]]
[[5, 6, 7, 8, 7]]
[[4, 6, 7, 10, 7]]
[[1, 2, 7, 9, 7], [1, 2, 11, 14, 7], [1, 2, 23, 26, 7]]
[[1, 2, 3, 4, 7], [1, 2, 7, 8, 8]]
[[4, 5, 6, 9, 7]]
[[1, 3, 4, 6, 7], [1, 3, 8, 10, 7]]
[[6, 7, 3, 4, 7]]
[[5, 6, 7, 11, 7]]
[[0, 0, 12, 14, 4]]
[[1, 5, 6, 7, 7]]
[[1, 3, 4, 5, 7], [1, 3, 16, 18, 7], [13, 15, 8, 11, 7]]
[[1, 2, 3, 8, 15]]
[[1, 6, 7, 10, 7], [1, 6, 19, 20, 7]]
[[1, 4, 5, 11, 20], [1, 4, 10, 11, 20]]
[[1, 5, 6, 10, 7]]
[[1, 4, 5, 6, 7]]
[[21, 22, 23, 29, 7]]
[[3, 3, 4, 7, 7]]
[[9, 12, 14, 15, 7]]
[[1, 3, 6, 8, 7]]
[[1, 4, 5, 6, 20]]
[[1, 3, 4, 5, 7], [1, 3, 6, 7, 7], [1, 3, 16, 18, 7]]
[]
[[1, 5, 6, 9, 7], [1, 5, 8, 9, 7]]
[[13, 13, 17, 20, 7], [1, 2, 8, 9, 7]]
[[1, 7, 9, 12, 7]]
[[1, 6, 7, 10, 7], [1, 6, 11, 12, 7]]
[[1, 2, 7, 10, 7]]
[[1, 3, 4, 5, 7]]
[[1, 4, 8, 11, 7], [6, 7, 8, 11, 7]]
[[5, 8, 9, 10, 7]]
[[1, 2, 9, 10, 7], [4, 5, 9, 10, 7]]
[[6, 6, 9, 11, 7], [6, 6, 14, 17, 7]]
[[1, 4, 7, 9, 7]]
[[1, 1, 5, 7, 7]]
[[4, 5, 1, 3, 7], [4, 5, 7, 8, 7]]
[[11, 13, 18, 20, 7], [16, 17, 18, 20, 7]]
[[1, 4, 6, 7, 20]]
[[1, 4, 5, 7, 7]]
[[1, 3, 4, 6, 7]]
[[1, 8, 18, 22, 7]]
[[6, 12, 1, 3, 7]]
[[6, 7, 8, 9, 7], [1, 7, 8, 9, 7]]
[[1, 3, 7, 9, 12]]
[[1, 5, 9, 10, 7], [1, 5, 11, 13, 7]]
[[6, 7, 1, 4, 7], [6, 7, 8, 10, 7]]
[[1, 2, 3, 4, 7], [1, 2, 6, 7, 7]]
[[6, 12, 1, 3, 7]]
[[1, 2, 3, 5, 15]]
[[3, 6, 7, 8, 8]]
[[1, 6, 7, 10, 7], [1, 6, 11, 12, 7]]
[[1, 2, 3, 6, 7]]
[[1, 2, 3, 6, 7]]
[[1, 6, 7, 8, 7]]
[[1, 4, 5, 5, 7]]
[[6, 11, 1, 2, 7]]
[[7, 8, 10, 11, 7]]
[[1, 5, 6, 8, 7]]
[[1, 2, 7, 8, 7]]
[[1, 3, 8, 9, 7], [1, 3, 14, 17, 7], [1, 3, 19, 22, 7]]
[[1, 2, 4, 6, 7]]
[[6, 9, 10, 12, 12]]
[[4, 8, 10, 17, 7]]
[[1, 2, 5, 6, 7], [8, 9, 10, 13, 7]]
[[5, 6, 3, 4, 7], [8, 9, 10, 11, 7], [19, 21, 25, 26, 7]]
[[1, 2, 6, 9, 7], [1, 4, 6, 9, 7]]
[[1, 2, 3, 4, 7]]
[[1, 5, 9, 10, 7], [14, 15, 18, 21, 7]]
[[20, 21, 22, 23, 8]]
[[0, 0, 1, 4, 7], [0, 0, 6, 7, 7]]
[[1, 4, 5, 6, 7]]
[[1, 2, 3, 4, 7]]
[[1, 5, 6, 7, 8]]
[[1, 3, 7, 9, 7], [5, 6, 7, 9, 7]]
[[5, 8, 9, 10, 7], [5, 6, 11, 12, 7]]
[[1, 4, 6, 7, 7]]
[[3, 5, 10, 11, 7]]
[[9, 12, 13, 16, 7]]
[[11, 13, 5, 6, 7]]
[[3, 6, 8, 10, 20]]
[[1, 5, 6, 9, 7]]
[[6, 7, 8, 9, 7]]
[[1, 4, 11, 12, 7], [1, 4, 13, 15, 7], [1, 4, 19, 21, 7]]
[[7, 8, 12, 15, 4]]
[[8, 9, 1, 4, 7], [8, 9, 11, 15, 7], [8, 9, 18, 20, 7], [8, 9, 26, 28, 7], [8, 9, 29, 30, 7], [22, 23, 26, 28, 7], [22, 23, 29, 30, 7]]
[[1, 2, 3, 6, 7]]
[[3, 4, 7, 8, 8], [3, 4, 13, 15, 7], [3, 4, 16, 19, 7], [20, 21, 22, 23, 7], [3, 6, 7, 8, 8]]
[[1, 6, 7, 10, 7]]
[[1, 5, 7, 9, 7]]
[[22, 23, 17, 18, 7]]
[[1, 5, 7, 8, 8]]
[[6, 7, 3, 4, 7]]
[[7, 12, 3, 6, 7]]
[[1, 5, 6, 8, 7]]
[[1, 3, 5, 8, 7], [1, 6, 7, 8, 7]]
[[1, 4, 8, 11, 7], [1, 4, 17, 18, 7]]
[[3, 4, 21, 24, 7]]
[[4, 5, 10, 12, 15], [7, 8, 10, 12, 7]]
[[1, 2, 3, 5, 7]]
[[3, 7, 11, 13, 7]]
[[1, 5, 6, 7, 6]]
[[4, 7, 8, 9, 12]]
[[1, 6, 10, 12, 20], [3, 6, 10, 12, 20]]
[[4, 6, 8, 10, 25]]
[[1, 2, 3, 6, 7]]
[[1, 2, 3, 4, 7]]
[[1, 5, 8, 10, 12], [1, 5, 12, 14, 12]]
[[1, 4, 5, 8, 7]]
[[1, 2, 3, 6, 7]]
[[1, 4, 20, 23, 7]]
[[1, 4, 8, 9, 7]]
[[1, 2, 3, 6, 7]]
[[3, 4, 5, 6, 6], [3, 4, 7, 9, 7]]
[[1, 4, 5, 6, 7], [1, 4, 7, 9, 7]]
[[3, 4, 14, 16, 7]]
[[1, 8, 9, 12, 20]]
[[2, 4, 6, 9, 7]]
[[10, 11, 7, 8, 7], [10, 11, 12, 13, 7]]
[[7, 8, 9, 10, 20]]
[[8, 10, 3, 6, 7]]
[[4, 6, 7, 10, 7]]
[[1, 2, 3, 5, 7]]
[[1, 1, 5, 7, 7]]
[[5, 8, 1, 2, 7]]
[[1, 2, 4, 5, 1]]
[[1, 4, 5, 7, 7]]
[[1, 2, 3, 4, 7]]
[[7, 9, 4, 5, 8]]
[[1, 5, 7, 9, 7], [1, 5, 16, 19, 7]]
[[1, 2, 5, 7, 7]]
[[13, 14, 9, 11, 7]]
[[1, 2, 3, 5, 7]]
[[1, 5, 6, 7, 7]]
[[1, 6, 21, 24, 7]]
[]
[[1, 2, 10, 11, 7]]
[[3, 4, 7, 10, 7], [3, 4, 12, 15, 7]]
[[1, 5, 7, 11, 7]]
[]
[[11, 12, 13, 16, 7]]
[[1, 2, 6, 9, 7]]
[[7, 8, 9, 10, 7]]
[[1, 2, 4, 8, 7]]
[[3, 4, 5, 8, 7]]
[[9, 10, 11, 14, 7], [15, 16, 17, 18, 7]]
[]
[[13, 14, 17, 18, 7]]
[[1, 2, 9, 11, 7], [4, 7, 9, 11, 7]]
[[1, 8, 9, 11, 7]]
[[1, 2, 4, 5, 7]]
[[1, 2, 3, 4, 7]]
[[1, 4, 10, 10, 8], [6, 8, 10, 10, 8]]
[[1, 3, 4, 7, 7]]
[]
[[1, 7, 11, 12, 20], [1, 7, 14, 17, 20]]
[[10, 11, 1, 4, 7], [10, 11, 7, 8, 7]]
[[1, 3, 7, 9, 7], [1, 3, 7, 8, 7]]
[[1, 4, 18, 19, 7]]
[[1, 2, 13, 16, 4]]
[[4, 7, 1, 2, 4], [4, 7, 9, 13, 4]]
[[2, 5, 6, 8, 20], [10, 13, 14, 15, 20]]
[[1, 5, 6, 9, 7]]
[[1, 2, 3, 6, 7], [10, 11, 17, 18, 7]]
[]
[[33, 36, 25, 30, 7]]
[[1, 2, 3, 8, 7]]
[[1, 2, 3, 4, 7]]
[[1, 4, 5, 7, 7], [1, 4, 10, 12, 7]]
[[1, 2, 4, 6, 7], [10, 11, 13, 17, 1]]
[[4, 9, 10, 11, 20], [4, 9, 12, 15, 20]]
[[3, 6, 15, 17, 7], [9, 12, 15, 17, 7]]
[[3, 4, 10, 11, 4]]
[[1, 3, 4, 6, 7]]
[[9, 12, 15, 19, 7]]
[[1, 7, 8, 9, 7], [11, 14, 15, 17, 7]]
[[12, 13, 14, 15, 7], [16, 17, 18, 19, 7]]
[[1, 5, 6, 7, 6], [8, 9, 6, 7, 7], [8, 9, 11, 12, 7]]
[[4, 5, 8, 9, 7]]
[[3, 4, 6, 8, 20]]
[[1, 4, 13, 14, 7]]
[[2, 4, 5, 7, 7], [2, 4, 10, 14, 7]]
[[1, 2, 14, 15, 7]]
[[4, 5, 7, 8, 7], [1, 5, 7, 8, 7]]
[[1, 4, 5, 6, 7]]
[[1, 2, 3, 6, 7], [1, 2, 7, 8, 7], [1, 2, 10, 11, 7], [1, 2, 12, 16, 7]]
[[8, 9, 15, 17, 8]]
[[11, 12, 13, 16, 7], [1, 5, 6, 9, 7]]
[[1, 2, 3, 4, 7], [1, 2, 5, 6, 7]]
[[1, 5, 6, 9, 7]]
[[1, 5, 9, 10, 7]]
[[0, 0, 1, 4, 4]]
[[1, 3, 4, 6, 7]]
[[1, 5, 7, 10, 7]]
[[1, 2, 3, 4, 7], [5, 5, 9, 10, 7]]
[[5, 8, 9, 10, 7]]
[[6, 7, 1, 2, 7]]
[[6, 7, 8, 9, 7], [10, 11, 12, 13, 7], [1, 7, 8, 9, 7]]
[[1, 4, 5, 5, 7]]
[[1, 2, 3, 4, 7], [6, 7, 8, 10, 15]]
[[6, 7, 8, 9, 6], [3, 7, 8, 9, 6]]
[[1, 7, 11, 12, 7]]
[[1, 2, 4, 7, 1], [9, 10, 11, 12, 20]]
[[6, 10, 11, 14, 7]]
[[1, 8, 9, 10, 7]]
[[9, 10, 11, 14, 15]]
[[1, 2, 4, 5, 7], [1, 2, 8, 9, 7]]
[[3, 6, 8, 13, 7], [15, 16, 17, 18, 8]]
[[1, 4, 5, 8, 7], [1, 4, 9, 12, 7], [1, 4, 18, 19, 7], [1, 4, 20, 23, 7]]
[[1, 3, 7, 10, 7]]
[[1, 7, 8, 9, 7]]
[[1, 2, 3, 4, 7]]
[[12, 14, 21, 22, 7]]
[[1, 4, 5, 6, 7], [8, 8, 9, 10, 8], [1, 8, 9, 10, 7]]
[[3, 4, 14, 15, 6]]
[[5, 6, 1, 3, 4], [5, 6, 19, 23, 7]]
[[4, 5, 6, 9, 7]]
[[0, 0, 19, 22, 7]]
[[1, 4, 5, 6, 8]]
[[1, 2, 3, 4, 7]]
[[0, 0, 3, 5, 7]]
[[4, 6, 7, 9, 7]]
[[1, 2, 4, 5, 7], [1, 2, 17, 20, 7], [8, 8, 13, 14, 7]]
[[4, 5, 6, 9, 7]]
[[1, 5, 7, 9, 7], [12, 13, 16, 17, 7]]
[[1, 3, 4, 6, 7], [1, 3, 8, 9, 7], [1, 3, 17, 20, 7], [25, 26, 21, 23, 7]]
[[1, 4, 21, 22, 7]]
[[2, 6, 7, 10, 8]]
[[1, 2, 6, 7, 7], [1, 2, 8, 10, 7]]
[[1, 4, 5, 7, 7], [1, 4, 8, 9, 7]]
[[1, 11, 12, 16, 7]]
[[3, 4, 5, 9, 7]]
[[0, 0, 1, 2, 7]]
[[1, 10, 11, 14, 7]]
[[1, 2, 3, 4, 7], [6, 8, 3, 4, 7], [6, 8, 13, 16, 7]]
[[1, 3, 9, 13, 7], [6, 7, 9, 13, 7]]
[[6, 7, 10, 13, 7]]
[[1, 4, 10, 11, 7]]
[[1, 4, 6, 7, 7]]
[[4, 5, 7, 9, 7], [13, 14, 11, 12, 7]]
[[1, 4, 7, 10, 15]]
[[3, 5, 13, 15, 7]]
[[9, 10, 4, 7, 15]]
[[1, 5, 6, 7, 7]]
[[1, 2, 4, 6, 7]]
[[11, 12, 14, 16, 7]]
[[6, 10, 11, 13, 12], [6, 10, 14, 16, 7]]
[[11, 12, 13, 14, 7], [11, 12, 15, 20, 7], [6, 7, 8, 9, 7]]
[[1, 4, 5, 7, 7]]
[[3, 4, 5, 6, 7], [3, 4, 8, 9, 7], [3, 4, 19, 20, 7]]
[[1, 5, 12, 14, 7]]
[[1, 4, 6, 7, 8]]
[[1, 6, 20, 22, 6]]
[[19, 21, 9, 11, 7], [19, 21, 16, 17, 7]]
[[1, 2, 3, 7, 7], [1, 2, 9, 10, 7]]
[[1, 3, 4, 10, 7]]
[[6, 8, 9, 11, 7], [1, 8, 9, 11, 7]]
[[9, 10, 1, 5, 7]]
[[3, 3, 4, 5, 7]]
[[1, 2, 3, 4, 7], [10, 11, 12, 15, 7], [26, 29, 30, 31, 7]]
[[5, 7, 29, 34, 7], [8, 9, 10, 11, 8], [13, 14, 15, 16, 7]]
[[1, 4, 5, 6, 7], [1, 4, 8, 10, 7], [12, 13, 14, 16, 7]]
[[1, 4, 5, 6, 7]]
[[1, 2, 3, 4, 7]]
[[5, 6, 7, 8, 8], [1, 6, 7, 8, 8]]
[[3, 4, 5, 6, 7], [10, 11, 12, 12, 8], [14, 15, 16, 17, 7]]
[[3, 6, 8, 9, 15], [1, 6, 8, 9, 15]]
[[1, 2, 3, 6, 7]]
[[1, 4, 5, 8, 7], [1, 4, 7, 8, 7]]
[[1, 2, 3, 4, 7], [1, 2, 5, 6, 7], [11, 12, 13, 16, 7]]
[[4, 6, 7, 8, 8]]
[[1, 2, 8, 10, 7]]
[[1, 2, 9, 12, 7]]
[[1, 5, 6, 7, 7]]
[[1, 5, 6, 8, 7]]
[[4, 6, 7, 9, 7]]
[[3, 9, 1, 2, 7]]
[[1, 2, 3, 4, 7]]
[[3, 7, 8, 10, 7]]
[[1, 3, 4, 5, 7]]
[[1, 2, 7, 8, 6], [1, 2, 9, 10, 12], [1, 2, 11, 12, 12], [1, 2, 13, 14, 12]]
[[5, 9, 13, 17, 7]]
[[1, 2, 3, 5, 7]]
[[1, 3, 8, 9, 7]]
[[1, 5, 7, 10, 7]]
[[1, 4, 5, 8, 8]]
[[1, 6, 9, 11, 7], [13, 14, 15, 16, 7]]
[[1, 2, 4, 6, 7]]
[[1, 2, 7, 11, 7]]
[[8, 9, 10, 11, 7], [8, 9, 12, 14, 7]]
[[3, 4, 5, 7, 7], [3, 4, 8, 12, 7]]
[[3, 4, 5, 6, 15]]
[[1, 2, 4, 5, 7]]
[[1, 2, 4, 6, 1]]
[[6, 7, 2, 4, 7], [6, 7, 19, 22, 7]]
[[1, 7, 8, 9, 7]]
[[1, 4, 5, 6, 7]]
[[1, 2, 5, 8, 7]]
[[0, 0, 4, 6, 7]]
[[5, 8, 10, 12, 7]]
[[1, 4, 5, 7, 4]]
[[1, 3, 4, 5, 7], [13, 14, 15, 16, 8]]
[]
[[4, 5, 6, 10, 7], [4, 5, 11, 13, 7]]
[[1, 4, 5, 7, 7], [1, 4, 8, 11, 7]]
[[1, 2, 5, 6, 7], [7, 8, 9, 12, 7]]
[[1, 4, 5, 7, 7]]
[[5, 8, 9, 11, 15]]
[[1, 2, 6, 8, 7], [1, 2, 12, 15, 7]]
[[12, 13, 4, 7, 7], [12, 13, 9, 10, 7], [12, 13, 23, 26, 7]]
[[3, 4, 10, 11, 7], [3, 4, 14, 18, 7]]
[[3, 4, 5, 9, 7]]
[[1, 2, 5, 7, 7]]
[[1, 3, 7, 8, 7], [10, 11, 12, 13, 7], [14, 15, 16, 17, 7]]
[[1, 2, 5, 6, 7]]
[[1, 4, 5, 8, 7]]
[[1, 4, 5, 9, 7]]
[[5, 6, 7, 9, 7]]
[[1, 2, 6, 7, 7], [1, 2, 8, 9, 7]]
[[9, 10, 14, 16, 7], [11, 12, 14, 16, 7], [9, 12, 14, 16, 7]]
[[13, 16, 17, 20, 7]]
[[1, 3, 4, 6, 7], [1, 3, 8, 11, 7]]
[[5, 6, 2, 3, 7], [5, 6, 7, 8, 7]]
[[1, 3, 8, 12, 7]]
[[1, 4, 5, 6, 7]]
[[1, 3, 4, 7, 7], [1, 3, 8, 9, 7]]
[[3, 6, 7, 19, 7]]
[[4, 5, 7, 10, 8]]
[[9, 10, 4, 6, 7]]
[[1, 5, 6, 7, 7]]
[[4, 5, 6, 9, 7]]
[[4, 6, 12, 13, 7]]
[[1, 5, 6, 9, 7]]
[[4, 12, 13, 16, 7], [18, 19, 20, 21, 7], [22, 23, 20, 21, 7], [22, 23, 25, 27, 7]]
[[1, 2, 3, 4, 7], [6, 7, 8, 9, 7]]
[[9, 11, 12, 15, 7]]
[[1, 2, 4, 6, 7]]
[[4, 5, 7, 9, 7]]
[[1, 2, 3, 4, 7]]
[[9, 10, 11, 12, 8]]
[[1, 5, 12, 16, 8]]
[[1, 3, 4, 11, 7], [13, 14, 15, 15, 7], [16, 17, 19, 20, 7]]
[[1, 2, 3, 5, 7]]
[[1, 5, 6, 7, 8]]
[[1, 2, 4, 6, 7], [1, 2, 16, 17, 7]]
[[1, 5, 7, 8, 7], [1, 5, 17, 21, 7], [1, 5, 27, 28, 7]]
[[1, 2, 7, 10, 8], [1, 4, 7, 10, 8]]
[[1, 4, 5, 6, 6]]
[[0, 0, 1, 3, 7]]
[[3, 4, 5, 11, 1]]
[[1, 2, 5, 8, 7]]
[[0, 0, 3, 4, 7]]
[[3, 4, 7, 8, 7]]
[[1, 2, 4, 6, 7], [1, 2, 11, 13, 7]]
[[5, 7, 9, 10, 4]]
[[1, 2, 4, 5, 7]]
[[1, 6, 12, 15, 12]]
[[1, 4, 5, 9, 7]]
[[5, 7, 2, 3, 7], [5, 7, 16, 19, 7]]
[[8, 9, 10, 12, 7]]
[[1, 4, 5, 10, 7]]
[[1, 5, 6, 8, 7]]
[[1, 2, 4, 7, 7]]
[[0, 0, 17, 20, 7]]
[[5, 6, 7, 8, 15]]
[[1, 2, 3, 6, 7], [1, 2, 8, 9, 7]]
[[1, 2, 3, 5, 15]]
[[0, 0, 6, 9, 7], [1, 2, 6, 9, 7], [11, 12, 14, 16, 6]]
[[16, 17, 18, 19, 7], [25, 28, 29, 30, 7]]
[[1, 2, 3, 4, 7], [7, 8, 9, 10, 7]]
[[3, 4, 6, 7, 7]]
[[3, 4, 8, 10, 7]]
[[1, 5, 6, 9, 7]]
[[1, 3, 4, 8, 7]]
[[1, 3, 4, 6, 7]]
[[1, 6, 8, 10, 8]]
[[1, 2, 5, 6, 7]]
[[1, 4, 8, 9, 7], [5, 7, 8, 9, 7], [12, 13, 17, 19, 7]]
[[4, 5, 6, 9, 7]]
[[3, 4, 7, 7, 7]]
[[1, 2, 3, 6, 7]]
[[1, 4, 6, 7, 7], [1, 4, 9, 11, 7], [12, 12, 14, 14, 8]]
[[1, 2, 3, 7, 7]]
[[4, 5, 6, 8, 7]]
[[1, 4, 11, 14, 15], [6, 9, 11, 14, 20]]
[[6, 6, 7, 10, 7], [12, 14, 15, 18, 7]]
[[2, 3, 9, 11, 8]]
[[1, 4, 7, 9, 7]]
[[1, 5, 6, 7, 7], [1, 5, 18, 19, 7], [1, 5, 21, 22, 7], [16, 17, 18, 19, 7]]
[[1, 4, 7, 10, 7]]
[[4, 5, 6, 8, 15], [4, 5, 9, 10, 15]]
[[1, 5, 8, 11, 7]]
[[1, 4, 14, 15, 7]]
[[0, 0, 3, 9, 7]]
[[1, 7, 8, 9, 7]]
[[9, 15, 16, 19, 7]]
[[1, 3, 4, 6, 4]]
[[4, 5, 6, 9, 7]]
[[1, 7, 8, 9, 7]]
[[1, 7, 8, 9, 7]]
[[1, 7, 9, 13, 7]]
[[1, 2, 7, 10, 7]]
[[9, 10, 11, 12, 8], [16, 17, 18, 19, 7]]
[[1, 4, 11, 12, 7], [5, 6, 7, 8, 7]]
[[1, 5, 6, 7, 7]]
[[3, 4, 5, 9, 7]]
[[1, 4, 5, 6, 7], [1, 4, 8, 8, 7], [10, 12, 13, 16, 7]]
[[4, 5, 6, 7, 7], [9, 10, 11, 12, 7], [9, 10, 13, 15, 7], [1, 5, 6, 7, 7]]
[[1, 5, 6, 7, 8]]
[[1, 2, 3, 4, 7]]
[[1, 2, 11, 14, 7], [8, 9, 11, 14, 7]]
[[8, 9, 11, 12, 7]]
[[2, 2, 8, 10, 7]]
[[1, 4, 19, 21, 7]]
[[11, 12, 13, 16, 7]]
[[1, 2, 4, 6, 7]]
[[1, 3, 4, 5, 6], [1, 3, 17, 18, 8], [12, 15, 17, 18, 8]]
[[1, 3, 15, 18, 7]]
[[1, 2, 5, 7, 7], [1, 2, 16, 20, 7]]
[[1, 3, 4, 5, 7]]
[[1, 4, 5, 7, 8], [13, 14, 15, 16, 7]]
[[1, 4, 5, 7, 7]]
[[1, 3, 6, 7, 7], [1, 3, 9, 12, 7]]
[[1, 3, 6, 7, 7], [12, 13, 20, 23, 15]]
[[1, 2, 17, 19, 12]]
[[1, 2, 16, 19, 4]]
[[8, 9, 5, 6, 7]]
[[1, 2, 5, 6, 7]]
[[9, 10, 14, 16, 7]]
[[1, 4, 5, 7, 20]]
[[1, 3, 8, 9, 7], [1, 3, 13, 17, 7], [19, 20, 25, 26, 7]]
[[4, 5, 7, 8, 7], [14, 15, 17, 18, 7]]
[[1, 5, 6, 9, 7]]
[[1, 2, 8, 9, 7]]
[[1, 2, 6, 8, 7]]
[[1, 2, 4, 5, 1]]
[[1, 6, 7, 10, 7]]
[[4, 6, 9, 10, 7], [4, 6, 17, 18, 7], [4, 6, 19, 21, 7], [7, 8, 9, 10, 7]]
[[8, 9, 10, 11, 7]]
[[1, 2, 5, 6, 7], [1, 2, 11, 14, 7], [1, 2, 21, 22, 7], [18, 20, 21, 22, 7]]
[[1, 2, 4, 5, 7], [14, 15, 16, 17, 8]]
[[1, 2, 3, 7, 7]]
[[1, 5, 8, 9, 7]]
[[12, 16, 7, 8, 7]]
[[11, 12, 8, 9, 7]]
[[1, 4, 5, 7, 7]]
[[4, 5, 6, 11, 7]]
[[1, 2, 5, 8, 7]]
[[7, 8, 10, 12, 7]]
[[1, 2, 3, 4, 7]]
[[1, 3, 6, 8, 7]]
[[1, 2, 3, 6, 7]]
[]
[[1, 7, 10, 11, 7], [1, 7, 17, 18, 7], [13, 14, 10, 11, 7], [13, 14, 17, 18, 7]]
[]
[[1, 2, 6, 8, 7], [1, 2, 19, 20, 7], [11, 14, 15, 17, 7]]
[[8, 9, 10, 13, 7]]
[[1, 1, 9, 11, 8], [4, 5, 9, 11, 8]]
[[1, 8, 9, 12, 7], [6, 8, 9, 12, 7]]
[[14, 17, 7, 8, 7]]
[[2, 4, 5, 7, 7]]
[[1, 5, 6, 9, 7], [1, 7, 8, 9, 7]]
[[1, 3, 7, 8, 7], [5, 6, 7, 8, 7]]
[[6, 10, 13, 16, 7]]
[[1, 6, 7, 7, 6]]
[[1, 3, 4, 7, 7]]
[[1, 3, 6, 7, 20], [14, 17, 18, 20, 20]]
[[1, 4, 5, 11, 8]]
[[6, 9, 1, 4, 7], [12, 16, 17, 18, 7], [25, 26, 27, 28, 1]]
[[1, 2, 10, 12, 7]]
[[15, 16, 11, 13, 7], [18, 19, 11, 13, 20]]
[[1, 4, 5, 6, 8]]
[[1, 2, 3, 6, 7], [8, 9, 10, 13, 7]]
[[1, 5, 6, 7, 8]]
[[5, 6, 1, 3, 7]]
[[1, 2, 4, 6, 7]]
[[1, 3, 18, 19, 7], [15, 15, 18, 19, 7]]
[[1, 2, 3, 5, 7]]
[[1, 2, 10, 11, 12], [1, 2, 13, 16, 12]]
[[15, 17, 25, 26, 7]]
[[1, 2, 7, 9, 7], [4, 5, 7, 9, 7]]
[[1, 5, 6, 7, 7]]
[[8, 9, 10, 11, 1]]
[[1, 2, 3, 5, 7]]
[]
[[2, 3, 4, 7, 7]]
[[1, 4, 5, 6, 7]]
[[1, 4, 5, 7, 7]]
[[4, 6, 8, 10, 7], [4, 6, 11, 12, 7]]
[[1, 2, 4, 6, 7]]
[[11, 12, 8, 9, 7]]
[[8, 11, 12, 15, 20]]
[[3, 4, 8, 10, 7]]
[[5, 6, 7, 8, 7], [1, 6, 7, 8, 7]]
[[1, 2, 4, 5, 7], [8, 11, 12, 13, 20]]
[[1, 2, 3, 5, 7]]
[[1, 4, 5, 6, 7], [1, 4, 8, 11, 7]]
[[1, 2, 3, 4, 7], [1, 2, 6, 8, 7]]
[[3, 7, 1, 2, 7]]
[[1, 4, 10, 13, 7]]
[[1, 4, 6, 8, 7], [10, 14, 16, 17, 20]]
[[1, 4, 20, 26, 7]]
[[3, 6, 7, 10, 15]]
[[1, 2, 3, 5, 8]]
[[3, 6, 7, 7, 8], [3, 6, 9, 10, 8]]
[[1, 2, 3, 4, 7], [1, 2, 5, 6, 7], [1, 2, 8, 8, 7]]
[[6, 7, 8, 9, 7]]
[[2, 5, 7, 9, 7]]
[[1, 2, 11, 13, 7]]
[[1, 2, 7, 9, 4]]
[[1, 2, 3, 6, 7]]
[[1, 4, 14, 17, 7], [1, 4, 39, 41, 7]]
[[6, 6, 12, 14, 7]]
[[1, 2, 4, 5, 7], [1, 2, 6, 12, 7]]
[[1, 2, 3, 4, 7], [1, 2, 5, 6, 7]]
[[1, 2, 3, 6, 7]]
[[1, 2, 6, 9, 7], [10, 11, 13, 13, 7]]
[[1, 4, 8, 11, 6], [14, 16, 18, 19, 7]]
[[3, 4, 6, 9, 1]]
[[10, 12, 6, 8, 12]]
[[4, 7, 10, 13, 7]]
[[14, 16, 9, 12, 12]]
[[1, 2, 3, 4, 7]]
[[6, 7, 8, 9, 7], [6, 7, 10, 12, 7]]
[[1, 3, 4, 7, 7]]
[[4, 8, 10, 12, 7]]
[[1, 7, 8, 9, 7]]
[[13, 14, 15, 18, 7], [5, 6, 9, 11, 7]]
[[6, 10, 11, 14, 12]]
[[1, 4, 6, 7, 7], [1, 4, 10, 11, 7]]
[[3, 6, 7, 8, 20]]
[[1, 2, 5, 7, 7]]
[[1, 2, 5, 6, 7], [1, 2, 7, 8, 7], [1, 2, 10, 14, 7]]
[[5, 6, 7, 10, 7]]
[[3, 5, 9, 11, 7], [3, 5, 13, 16, 7]]
[[1, 4, 20, 21, 7]]
[[1, 2, 3, 4, 7], [1, 2, 7, 10, 7], [1, 2, 12, 14, 7]]
[[1, 4, 5, 6, 7]]
[[1, 3, 4, 7, 7]]
[[1, 5, 7, 11, 7]]
[[1, 3, 13, 16, 7]]
[[1, 6, 11, 12, 7], [8, 9, 11, 12, 7]]
[[1, 2, 6, 9, 7], [14, 15, 16, 19, 7]]
[[1, 2, 3, 6, 7], [1, 2, 3, 4, 7], [8, 9, 10, 11, 7]]
[[3, 3, 4, 6, 7]]
[[1, 4, 7, 10, 7]]
[[1, 4, 8, 11, 7]]
[]
[[1, 3, 6, 8, 7]]
[[3, 4, 5, 8, 7]]
[[1, 4, 5, 7, 7]]
[[1, 3, 6, 7, 7], [11, 12, 15, 18, 6]]
[[1, 5, 7, 9, 7]]
[[1, 5, 9, 11, 8]]
[[4, 5, 6, 8, 7]]
[[6, 7, 3, 4, 7]]
[[1, 2, 3, 5, 7]]
[[3, 6, 7, 8, 7]]
[[1, 3, 4, 6, 7]]
[[1, 8, 9, 10, 7]]
[[7, 12, 1, 3, 7]]
[[1, 3, 4, 5, 8]]
[[5, 7, 8, 10, 7]]
[[1, 2, 6, 7, 7]]
[[4, 11, 12, 13, 12], [9, 11, 12, 13, 7], [1, 2, 15, 17, 12]]
[[9, 10, 12, 16, 7]]
[[1, 6, 7, 8, 7]]
[[3, 6, 7, 11, 12]]
[[1, 3, 13, 18, 7], [8, 10, 13, 18, 7]]
[[1, 7, 8, 10, 7], [12, 15, 16, 17, 8]]
[[2, 8, 9, 14, 6]]
[[1, 5, 12, 14, 15]]
[[1, 3, 5, 7, 20]]
[[4, 5, 6, 7, 7]]
[[1, 3, 4, 5, 7]]
[[1, 4, 5, 8, 4]]
[[1, 4, 7, 8, 7]]
[[1, 2, 5, 6, 7], [1, 4, 5, 6, 7]]
[[1, 2, 3, 4, 7]]
[[8, 9, 11, 12, 7]]
[[3, 4, 5, 9, 25]]
[[1, 2, 3, 4, 7]]
[[8, 8, 10, 12, 7]]
[[1, 5, 9, 11, 7]]
[[1, 4, 11, 12, 7]]
[[4, 6, 8, 10, 7]]
[[1, 2, 3, 5, 7]]
[[1, 2, 4, 5, 1]]
[[1, 5, 6, 7, 7], [1, 5, 8, 10, 7]]
[[1, 5, 6, 7, 7]]
[[1, 4, 5, 6, 8]]
[[4, 5, 9, 11, 15]]
[[1, 7, 15, 16, 7], [1, 7, 10, 16, 7]]
[[3, 6, 7, 10, 7], [3, 6, 15, 18, 7]]
[[1, 4, 6, 7, 8]]
[[9, 14, 4, 6, 7], [9, 14, 24, 25, 7], [27, 29, 24, 25, 7]]
[[1, 3, 4, 5, 7]]
[[1, 3, 8, 9, 8], [7, 7, 8, 9, 8], [11, 12, 13, 14, 7]]
[[4, 7, 9, 12, 20]]
[[1, 3, 4, 9, 7]]
[[1, 2, 5, 6, 7]]
[[1, 2, 4, 5, 15]]
[[1, 2, 3, 5, 7]]
[[1, 8, 9, 10, 7]]
[[7, 8, 3, 4, 7]]
[[6, 8, 9, 12, 7]]
[[4, 5, 9, 13, 7], [4, 8, 9, 13, 7]]
[[6, 9, 10, 13, 20]]
[[5, 9, 11, 14, 7]]
[[5, 9, 10, 13, 7]]
[[4, 8, 9, 10, 7]]
[[1, 6, 9, 10, 7]]
[[1, 4, 5, 7, 7]]
[[1, 4, 5, 7, 15]]
[[7, 8, 9, 10, 8]]
[[1, 5, 6, 14, 12]]
[[1, 4, 5, 6, 7], [1, 4, 8, 10, 7]]
[[1, 2, 3, 5, 7]]
[[1, 2, 4, 8, 7]]
[[1, 4, 7, 8, 8], [1, 6, 7, 8, 8]]
[[1, 2, 6, 7, 7], [1, 2, 9, 10, 8]]
[[1, 2, 3, 5, 20], [10, 11, 3, 5, 8]]
[[1, 4, 6, 9, 8]]
[[1, 2, 3, 6, 7]]
[[1, 3, 4, 7, 6]]
[[1, 3, 4, 5, 7], [7, 8, 9, 10, 8]]
[[1, 4, 5, 10, 7]]
[[1, 5, 6, 7, 7], [9, 10, 23, 26, 7]]
[[6, 8, 19, 21, 7], [10, 12, 19, 21, 7], [14, 17, 19, 21, 7]]
[[6, 9, 10, 13, 7]]
[[1, 2, 8, 10, 7], [1, 4, 5, 6, 8]]
[[1, 4, 5, 8, 7]]
[[1, 4, 8, 10, 7]]
[[1, 4, 11, 13, 7], [6, 7, 11, 13, 7]]
[[1, 2, 3, 5, 7]]
[[1, 3, 9, 12, 7], [5, 6, 9, 12, 7]]
[[1, 3, 4, 5, 7]]
[[4, 5, 6, 7, 7], [4, 5, 9, 12, 7]]
[[1, 2, 5, 6, 8]]
[[1, 6, 7, 9, 8]]
[[1, 2, 3, 4, 7]]
[[1, 4, 5, 5, 20], [7, 10, 11, 12, 20]]
[[1, 4, 5, 6, 7]]
[[1, 2, 3, 5, 7]]
[[6, 7, 12, 13, 1]]
[[1, 2, 7, 8, 7]]
[[1, 2, 11, 14, 7]]
[[6, 8, 10, 11, 7]]
[[1, 4, 7, 8, 7], [14, 15, 16, 19, 7], [21, 22, 23, 24, 7]]
[[1, 1, 4, 5, 7]]
[[1, 2, 3, 4, 15], [8, 9, 10, 11, 4]]
[[1, 6, 8, 9, 7]]
[[6, 7, 1, 2, 7], [6, 7, 3, 4, 7]]
[[1, 2, 7, 10, 8], [1, 2, 17, 19, 8]]
[[6, 7, 1, 3, 7]]
[[1, 4, 5, 7, 7]]
[[5, 6, 8, 10, 7], [1, 6, 8, 10, 7]]
[[10, 13, 14, 17, 8]]
[[1, 2, 3, 8, 7]]
[[6, 7, 9, 10, 1]]
[[1, 3, 6, 7, 7], [1, 3, 9, 14, 7]]
[[3, 6, 1, 2, 7], [3, 6, 15, 17, 7], [3, 6, 18, 21, 7], [3, 6, 23, 27, 7], [11, 12, 8, 10, 7], [11, 12, 15, 17, 7]]
[[1, 2, 3, 6, 7]]
[[1, 2, 3, 9, 7]]
[[1, 4, 6, 8, 7]]
[[11, 12, 4, 7, 7]]
[[5, 6, 10, 14, 7]]
[[1, 7, 8, 8, 8], [1, 7, 9, 10, 7]]
[[9, 9, 13, 14, 7], [9, 9, 19, 21, 7]]
[[1, 5, 13, 15, 7], [23, 24, 25, 27, 7]]
[[21, 22, 23, 24, 7], [1, 2, 27, 29, 7]]
[[1, 3, 7, 12, 12]]
[[1, 7, 9, 10, 6]]
[[1, 3, 6, 9, 7]]
[[16, 17, 24, 26, 7], [9, 11, 12, 13, 8], [1, 6, 24, 26, 7]]
[[3, 5, 6, 9, 7], [3, 5, 14, 16, 7], [11, 11, 12, 13, 7]]
[[1, 2, 3, 4, 7], [5, 9, 10, 11, 8], [13, 14, 22, 23, 8]]
[[6, 9, 1, 4, 7], [6, 9, 17, 18, 7]]
[[8, 10, 3, 4, 15], [8, 10, 5, 6, 15]]
[[1, 4, 5, 6, 7]]
[[16, 17, 19, 21, 7]]
[[1, 2, 3, 4, 7]]
[[1, 2, 7, 10, 1]]
[[1, 4, 5, 6, 12], [1, 4, 7, 9, 12], [1, 4, 28, 29, 12]]
[[0, 0, 13, 16, 0]]
[[1, 3, 4, 6, 7]]
[[3, 4, 8, 9, 8], [11, 12, 8, 9, 8]]
[[1, 3, 8, 10, 7], [4, 6, 8, 10, 7]]
[[1, 2, 4, 6, 7]]
[[14, 16, 3, 6, 7], [14, 16, 11, 12, 7]]
[]
[[3, 4, 5, 6, 7]]
[[6, 7, 14, 15, 7], [6, 7, 17, 20, 7], [22, 23, 24, 25, 8], [26, 27, 28, 30, 7]]
[[1, 2, 3, 7, 7]]
[[1, 2, 3, 4, 8]]
[[1, 4, 5, 6, 7]]
[[1, 4, 5, 7, 7], [9, 10, 14, 15, 8], [12, 12, 14, 15, 8]]
[[1, 2, 3, 5, 15], [1, 2, 9, 11, 15]]
[[1, 2, 3, 6, 15]]
[[4, 5, 6, 7, 7]]
[[1, 2, 3, 4, 7]]
[[2, 5, 8, 10, 7]]
[[1, 2, 3, 5, 7]]
[[1, 5, 6, 7, 7], [1, 5, 8, 10, 7]]
[[1, 5, 6, 7, 7]]
[[6, 9, 12, 14, 8]]
[[5, 7, 1, 3, 7]]
[[1, 2, 3, 4, 7]]
[[1, 4, 5, 6, 1]]
[[1, 4, 9, 11, 7], [6, 7, 9, 11, 7]]
[[1, 8, 10, 14, 8]]
[[1, 4, 5, 6, 7]]
[[1, 4, 5, 6, 7], [9, 11, 12, 15, 8]]
[[12, 13, 14, 17, 7], [1, 8, 9, 10, 7]]
[[1, 2, 3, 4, 7], [1, 2, 5, 7, 7]]
[[6, 11, 1, 4, 7]]
[[19, 20, 15, 16, 7]]
[[1, 3, 5, 6, 12]]
[[1, 2, 9, 11, 7], [4, 5, 9, 11, 7]]
[[1, 2, 3, 5, 7]]
[[1, 2, 7, 10, 7]]
[[1, 2, 6, 7, 7], [1, 2, 13, 15, 7], [9, 10, 11, 12, 1]]
[[1, 4, 5, 6, 8]]
[[17, 18, 20, 23, 7], [17, 18, 26, 28, 7], [1, 6, 7, 8, 7], [1, 6, 14, 15, 7], [1, 6, 26, 28, 7]]
[[1, 2, 3, 4, 7], [6, 8, 3, 4, 7], [6, 8, 9, 10, 7]]
[[1, 6, 8, 14, 7]]
[[9, 12, 1, 3, 7], [14, 15, 1, 3, 7]]
[[1, 4, 5, 8, 7]]
[[16, 17, 12, 14, 7]]
[[15, 17, 18, 19, 7], [1, 4, 10, 11, 7]]
[[6, 7, 8, 11, 7]]
[[1, 2, 5, 6, 7], [1, 2, 8, 9, 7]]
[[3, 6, 8, 10, 7]]
[[2, 3, 6, 7, 7]]
[[1, 4, 5, 8, 7]]
[[4, 8, 9, 13, 8], [4, 8, 11, 13, 8]]
[[7, 9, 3, 4, 7]]
[[1, 5, 6, 8, 7], [1, 5, 14, 17, 7]]
[[5, 8, 9, 10, 7], [12, 17, 18, 18, 6]]
[[1, 4, 5, 8, 20]]
[[1, 3, 4, 6, 7]]
[[1, 2, 10, 11, 7], [1, 2, 13, 18, 7]]
[[1, 2, 3, 8, 7]]
[[1, 2, 3, 5, 8]]
[[1, 2, 4, 5, 15]]
[[1, 2, 7, 8, 7], [1, 2, 10, 12, 7]]
[[1, 2, 6, 8, 8], [11, 12, 13, 14, 8]]
[[7, 9, 10, 13, 7], [7, 9, 15, 17, 7]]
[[2, 3, 5, 8, 7]]
[[1, 3, 4, 5, 8]]
[[1, 2, 3, 4, 7]]
[[1, 4, 5, 8, 7], [1, 4, 7, 8, 7]]
[[1, 2, 3, 6, 25]]
[[1, 2, 3, 4, 7], [5, 8, 10, 12, 7]]
[[3, 5, 7, 9, 7], [1, 5, 7, 9, 7]]
[[1, 3, 5, 8, 7]]
[[16, 17, 20, 23, 7], [16, 17, 27, 30, 7], [16, 17, 32, 35, 7]]
[[4, 5, 7, 8, 8]]
[[1, 2, 3, 5, 7]]
[[1, 3, 4, 6, 7]]
[[1, 3, 12, 14, 7]]
[[7, 11, 12, 14, 7]]
[[5, 6, 7, 8, 6]]
[[15, 16, 17, 20, 7]]
[[3, 6, 7, 9, 8]]
[[1, 4, 11, 14, 7], [7, 10, 11, 14, 7]]
[[1, 3, 4, 5, 7]]
[[14, 15, 17, 20, 8], [6, 7, 8, 11, 1]]
[[5, 5, 6, 9, 8]]
[[1, 2, 3, 5, 7], [6, 8, 9, 10, 7], [6, 8, 11, 13, 7]]
[[1, 4, 7, 8, 7], [11, 12, 13, 14, 7], [11, 12, 15, 16, 7]]
[[4, 5, 9, 17, 8], [4, 5, 9, 11, 7], [26, 27, 31, 33, 7], [28, 29, 31, 33, 7]]
[[5, 6, 9, 9, 7], [16, 17, 18, 19, 1]]
[[3, 6, 9, 12, 15]]
[[1, 2, 5, 8, 7], [1, 2, 14, 16, 7], [9, 10, 11, 12, 7]]
[[2, 5, 8, 10, 8]]
[[18, 20, 15, 16, 7]]
[[1, 2, 3, 4, 7]]
[[1, 6, 7, 7, 8]]
[[1, 3, 4, 5, 7]]
[[15, 17, 12, 13, 7]]
[[5, 6, 7, 10, 20]]
[[3, 4, 5, 8, 8]]
[[1, 1, 5, 10, 7]]
[[4, 6, 8, 9, 4]]
[[1, 4, 5, 6, 20], [7, 10, 11, 12, 7]]
[[1, 2, 3, 4, 7]]
[[6, 7, 1, 3, 7]]
[[1, 4, 10, 12, 20]]
[[1, 4, 8, 9, 7], [6, 7, 8, 9, 7]]
[[1, 5, 21, 22, 7], [1, 5, 26, 28, 7], [1, 5, 34, 36, 7], [33, 33, 34, 36, 7]]
[[1, 3, 4, 11, 7]]
[[3, 3, 4, 6, 7]]
[[1, 2, 5, 7, 25]]
[[15, 16, 12, 14, 8], [15, 16, 17, 20, 7], [1, 1, 2, 4, 7]]
[[1, 7, 11, 14, 7]]
[[1, 2, 6, 10, 7], [1, 2, 20, 21, 7], [12, 14, 15, 16, 7]]
[[12, 14, 1, 4, 7]]
[[1, 5, 9, 12, 7]]
[[7, 9, 11, 12, 25], [16, 17, 18, 21, 25]]
[[6, 9, 1, 2, 7], [6, 9, 3, 4, 6]]
[[1, 3, 14, 17, 7]]
[[1, 2, 3, 6, 7]]
[[1, 4, 5, 8, 6]]
[[4, 5, 6, 8, 8]]
[[3, 4, 9, 11, 7]]
[[1, 2, 3, 5, 7]]
[[1, 2, 3, 4, 12], [1, 2, 8, 11, 12], [15, 16, 17, 18, 8]]
[[15, 16, 17, 19, 8]]
[[1, 2, 4, 6, 7]]
[[6, 9, 10, 12, 7]]
[[0, 0, 20, 23, 7]]
[[1, 2, 4, 4, 7]]
[[8, 9, 11, 13, 7]]
[[1, 4, 5, 6, 7], [1, 4, 7, 8, 7]]
[[6, 7, 8, 11, 15]]
[[1, 4, 7, 8, 7], [1, 4, 12, 14, 7]]
[[8, 9, 10, 12, 25]]
[[1, 2, 3, 6, 7]]
[[4, 5, 10, 13, 7], [7, 8, 10, 13, 7]]
[[1, 4, 5, 8, 12], [1, 4, 9, 11, 12], [1, 4, 21, 23, 12], [18, 20, 21, 23, 12]]
[[1, 6, 12, 15, 8]]
[[1, 2, 5, 7, 7], [1, 2, 11, 14, 7]]
[[3, 8, 12, 13, 20]]
[[4, 5, 6, 8, 8]]
[[1, 3, 4, 6, 7], [1, 3, 9, 11, 7]]
[[5, 7, 14, 15, 7]]
[[1, 5, 29, 32, 7]]
[[4, 5, 6, 9, 8]]
[[1, 2, 5, 7, 6], [1, 2, 17, 20, 7], [8, 9, 10, 10, 8], [12, 13, 14, 15, 7]]
[[1, 6, 7, 8, 7]]
[[1, 4, 5, 6, 7]]
[[5, 6, 7, 11, 8]]
[[5, 6, 7, 8, 7]]
[[1, 5, 8, 11, 7]]
[[1, 4, 5, 11, 7]]
[[1, 3, 7, 8, 7]]
[[1, 2, 3, 6, 7], [1, 2, 3, 4, 7]]
[[1, 5, 7, 13, 7]]
[[9, 11, 4, 7, 6]]
[[4, 7, 8, 9, 8]]
[[1, 2, 3, 4, 7], [6, 7, 8, 8, 8]]
[[1, 6, 28, 29, 6], [23, 24, 28, 29, 6]]
[]
[[1, 3, 4, 7, 7]]
[[1, 4, 5, 6, 7]]
[[1, 2, 3, 4, 4], [1, 2, 5, 9, 4]]
[[1, 4, 5, 6, 7]]
[[1, 6, 9, 10, 8]]
[[1, 5, 7, 8, 7]]
[[11, 14, 3, 5, 7], [11, 14, 17, 19, 7]]
[[4, 6, 7, 8, 7]]
[[1, 4, 8, 9, 7], [1, 4, 17, 20, 7]]
[[1, 4, 5, 6, 7]]
[[15, 16, 10, 11, 0]]
[[1, 9, 10, 13, 7]]
[[4, 7, 2, 3, 7]]
[[6, 7, 8, 9, 7]]
[[4, 5, 7, 9, 7]]
[[3, 6, 7, 7, 7]]
[[1, 5, 6, 7, 7]]
[[2, 7, 8, 9, 20], [11, 12, 8, 9, 20], [11, 12, 14, 16, 20]]
[[2, 3, 6, 7, 7], [4, 5, 6, 7, 7]]
[[1, 4, 8, 12, 7]]
[[1, 2, 3, 4, 7]]
[[1, 2, 3, 5, 7], [1, 2, 8, 9, 8], [1, 2, 10, 12, 8]]
[[1, 4, 5, 8, 7]]
[[1, 2, 3, 5, 7], [1, 2, 6, 9, 7]]
[[1, 2, 3, 5, 6]]
[[1, 4, 8, 9, 7], [1, 4, 10, 11, 7]]
[[1, 2, 5, 6, 7], [1, 2, 8, 11, 7]]
[[8, 9, 5, 6, 7]]
[[4, 6, 17, 19, 7]]
[[10, 11, 14, 15, 8], [19, 21, 22, 25, 7]]
[[1, 2, 3, 5, 7], [1, 2, 6, 9, 7]]
[[10, 13, 6, 9, 7]]
[[11, 14, 15, 19, 7]]
[[1, 2, 8, 10, 7]]
[[2, 3, 4, 5, 7], [7, 8, 9, 13, 7]]
[[1, 2, 10, 12, 7], [7, 9, 10, 12, 7]]
[[1, 2, 5, 7, 7], [1, 2, 19, 22, 7]]
[[1, 5, 6, 9, 7]]
[[1, 3, 4, 5, 7]]
[[2, 2, 6, 9, 7]]
[[8, 10, 3, 4, 7]]
[[1, 2, 3, 5, 7]]
[[4, 10, 15, 18, 7]]
[[0, 0, 15, 19, 1]]
[[1, 2, 8, 12, 7]]
[[1, 4, 13, 18, 7], [7, 8, 13, 18, 7]]
[[11, 12, 6, 9, 7]]
[[4, 5, 9, 11, 20]]
[[3, 6, 9, 10, 7]]
[[1, 5, 9, 10, 7]]
[[1, 4, 10, 11, 7]]
[[1, 4, 5, 6, 7]]
[[1, 3, 9, 13, 7]]
[[0, 0, 17, 20, 7]]
[[5, 6, 14, 15, 12], [5, 6, 23, 25, 12]]
[[4, 6, 1, 3, 7], [4, 6, 9, 10, 7]]
[[1, 5, 11, 12, 7], [7, 9, 11, 12, 7]]
[[7, 9, 1, 5, 7]]
[[1, 2, 4, 6, 7]]
[[1, 9, 10, 14, 7]]
[[1, 2, 4, 7, 7]]
[[7, 9, 4, 6, 7], [7, 9, 21, 25, 7], [13, 14, 15, 16, 7]]
[[12, 13, 14, 15, 1], [1, 3, 9, 10, 7]]
[[1, 2, 3, 6, 7]]
[[1, 3, 4, 7, 7], [9, 10, 11, 12, 7]]
[[1, 4, 7, 9, 8], [12, 12, 14, 16, 8]]
[[1, 4, 7, 8, 7], [1, 4, 24, 26, 7]]
[[1, 3, 4, 6, 7], [1, 3, 10, 13, 7]]
[[3, 4, 5, 6, 7]]
[[1, 6, 9, 10, 7]]
[[8, 9, 11, 13, 7]]
[[10, 11, 12, 14, 1], [1, 2, 3, 7, 4]]
[[3, 5, 6, 8, 12], [3, 5, 12, 13, 12]]
[[4, 7, 25, 28, 12]]
[[6, 7, 1, 4, 7]]
[[1, 6, 7, 10, 12]]
[[1, 2, 5, 7, 7]]
[[3, 6, 8, 10, 15]]
[[1, 5, 6, 9, 7]]
[[1, 4, 10, 11, 7]]
[[1, 2, 3, 6, 7]]
[[1, 5, 6, 9, 7]]
[[3, 4, 14, 17, 8]]
[[1, 2, 3, 6, 7]]
[[1, 5, 6, 9, 7]]
[[1, 2, 3, 4, 7], [1, 2, 8, 8, 8], [5, 6, 8, 8, 8]]
[[1, 4, 5, 7, 7]]
[[2, 3, 5, 7, 7], [2, 3, 4, 7, 7]]
[[1, 7, 11, 13, 7]]
[[1, 4, 5, 7, 7]]
[[4, 5, 7, 9, 13]]
[[1, 5, 6, 8, 7]]
[[5, 8, 2, 3, 7]]
[[1, 2, 4, 5, 8]]
[[8, 9, 12, 15, 8]]
[[1, 4, 5, 6, 8]]
[[7, 8, 9, 20, 7], [7, 8, 9, 17, 7], [7, 8, 19, 20, 7]]
[[3, 7, 8, 13, 7], [14, 15, 16, 17, 7]]
[[1, 2, 3, 4, 7]]
[[1, 7, 8, 10, 7]]
[[1, 6, 7, 10, 7]]
[[3, 4, 9, 10, 15]]
[[1, 4, 5, 6, 7]]
[[4, 6, 7, 9, 7]]
[[1, 2, 3, 6, 7], [1, 2, 7, 8, 7]]
[[1, 3, 6, 9, 8], [1, 3, 11, 14, 7], [15, 16, 17, 18, 7]]
[[3, 6, 7, 10, 7]]
[[11, 12, 13, 17, 1]]
[[1, 2, 8, 10, 7]]
[[11, 14, 9, 10, 7]]
[[3, 4, 5, 9, 0]]
[[1, 3, 4, 10, 7]]
[[1, 2, 3, 7, 7]]
[[1, 2, 3, 6, 8], [7, 8, 9, 9, 8]]
[[5, 8, 12, 14, 7], [16, 17, 18, 19, 7]]
[[1, 2, 5, 7, 7], [15, 16, 5, 7, 0]]
[[1, 2, 3, 4, 7]]
[[1, 2, 3, 4, 7]]
[[3, 5, 7, 8, 8], [3, 5, 12, 13, 7]]
[[1, 3, 4, 7, 7], [1, 3, 8, 9, 7]]
[[1, 4, 5, 6, 15]]
[[1, 4, 5, 11, 7]]
[[1, 4, 5, 6, 13]]
[[1, 4, 5, 6, 7]]
[[1, 9, 10, 11, 7]]
[[1, 4, 6, 9, 7]]
[[1, 5, 6, 8, 7]]
[[1, 6, 8, 11, 7]]
[[1, 2, 3, 4, 7]]
[[1, 5, 16, 17, 7], [7, 10, 16, 17, 7]]
[[1, 2, 4, 7, 20]]
[[1, 2, 7, 10, 6]]
[[10, 11, 13, 16, 7]]
[[1, 4, 5, 6, 7], [7, 8, 9, 10, 7], [19, 20, 21, 22, 7]]
[[3, 4, 6, 7, 15], [9, 14, 16, 17, 7]]
[[1, 4, 5, 6, 7]]
[[5, 6, 1, 3, 7]]
[[1, 2, 3, 4, 7]]
[[1, 3, 4, 5, 7], [1, 3, 6, 8, 7]]
[[1, 2, 3, 4, 15], [1, 2, 5, 6, 15], [7, 9, 11, 12, 20]]
[[1, 3, 10, 12, 7]]
[[1, 4, 5, 7, 7], [17, 20, 21, 22, 7], [17, 20, 23, 25, 7]]
[[3, 3, 4, 5, 7]]
[[1, 4, 5, 6, 7]]
[[1, 2, 4, 5, 7]]
[[1, 5, 11, 14, 0]]
[[1, 2, 7, 9, 7]]
[[3, 4, 19, 20, 7], [5, 8, 9, 11, 7], [21, 22, 26, 28, 7], [1, 4, 19, 20, 7]]
[[1, 2, 4, 7, 7]]
[[1, 4, 8, 11, 7]]
[[1, 2, 5, 8, 7]]
[[7, 8, 4, 5, 7], [7, 8, 15, 16, 7], [7, 8, 10, 11, 7], [12, 13, 10, 11, 7], [12, 13, 15, 16, 7]]
[[1, 2, 3, 9, 7]]
[[1, 1, 2, 6, 7], [1, 1, 14, 17, 7], [1, 1, 9, 10, 7]]
[[1, 4, 6, 7, 7]]
[[4, 5, 1, 3, 7]]
[[19, 22, 16, 17, 8], [27, 28, 24, 25, 8]]
[[1, 5, 8, 11, 7], [1, 5, 17, 19, 7]]
[[1, 2, 3, 5, 7], [7, 8, 9, 10, 7], [12, 13, 14, 16, 7]]
[[1, 7, 8, 9, 7]]
[[1, 5, 6, 7, 7]]
[[1, 3, 14, 17, 7]]
[[4, 5, 6, 7, 7]]
[[1, 5, 7, 9, 7]]
[[12, 14, 8, 10, 7], [12, 14, 25, 28, 7]]
[[6, 9, 10, 16, 7], [6, 9, 20, 23, 7]]
[[1, 3, 4, 6, 7], [1, 3, 8, 9, 7], [11, 12, 13, 14, 7]]
[[1, 3, 8, 11, 7], [13, 14, 16, 17, 7]]
[[1, 5, 6, 9, 7]]
[[1, 3, 9, 12, 7], [5, 8, 9, 12, 7]]
[[1, 3, 9, 10, 6]]
[[6, 7, 1, 4, 7], [6, 7, 8, 13, 7]]
[[13, 14, 16, 18, 7], [1, 6, 7, 10, 8]]
[[1, 2, 4, 6, 7], [1, 2, 7, 10, 7]]
[[9, 10, 3, 6, 7], [9, 10, 15, 16, 7], [9, 10, 17, 21, 7]]
[[1, 3, 4, 5, 7], [1, 3, 6, 8, 7]]
[[1, 2, 3, 5, 7]]
[[3, 4, 5, 6, 7]]
[[1, 2, 3, 6, 7]]
[[1, 4, 8, 10, 7], [18, 19, 20, 22, 7]]
[[4, 5, 9, 10, 15]]
[[1, 2, 3, 5, 7], [1, 2, 6, 9, 7], [1, 2, 11, 14, 7], [19, 20, 21, 22, 7]]
[[1, 2, 3, 5, 8]]
[[1, 2, 3, 5, 7], [7, 8, 9, 10, 1], [11, 12, 13, 14, 8]]
[[1, 2, 3, 8, 7], [14, 18, 20, 21, 7]]
[[1, 4, 5, 6, 7]]
[[1, 1, 2, 3, 7]]
[[7, 11, 14, 15, 7]]
[[1, 2, 4, 5, 7]]
[[5, 5, 9, 11, 7]]
[[3, 4, 5, 6, 7]]
[[1, 2, 7, 8, 8], [11, 15, 18, 20, 20]]
[[2, 3, 6, 9, 7]]
[[6, 9, 1, 3, 7], [11, 15, 1, 3, 7]]
[[3, 4, 5, 7, 7]]
[[1, 5, 6, 8, 7]]
[[3, 5, 6, 9, 7], [3, 5, 11, 15, 7]]
[[1, 7, 8, 10, 7]]
[[4, 8, 1, 2, 7]]
[[1, 2, 6, 9, 7], [13, 14, 15, 20, 7]]
[[1, 2, 8, 9, 7], [14, 15, 16, 18, 8]]
[[1, 4, 6, 8, 7]]
[[1, 2, 3, 6, 7]]
[[6, 7, 9, 10, 1], [18, 19, 23, 26, 12], [39, 40, 42, 44, 12]]
[[0, 0, 13, 15, 7], [3, 4, 5, 9, 1]]
[[1, 4, 12, 14, 7]]
[[1, 3, 4, 6, 7]]
[[5, 6, 8, 9, 7]]
[[0, 0, 6, 8, 7], [1, 2, 6, 8, 7]]
[[1, 2, 3, 4, 7]]
[[3, 6, 9, 11, 7]]
[[2, 6, 7, 8, 7]]
[[5, 9, 10, 11, 7]]
[[2, 3, 4, 10, 7]]
[[0, 0, 9, 11, 7]]
[[8, 9, 11, 15, 4], [4, 5, 6, 7, 4]]
[[3, 6, 7, 10, 4]]
[[1, 2, 4, 7, 7]]
[[3, 5, 6, 8, 7]]
[[1, 6, 7, 8, 7], [1, 4, 11, 13, 7]]
[[6, 10, 1, 5, 7]]
[[6, 9, 15, 17, 7]]
[[3, 5, 6, 10, 6]]
[[1, 2, 3, 6, 4]]
[[1, 2, 3, 7, 7]]
[[1, 2, 6, 9, 7], [1, 2, 16, 19, 7], [1, 2, 11, 14, 7]]
[[1, 2, 5, 8, 7], [1, 2, 21, 24, 7]]
[[4, 5, 1, 2, 7]]
[[1, 5, 6, 7, 8], [1, 5, 11, 15, 8]]
[[1, 2, 3, 4, 7]]
[[5, 10, 11, 15, 7]]
[[1, 3, 7, 10, 7]]
[[0, 0, 1, 6, 7]]
[[8, 9, 3, 6, 7]]
[[17, 18, 25, 29, 7]]
[[1, 5, 7, 10, 7]]
[[3, 4, 5, 6, 7], [3, 4, 7, 10, 7]]
[[4, 7, 23, 25, 7], [17, 19, 14, 15, 7]]
[[2, 3, 7, 11, 1]]
[[1, 2, 3, 3, 20], [5, 6, 7, 9, 7]]
[[1, 3, 4, 5, 7]]
[[1, 4, 5, 6, 7], [1, 4, 7, 10, 7]]
[[30, 31, 32, 36, 7]]
[[1, 4, 5, 6, 7], [1, 4, 10, 13, 7]]
[[5, 6, 9, 10, 1]]
[[1, 3, 7, 10, 7]]
[[1, 5, 6, 7, 8]]
[[1, 3, 8, 12, 7]]
[[14, 18, 3, 4, 7]]
[[1, 4, 5, 7, 7]]
[[3, 3, 14, 17, 15], [3, 10, 11, 12, 25]]
[[9, 14, 15, 16, 8]]
[[1, 4, 5, 8, 7]]
[[5, 6, 10, 13, 7]]
[[1, 4, 7, 8, 7]]
[[1, 2, 3, 6, 15]]
[[9, 10, 1, 2, 0]]
[[1, 5, 6, 7, 7]]
[[1, 2, 8, 12, 7]]
[[10, 11, 12, 17, 0]]
[[1, 2, 10, 12, 7], [4, 5, 10, 12, 7]]
[[1, 1, 3, 5, 15]]
[[4, 6, 7, 9, 7]]
[[1, 5, 8, 10, 7]]
[[5, 8, 10, 12, 20]]
[[2, 3, 4, 7, 7]]
[[1, 2, 6, 7, 7], [1, 2, 12, 15, 7]]
[[12, 15, 18, 20, 8]]
[[1, 2, 3, 6, 7], [1, 2, 8, 9, 7], [10, 11, 13, 14, 7]]
[[1, 2, 8, 9, 7], [3, 4, 8, 9, 7], [5, 6, 8, 9, 7]]
[[1, 2, 4, 6, 7], [7, 8, 10, 10, 8]]
[[1, 6, 7, 10, 7]]
[[1, 2, 14, 16, 7], [1, 2, 20, 21, 7]]
[[1, 3, 4, 5, 7]]
[[1, 2, 3, 4, 7]]
[[1, 2, 3, 5, 7]]
[[14, 15, 16, 17, 6]]
[[1, 2, 3, 6, 7]]
[[1, 3, 8, 13, 7]]
[[1, 7, 8, 9, 7], [1, 7, 13, 17, 7]]
[[1, 4, 5, 8, 7]]
[]
[[1, 2, 3, 4, 7], [7, 7, 8, 9, 7]]
[[5, 6, 7, 9, 7]]
[[1, 2, 12, 13, 7], [1, 2, 15, 16, 7]]
[[3, 6, 7, 11, 6]]
[[8, 9, 3, 6, 7]]
[[10, 12, 13, 16, 7]]
[[5, 8, 1, 2, 7]]
[[1, 2, 3, 4, 7], [1, 2, 5, 9, 7]]
[[1, 2, 3, 5, 7]]
[[3, 6, 7, 8, 15]]
[[1, 2, 3, 4, 7]]
[[1, 4, 5, 6, 7]]
[[3, 6, 7, 10, 15]]
[[10, 11, 13, 18, 7]]
[[1, 4, 5, 6, 7]]
[[1, 2, 8, 9, 7]]
[[5, 7, 8, 12, 7], [5, 7, 15, 16, 7], [5, 7, 18, 21, 7]]
[[1, 2, 15, 19, 20], [8, 9, 15, 19, 20]]
[[4, 15, 2, 3, 7]]
[[6, 7, 3, 4, 7], [16, 17, 19, 22, 1]]
[[5, 6, 8, 10, 7]]
[[0, 0, 7, 12, 7]]
[[6, 8, 12, 13, 7]]
[[18, 21, 1, 2, 7]]
[[3, 6, 8, 9, 7]]
[[1, 2, 3, 4, 12]]
[[20, 21, 22, 24, 7]]
[[1, 4, 5, 8, 7]]
[[5, 9, 11, 13, 7]]
[[1, 2, 15, 17, 6]]
[[3, 7, 8, 9, 15]]
[[5, 6, 11, 14, 8], [5, 6, 16, 20, 7]]
[[5, 5, 6, 8, 7], [10, 11, 12, 13, 20]]
[[1, 2, 3, 4, 7], [6, 7, 3, 4, 7]]
[[1, 2, 4, 7, 20], [1, 2, 9, 11, 20]]
[[4, 5, 8, 11, 4]]
[[10, 12, 5, 6, 7]]
[[6, 7, 8, 10, 7]]
[[1, 4, 6, 8, 7]]
[[2, 3, 7, 10, 7]]
[[1, 2, 3, 4, 15], [1, 2, 7, 9, 15], [5, 6, 7, 9, 15]]
[[1, 2, 4, 7, 7]]
[[1, 2, 3, 5, 7], [1, 2, 9, 10, 8], [1, 2, 11, 12, 8]]
[[1, 2, 3, 5, 7]]
[[1, 4, 5, 6, 7], [1, 4, 8, 12, 7]]
[[1, 6, 10, 11, 7]]
[[1, 5, 7, 9, 7], [12, 13, 14, 15, 7], [17, 18, 23, 24, 7]]
[[1, 2, 3, 4, 7]]
[[24, 25, 27, 28, 7]]
[[1, 3, 11, 12, 7], [5, 6, 11, 12, 7]]
[[12, 16, 17, 18, 8]]
[[6, 10, 11, 14, 7]]
[[1, 1, 7, 8, 7]]
[[4, 6, 7, 8, 7], [9, 10, 13, 14, 7]]
[[1, 4, 5, 8, 7]]
[[1, 2, 3, 4, 7], [7, 12, 13, 14, 20]]
[[7, 8, 9, 10, 7], [7, 8, 11, 13, 7]]
[[6, 7, 8, 8, 7], [9, 10, 11, 11, 8], [13, 14, 16, 17, 20]]
[[1, 4, 5, 5, 6]]
[[1, 4, 6, 7, 7], [1, 4, 8, 11, 7]]
[[2, 4, 6, 9, 7]]
[[1, 3, 6, 8, 12]]
[[3, 4, 5, 6, 7]]
[[3, 4, 12, 13, 7], [3, 4, 6, 10, 7]]
[[6, 7, 3, 4, 7], [9, 10, 3, 4, 7]]
[[1, 6, 7, 8, 7]]
[[1, 4, 5, 8, 7]]
[[0, 0, 10, 15, 0]]
[[1, 4, 5, 8, 7]]
[[1, 2, 4, 5, 7]]
[[5, 9, 10, 14, 8]]
[[1, 3, 4, 5, 7], [7, 8, 10, 11, 8]]
[[1, 2, 5, 7, 8]]
[[1, 3, 4, 7, 7]]
[[1, 4, 5, 7, 8]]
[[3, 4, 5, 7, 7]]
[[1, 3, 9, 12, 7]]
[[1, 3, 5, 6, 7]]
[[1, 8, 15, 17, 7]]
[[3, 4, 6, 11, 7]]
[[0, 0, 4, 7, 7]]
[[1, 12, 13, 16, 7]]
[[1, 6, 7, 8, 7]]
[[7, 10, 1, 5, 0], [15, 21, 1, 5, 7], [15, 21, 12, 13, 7], [23, 25, 26, 28, 7]]
[[7, 9, 13, 15, 7], [11, 11, 13, 15, 7]]
[[5, 6, 7, 8, 7]]
[[4, 6, 7, 10, 7]]
[[1, 2, 7, 9, 7], [1, 2, 11, 14, 7], [1, 2, 23, 26, 7]]
[[1, 2, 3, 4, 7], [1, 2, 7, 8, 8]]
[[4, 5, 6, 9, 7]]
[[1, 3, 4, 6, 7], [1, 3, 8, 10, 7]]
[[6, 7, 3, 4, 7]]
[[5, 6, 7, 11, 7]]
[[0, 0, 12, 14, 0], [4, 5, 12, 14, 1]]
[[1, 5, 6, 7, 7]]
[[1, 3, 4, 5, 7], [1, 3, 16, 18, 7], [13, 15, 16, 18, 7], [13, 15, 8, 11, 7]]
[[1, 2, 3, 8, 15]]
[[1, 6, 7, 10, 12], [12, 14, 19, 20, 7]]
[[1, 4, 5, 11, 20]]
[[1, 2, 6, 10, 7], [4, 5, 6, 10, 7], [4, 5, 20, 23, 7]]
[[1, 4, 5, 6, 7]]
[[9, 10, 17, 19, 7], [21, 22, 23, 29, 7]]
[[3, 3, 4, 7, 7]]
[[9, 12, 14, 15, 12]]
[[1, 3, 6, 8, 7]]
[[1, 4, 5, 6, 20]]
[[1, 3, 4, 5, 7], [1, 3, 6, 7, 7], [1, 3, 16, 18, 7]]
[[7, 8, 23, 25, 7]]
[[1, 5, 6, 9, 7]]
[[13, 13, 17, 20, 7]]
[[1, 7, 9, 12, 7]]
[[1, 6, 7, 10, 7], [1, 6, 11, 12, 7]]
[[1, 2, 7, 10, 7]]
[[1, 3, 4, 5, 7]]
[]
[[5, 8, 9, 10, 7]]
[[1, 2, 9, 10, 7], [4, 5, 9, 10, 7]]
[[6, 6, 9, 11, 7], [6, 6, 14, 17, 7]]
[[1, 4, 7, 9, 7]]
[[1, 1, 5, 7, 7]]
[[4, 5, 1, 3, 7], [4, 5, 7, 8, 7]]
[[11, 13, 18, 20, 7]]
[[1, 4, 6, 7, 20]]
[[1, 4, 5, 7, 7]]
[[1, 3, 4, 6, 7]]
[[1, 8, 18, 22, 7]]
[[6, 12, 1, 3, 7]]
[[1, 7, 8, 9, 7]]
[[1, 3, 7, 9, 12]]
[[1, 5, 9, 10, 7], [1, 5, 11, 13, 7]]
[[6, 7, 8, 10, 7], [6, 7, 1, 4, 7]]
[[1, 2, 3, 4, 7]]
[[6, 12, 1, 3, 7]]
[[1, 2, 3, 5, 15]]
[[3, 6, 7, 8, 8]]
[[1, 6, 7, 10, 7], [1, 6, 11, 12, 7]]
[[1, 2, 3, 6, 7]]
[[1, 2, 3, 6, 7]]
[[1, 6, 7, 8, 7]]
[[1, 4, 5, 9, 7], [1, 4, 7, 9, 7]]
[[6, 11, 1, 2, 7]]
[[7, 8, 10, 11, 7]]
[[1, 5, 6, 8, 7]]
[[1, 2, 7, 8, 7]]
[[1, 3, 8, 9, 7], [1, 3, 14, 17, 7], [1, 3, 19, 22, 7]]
[[1, 2, 4, 6, 7], [1, 2, 19, 22, 7]]
[[6, 9, 10, 12, 12]]
[[4, 8, 10, 17, 7]]
[[1, 2, 5, 6, 7], [8, 9, 10, 13, 7]]
[[5, 6, 3, 4, 7], [8, 9, 10, 11, 7], [19, 21, 25, 26, 7]]
[[1, 4, 6, 9, 7], [15, 17, 11, 14, 7], [15, 17, 13, 14, 7]]
[[1, 2, 3, 4, 7]]
[[3, 5, 9, 10, 7], [14, 15, 18, 21, 7]]
[[20, 21, 22, 23, 8]]
[[0, 0, 1, 4, 7], [0, 0, 6, 7, 7]]
[[1, 4, 5, 6, 7]]
[[1, 2, 3, 4, 7]]
[[1, 5, 6, 7, 8]]
[[1, 3, 7, 9, 7], [5, 6, 7, 9, 7]]
[[5, 8, 9, 10, 7]]
[[1, 4, 6, 7, 7]]
[[3, 5, 10, 11, 7]]
[[9, 12, 13, 16, 7]]
[[11, 13, 5, 6, 7]]
[[3, 6, 8, 10, 20]]
[[1, 5, 6, 9, 7]]
[[6, 7, 8, 9, 7]]
[[1, 4, 11, 12, 7], [1, 4, 13, 15, 7], [1, 4, 19, 21, 7], [6, 9, 11, 12, 7]]
[[7, 8, 14, 15, 8]]
[[8, 9, 1, 4, 7], [8, 9, 11, 15, 8], [8, 9, 18, 20, 7], [22, 23, 26, 28, 7], [22, 23, 29, 30, 7]]
[[1, 2, 3, 6, 7]]
[[3, 4, 13, 15, 7], [3, 4, 16, 19, 7], [20, 21, 22, 23, 7], [3, 6, 7, 8, 8]]
[[1, 6, 7, 10, 7]]
[[1, 5, 7, 9, 7]]
[[22, 23, 17, 18, 7], [26, 28, 17, 18, 7]]
[[1, 5, 7, 8, 8]]
[[6, 7, 3, 4, 7]]
[[7, 12, 3, 6, 7]]
[[1, 5, 6, 8, 7]]
[[1, 3, 5, 8, 7], [1, 6, 7, 8, 7]]
[[1, 4, 8, 11, 7]]
[[3, 4, 21, 24, 7]]
[[4, 5, 10, 12, 15], [7, 8, 10, 12, 7]]
[[1, 2, 3, 5, 7]]
[[3, 7, 11, 13, 7]]
[[1, 5, 6, 7, 6]]
[[4, 7, 8, 9, 12]]
[[1, 6, 10, 12, 20], [3, 6, 10, 12, 20]]
[[4, 6, 8, 10, 25]]
[[1, 2, 3, 6, 7]]
[[1, 2, 3, 4, 7]]
[[1, 5, 8, 10, 6], [1, 5, 12, 14, 12]]
[[1, 4, 5, 8, 7]]
[[1, 2, 3, 6, 7]]
[[1, 2, 11, 11, 7], [1, 2, 20, 23, 7], [3, 4, 20, 23, 7]]
[[3, 4, 8, 11, 7]]
[[1, 2, 3, 6, 7]]
[[3, 4, 5, 6, 6], [3, 4, 7, 9, 7]]
[[1, 4, 5, 6, 12], [1, 4, 7, 9, 12]]
[[3, 4, 14, 16, 7]]
[[1, 8, 9, 12, 20]]
[[2, 4, 6, 9, 4], [2, 4, 10, 12, 8]]
[[10, 11, 7, 8, 7]]
[[7, 8, 9, 10, 20], [14, 15, 9, 10, 0]]
[[8, 10, 3, 6, 7]]
[[4, 6, 7, 10, 7]]
[[1, 2, 3, 5, 7]]
[[1, 1, 5, 7, 7]]
[[5, 8, 1, 2, 7]]
[[1, 2, 4, 5, 1]]
[[1, 4, 5, 7, 7]]
[[1, 2, 3, 4, 7]]
[[7, 9, 4, 5, 8]]
[[1, 5, 7, 9, 7], [1, 5, 16, 19, 7]]
[[1, 2, 6, 7, 7]]
[[13, 14, 9, 11, 7]]
[[1, 2, 3, 5, 7]]
[[1, 5, 6, 7, 7]]
[[1, 6, 21, 24, 7], [10, 11, 21, 24, 7]]
[]
[[1, 2, 10, 11, 7]]
[[3, 4, 7, 10, 7], [3, 4, 12, 15, 7]]
[[1, 5, 7, 11, 7]]
[[3, 6, 1, 2, 7]]
[[11, 12, 13, 16, 7]]
[[1, 2, 6, 9, 7]]
[[1, 8, 9, 10, 7]]
[[1, 2, 4, 8, 7]]
[[3, 4, 5, 8, 7]]
[[9, 10, 11, 14, 7], [15, 16, 17, 18, 7]]
[]
[[1, 14, 17, 18, 7]]
[[1, 2, 9, 11, 7], [4, 7, 9, 11, 7]]
[[1, 8, 9, 11, 7]]
[[1, 2, 4, 5, 7]]
[[1, 2, 3, 4, 7]]
[[1, 4, 10, 10, 8], [6, 8, 10, 10, 8]]
[[1, 3, 4, 7, 7]]
[]
[[1, 7, 11, 12, 20], [1, 7, 14, 17, 20]]
[[10, 11, 1, 4, 7], [10, 11, 7, 8, 7]]
[[1, 3, 7, 8, 7]]
[[1, 4, 18, 19, 7]]
[[1, 2, 13, 16, 0]]
[[4, 7, 1, 2, 4], [4, 7, 9, 13, 0]]
[[2, 5, 6, 8, 20], [10, 13, 14, 15, 20]]
[[1, 5, 6, 9, 7]]
[[1, 2, 3, 6, 7], [10, 11, 17, 18, 7]]
[[6, 7, 10, 11, 15], [6, 7, 8, 11, 15]]
[[33, 36, 25, 30, 0]]
[[1, 2, 3, 8, 7]]
[[0, 0, 1, 4, 7], [1, 2, 3, 4, 7]]
[[1, 4, 10, 12, 7]]
[[1, 2, 4, 6, 7], [10, 11, 13, 17, 1]]
[[4, 9, 10, 11, 20], [4, 9, 12, 15, 20]]
[[9, 12, 15, 17, 7]]
[[3, 4, 10, 11, 15]]
[[1, 3, 4, 6, 12]]
[[9, 12, 15, 19, 7]]
[[1, 7, 8, 9, 7], [11, 14, 15, 17, 7]]
[[12, 13, 14, 15, 7], [16, 17, 18, 19, 7]]
[[8, 9, 11, 12, 7], [1, 5, 6, 7, 6]]
[[4, 5, 8, 11, 7]]
[[3, 4, 6, 8, 4]]
[[1, 4, 13, 14, 7]]
[[2, 4, 5, 7, 7], [2, 4, 10, 14, 7]]
[[1, 2, 14, 15, 7]]
[[4, 5, 7, 8, 7], [1, 5, 7, 8, 7]]
[[1, 4, 5, 6, 7]]
[[1, 2, 3, 6, 7], [1, 2, 7, 8, 7], [1, 2, 10, 11, 7], [1, 2, 12, 16, 7]]
[[8, 13, 15, 17, 8]]
[[1, 5, 6, 9, 7], [11, 12, 13, 16, 7]]
[[1, 2, 3, 4, 7], [1, 2, 5, 6, 7]]
[[1, 5, 6, 9, 12]]
[[1, 3, 15, 18, 7], [1, 5, 9, 10, 7]]
[[0, 0, 1, 4, 15]]
[[1, 3, 4, 6, 7]]
[[1, 5, 7, 10, 7]]
[[1, 2, 3, 4, 7], [5, 5, 9, 10, 7]]
[[5, 8, 9, 10, 7]]
[[6, 7, 1, 2, 7]]
[[1, 7, 8, 9, 7], [10, 11, 12, 13, 7]]
[[1, 4, 5, 5, 7]]
[[1, 2, 3, 4, 7], [6, 7, 8, 10, 15]]
[[3, 7, 8, 9, 6]]
[[1, 7, 11, 14, 7]]
[[1, 2, 4, 7, 1], [9, 10, 11, 12, 20]]
[[6, 10, 11, 14, 7]]
[[1, 8, 9, 10, 7]]
[[9, 10, 11, 14, 15]]
[[1, 2, 4, 6, 8], [1, 2, 8, 9, 7]]
[[3, 6, 8, 13, 7], [15, 16, 17, 18, 8]]
[[1, 4, 5, 8, 7], [1, 4, 9, 12, 7], [1, 4, 16, 16, 8], [1, 4, 18, 19, 7], [1, 4, 20, 23, 7]]
[[1, 3, 7, 10, 7]]
[[1, 7, 8, 9, 7]]
[[1, 2, 3, 4, 7], [1, 2, 15, 20, 7]]
[[12, 14, 21, 22, 7]]
[[1, 4, 5, 6, 7], [8, 8, 9, 10, 8], [1, 8, 9, 10, 8]]
[]
[[5, 6, 1, 3, 8], [5, 6, 19, 23, 8]]
[[4, 5, 6, 9, 7]]
[[0, 0, 19, 22, 7]]
[[1, 4, 5, 6, 8]]
[[1, 2, 3, 4, 7]]
[[0, 0, 3, 5, 7]]
[[4, 6, 7, 9, 7]]
[[1, 2, 4, 5, 7], [1, 2, 17, 20, 7], [8, 8, 13, 14, 7]]
[[4, 5, 6, 9, 7]]
[[1, 5, 7, 10, 7], [12, 13, 16, 17, 7]]
[[1, 3, 4, 6, 8], [1, 3, 17, 20, 7], [25, 26, 21, 23, 7]]
[[1, 4, 21, 22, 7]]
[[2, 6, 7, 10, 8]]
[[1, 2, 6, 7, 7], [1, 2, 8, 10, 7]]
[[1, 4, 5, 7, 7]]
[[10, 11, 12, 16, 7], [1, 11, 12, 16, 7]]
[[3, 4, 5, 9, 7]]
[[0, 0, 1, 2, 0]]
[[1, 10, 11, 14, 7], [1, 10, 16, 21, 7]]
[[6, 8, 13, 16, 7], [6, 8, 3, 4, 7]]
[[6, 7, 9, 13, 7]]
[[6, 7, 10, 13, 7]]
[[1, 4, 10, 11, 7]]
[[1, 4, 6, 7, 7]]
[[4, 5, 7, 9, 7], [13, 14, 11, 12, 7]]
[[1, 4, 7, 10, 15]]
[[3, 4, 13, 15, 8], [3, 5, 13, 15, 8]]
[[9, 10, 4, 7, 15]]
[[1, 5, 6, 7, 7]]
[[1, 2, 4, 6, 7]]
[]
[[1, 10, 11, 13, 12], [1, 10, 14, 16, 12]]
[[1, 7, 8, 9, 12], [11, 12, 13, 14, 7], [11, 12, 15, 20, 7]]
[[1, 4, 5, 7, 7]]
[[3, 4, 5, 6, 12], [3, 4, 8, 9, 12], [11, 12, 17, 20, 7]]
[[1, 5, 12, 14, 7]]
[[1, 4, 6, 7, 8]]
[[1, 6, 20, 22, 6]]
[[19, 21, 9, 11, 0], [19, 21, 16, 17, 0]]
[[1, 2, 3, 7, 7], [1, 2, 9, 10, 7]]
[[1, 3, 4, 10, 7]]
[[1, 4, 9, 11, 8], [1, 4, 14, 20, 7], [6, 8, 9, 11, 8]]
[[9, 10, 1, 5, 7]]
[[3, 3, 4, 5, 7]]
[[1, 2, 3, 4, 7], [10, 11, 12, 15, 7], [26, 29, 30, 31, 12]]
[[5, 7, 29, 34, 7], [13, 14, 15, 16, 7], [5, 9, 10, 11, 8]]
[[1, 4, 5, 6, 7], [1, 4, 8, 10, 7], [1, 4, 17, 19, 7], [12, 13, 14, 16, 7]]
[[1, 4, 5, 6, 7]]
[[1, 2, 3, 4, 7]]
[[1, 6, 7, 8, 8]]
[[3, 4, 5, 6, 7], [10, 11, 12, 12, 8], [14, 15, 16, 17, 7]]
[[1, 6, 8, 9, 15]]
[[1, 4, 5, 6, 7]]
[[1, 4, 5, 8, 7], [1, 4, 7, 8, 7]]
[[1, 2, 3, 4, 7], [1, 2, 5, 6, 7], [11, 12, 13, 16, 7]]
[[4, 6, 7, 8, 8]]
[[1, 2, 8, 10, 7]]
[[1, 2, 9, 12, 7]]
[[1, 5, 6, 7, 7]]
[[1, 5, 6, 8, 7], [1, 5, 12, 13, 7]]
[[4, 6, 7, 9, 7]]
[[3, 9, 1, 2, 7]]
[[1, 2, 3, 6, 7]]
[[3, 7, 8, 10, 7]]
[[1, 3, 4, 5, 7]]
[[1, 2, 9, 10, 13], [1, 2, 11, 12, 12], [1, 2, 13, 14, 12]]
[[5, 9, 13, 17, 7], [5, 9, 23, 26, 7]]
[[1, 2, 3, 5, 7]]
[[1, 3, 8, 9, 7]]
[[1, 5, 7, 10, 7]]
[[1, 4, 5, 8, 8]]
[[1, 6, 9, 11, 7], [13, 14, 15, 16, 7]]
[[1, 2, 4, 6, 7]]
[[1, 2, 7, 11, 7]]
[[1, 9, 10, 11, 7], [1, 9, 20, 22, 7], [8, 9, 12, 14, 7]]
[[3, 4, 5, 7, 7], [3, 4, 8, 12, 7]]
[[3, 4, 5, 8, 15]]
[[1, 2, 4, 5, 7]]
[[1, 2, 4, 6, 1]]
[[6, 7, 19, 22, 7]]
[[1, 7, 8, 9, 7]]
[[1, 4, 5, 6, 7]]
[[1, 2, 5, 8, 7]]
[[0, 0, 4, 6, 12]]
[[5, 8, 10, 12, 7]]
[[1, 4, 6, 7, 15]]
[[1, 3, 4, 5, 7], [13, 14, 15, 16, 8]]
[[23, 27, 15, 17, 12]]
[[4, 5, 6, 10, 7], [4, 5, 11, 13, 7]]
[[1, 4, 5, 7, 7], [1, 4, 8, 11, 7]]
[[7, 8, 9, 12, 8], [1, 2, 5, 6, 8]]
[[1, 4, 5, 7, 7]]
[[5, 8, 9, 11, 15]]
[[1, 2, 6, 8, 7], [1, 2, 12, 15, 7]]
[[12, 13, 9, 10, 7], [12, 13, 23, 26, 7]]
[[3, 4, 10, 11, 7], [3, 4, 14, 18, 7]]
[[3, 4, 5, 9, 7]]
[[1, 2, 5, 7, 7]]
[[1, 3, 7, 8, 7], [10, 11, 12, 13, 7], [14, 15, 16, 17, 7]]
[[1, 2, 5, 6, 7]]
[[1, 4, 5, 8, 7]]
[[1, 4, 5, 9, 7]]
[[5, 6, 7, 9, 7]]
[[1, 2, 6, 9, 7]]
[[9, 10, 14, 16, 7], [11, 12, 14, 16, 7]]
[[13, 16, 17, 20, 7]]
[[1, 3, 4, 6, 7], [1, 3, 7, 11, 7]]
[[5, 6, 2, 3, 7]]
[[1, 3, 8, 12, 7]]
[[1, 4, 5, 6, 7]]
[[1, 3, 4, 7, 7], [1, 3, 8, 9, 7]]
[[3, 6, 7, 19, 7]]
[[4, 5, 7, 10, 8], [4, 5, 9, 10, 8]]
[[9, 10, 4, 6, 7]]
[[1, 5, 6, 7, 7]]
[[4, 5, 6, 9, 7]]
[[4, 6, 12, 13, 7]]
[[1, 5, 6, 9, 7]]
[[4, 12, 13, 16, 7], [18, 19, 20, 21, 7], [22, 23, 20, 21, 7], [22, 23, 25, 27, 7]]
[[1, 2, 3, 4, 7], [6, 7, 8, 9, 7]]
[[4, 11, 12, 15, 7], [22, 24, 25, 28, 7]]
[[1, 2, 4, 6, 7]]
[[4, 5, 7, 9, 7]]
[[1, 2, 3, 4, 7], [1, 2, 3, 6, 7], [1, 2, 8, 10, 7]]
[[9, 10, 11, 12, 8]]
[[1, 5, 12, 16, 8]]
[[1, 3, 4, 11, 7], [13, 14, 15, 15, 7], [16, 17, 19, 20, 7]]
[[1, 2, 3, 5, 7]]
[[1, 5, 6, 7, 8]]
[[1, 2, 4, 6, 7], [11, 12, 16, 17, 7]]
[[1, 5, 27, 28, 7]]
[[1, 2, 7, 10, 8], [1, 4, 7, 10, 8]]
[[1, 4, 5, 6, 6]]
[[0, 0, 1, 3, 7]]
[[3, 4, 5, 11, 1]]
[[1, 2, 5, 8, 8]]
[[0, 0, 3, 4, 7]]
[[3, 4, 6, 8, 7]]
[[1, 2, 4, 6, 7], [1, 2, 11, 13, 7]]
[[5, 7, 9, 10, 4]]
[[1, 2, 4, 5, 7]]
[[1, 6, 12, 15, 12]]
[[1, 4, 5, 9, 7]]
[[5, 7, 2, 3, 7], [5, 7, 16, 19, 7]]
[[8, 9, 10, 12, 7]]
[[1, 4, 5, 10, 7]]
[[1, 5, 6, 8, 7]]
[[1, 2, 4, 7, 8]]
[[0, 0, 17, 20, 0]]
[[5, 6, 7, 8, 15]]
[[1, 2, 3, 6, 7], [1, 2, 8, 9, 7]]
[[1, 2, 3, 5, 15]]
[[0, 0, 6, 9, 7], [1, 2, 6, 9, 7], [11, 12, 14, 16, 1]]
[[16, 17, 18, 19, 7], [25, 28, 29, 30, 7]]
[[1, 2, 3, 4, 7], [7, 8, 9, 10, 7], [11, 11, 13, 15, 7]]
[[3, 4, 6, 7, 7]]
[[3, 4, 8, 10, 7]]
[[1, 5, 6, 9, 7]]
[[1, 3, 4, 8, 7]]
[[1, 3, 4, 6, 7]]
[[1, 6, 8, 10, 8]]
[[1, 2, 5, 6, 7]]
[[1, 7, 8, 9, 7], [12, 13, 17, 19, 7]]
[[4, 5, 6, 9, 7]]
[[3, 4, 7, 7, 7]]
[[1, 2, 3, 6, 7]]
[[1, 4, 6, 7, 7], [1, 4, 9, 11, 8], [12, 12, 14, 14, 8]]
[[1, 2, 3, 7, 7]]
[[4, 5, 6, 8, 7]]
[[1, 4, 11, 14, 15], [6, 9, 11, 14, 20]]
[[6, 6, 7, 10, 7], [12, 14, 15, 18, 7]]
[[2, 3, 9, 11, 8]]
[[1, 4, 7, 9, 7]]
[[1, 5, 6, 7, 7], [1, 5, 21, 22, 7], [16, 17, 18, 19, 7]]
[[1, 4, 7, 10, 7]]
[[4, 5, 6, 10, 15]]
[[1, 5, 8, 11, 7]]
[[1, 4, 14, 15, 7]]
[[0, 0, 8, 9, 7], [0, 0, 3, 9, 7]]
[[1, 7, 8, 9, 8]]
[[9, 15, 16, 19, 7]]
[[1, 3, 4, 6, 4]]
[[4, 5, 6, 9, 7]]
[[1, 7, 8, 9, 7]]
[[1, 7, 8, 9, 7]]
[[1, 7, 9, 13, 7]]
[[1, 2, 7, 10, 7]]
[[9, 10, 3, 6, 7], [9, 10, 11, 12, 8], [16, 17, 18, 21, 7]]
[[1, 6, 11, 12, 7]]
[[1, 5, 6, 7, 7]]
[[3, 4, 5, 9, 7]]
[[1, 4, 5, 6, 7], [1, 4, 8, 8, 7], [10, 12, 13, 16, 7]]
[[4, 5, 6, 7, 7], [9, 10, 11, 12, 7], [9, 10, 13, 15, 7], [1, 5, 6, 7, 7]]
[[1, 5, 6, 7, 8]]
[[1, 2, 3, 4, 7]]
[[8, 9, 11, 14, 7]]
[[8, 9, 11, 12, 7]]
[[0, 0, 8, 10, 7], [2, 2, 8, 10, 7]]
[[1, 4, 19, 21, 7]]
[[11, 12, 13, 16, 7]]
[[1, 2, 4, 6, 7]]
[[1, 3, 4, 5, 6], [12, 15, 17, 18, 8]]
[[1, 3, 15, 18, 7]]
[[1, 2, 5, 7, 7], [1, 2, 16, 20, 7]]
[[1, 3, 4, 5, 7]]
[[1, 4, 5, 7, 8], [1, 4, 10, 11, 6], [13, 14, 15, 16, 7]]
[[1, 4, 5, 7, 7]]
[[1, 3, 6, 7, 7], [1, 3, 9, 12, 7]]
[[1, 3, 6, 7, 7], [12, 13, 20, 23, 15]]
[[1, 2, 17, 19, 12]]
[[1, 2, 16, 19, 4]]
[[8, 9, 5, 6, 7]]
[[1, 2, 5, 6, 7]]
[[9, 10, 14, 16, 7]]
[[1, 4, 5, 7, 20]]
[[1, 3, 13, 17, 8], [1, 3, 8, 9, 7], [19, 20, 25, 26, 7]]
[[4, 5, 7, 8, 7]]
[[1, 5, 6, 9, 7]]
[[1, 2, 8, 9, 7]]
[[1, 2, 6, 8, 7]]
[[1, 2, 4, 5, 1]]
[[1, 6, 7, 10, 7]]
[[4, 6, 9, 10, 7], [4, 6, 17, 18, 7], [4, 6, 19, 21, 7]]
[[1, 9, 10, 11, 7], [1, 9, 12, 14, 7]]
[[1, 2, 11, 14, 7], [1, 2, 21, 22, 7], [18, 20, 21, 22, 7]]
[[1, 2, 4, 5, 7], [14, 15, 16, 17, 8]]
[[1, 2, 3, 7, 7]]
[[1, 5, 8, 9, 7]]
[[12, 16, 7, 8, 7]]
[[11, 12, 8, 9, 7]]
[[1, 4, 5, 7, 7]]
[[4, 5, 6, 11, 7]]
[[1, 2, 5, 8, 7]]
[[7, 8, 10, 12, 7]]
[[1, 2, 3, 4, 7]]
[[1, 3, 6, 8, 7]]
[[1, 2, 3, 6, 8]]
[[1, 1, 2, 8, 7]]
[[1, 7, 10, 11, 7], [1, 7, 17, 18, 7], [13, 14, 10, 11, 7]]
[[1, 6, 10, 11, 7], [1, 6, 20, 23, 7], [1, 6, 26, 27, 7]]
[[1, 2, 6, 8, 7], [11, 14, 15, 17, 7], [11, 14, 19, 20, 7]]
[[1, 9, 10, 13, 7]]
[[4, 5, 9, 11, 8]]
[[6, 8, 9, 12, 7]]
[[14, 17, 7, 8, 7]]
[[2, 4, 5, 7, 8]]
[[1, 7, 8, 9, 7]]
[[1, 3, 7, 8, 7], [5, 6, 7, 8, 7]]
[[6, 10, 13, 16, 7]]
[[1, 6, 7, 7, 6]]
[[1, 3, 4, 7, 12]]
[]
[[1, 4, 5, 11, 8]]
[[6, 9, 1, 4, 7], [12, 16, 17, 18, 7], [12, 16, 20, 21, 8], [25, 26, 27, 28, 1]]
[[1, 2, 10, 12, 7]]
[[15, 16, 11, 13, 7], [18, 19, 11, 13, 20]]
[[1, 4, 5, 6, 8]]
[[1, 2, 3, 6, 7], [8, 9, 10, 13, 7]]
[[1, 5, 6, 7, 8]]
[[5, 6, 1, 3, 7]]
[[1, 2, 4, 6, 7]]
[[1, 3, 18, 19, 7]]
[[1, 2, 3, 5, 7]]
[[1, 2, 10, 11, 12], [1, 2, 13, 16, 12]]
[[15, 17, 25, 26, 7]]
[[1, 2, 7, 9, 7], [4, 5, 7, 9, 7]]
[[1, 5, 6, 7, 7]]
[[8, 9, 10, 11, 1]]
[[1, 2, 3, 5, 7]]
[[0, 0, 3, 8, 7]]
[[2, 3, 4, 7, 7]]
[[1, 4, 5, 6, 7]]
[[1, 4, 5, 7, 7]]
[[4, 6, 8, 10, 7], [4, 6, 11, 12, 7]]
[[1, 2, 4, 6, 7]]
[[11, 12, 8, 9, 7]]
[[8, 11, 12, 15, 20]]
[[3, 4, 8, 10, 7]]
[[1, 6, 7, 8, 12]]
[[1, 2, 4, 6, 7], [1, 2, 12, 13, 7], [8, 11, 12, 13, 20], [19, 20, 15, 18, 0]]
[[1, 2, 3, 5, 7]]
[[1, 4, 5, 6, 7], [1, 4, 8, 11, 7]]
[[1, 2, 3, 4, 7], [1, 2, 6, 8, 7]]
[[3, 7, 1, 2, 7]]
[[1, 4, 10, 13, 7]]
[[1, 4, 6, 8, 7], [10, 14, 16, 17, 20]]
[[1, 4, 20, 26, 7]]
[[3, 6, 7, 10, 15]]
[[1, 2, 3, 5, 8]]
[[3, 6, 7, 7, 8], [3, 6, 9, 10, 8]]
[[1, 2, 3, 6, 7], [1, 2, 3, 4, 7], [1, 2, 5, 6, 7], [1, 2, 8, 8, 7]]
[[6, 7, 8, 9, 7]]
[[2, 5, 7, 9, 7]]
[[1, 2, 8, 10, 7], [1, 2, 11, 13, 7]]
[[1, 2, 7, 9, 0]]
[[1, 2, 3, 6, 7]]
[[1, 4, 14, 17, 7]]
[[6, 6, 12, 14, 7]]
[[1, 2, 4, 5, 7], [1, 2, 6, 12, 7]]
[[1, 2, 3, 6, 7], [1, 2, 3, 4, 7], [1, 2, 5, 6, 7]]
[[1, 2, 3, 6, 7]]
[[1, 2, 6, 9, 7], [10, 11, 13, 13, 7]]
[[14, 16, 18, 19, 7], [1, 4, 8, 11, 6]]
[[3, 4, 6, 9, 1]]
[[10, 12, 6, 8, 12]]
[[4, 7, 10, 13, 7]]
[[14, 16, 9, 12, 12]]
[[1, 2, 3, 4, 7]]
[[1, 7, 8, 9, 7], [6, 7, 8, 9, 7], [6, 7, 10, 12, 7]]
[[1, 3, 4, 7, 7]]
[[4, 8, 10, 12, 7]]
[[1, 7, 8, 9, 7]]
[[13, 14, 15, 18, 7], [1, 6, 9, 11, 7]]
[[6, 10, 11, 14, 12]]
[[1, 4, 6, 7, 7], [1, 4, 10, 11, 7]]
[[3, 6, 7, 8, 20]]
[[1, 2, 5, 7, 7]]
[[1, 2, 5, 8, 7], [1, 2, 10, 14, 7]]
[[5, 6, 7, 10, 7]]
[[3, 5, 9, 11, 7], [3, 5, 13, 16, 7]]
[[1, 4, 20, 21, 7]]
[[1, 2, 3, 4, 7], [1, 2, 7, 10, 7], [1, 2, 12, 14, 7]]
[[1, 4, 5, 6, 12]]
[[1, 3, 4, 7, 7]]
[[1, 5, 7, 11, 7]]
[[1, 6, 13, 16, 7]]
[[1, 6, 11, 12, 7], [8, 9, 11, 12, 7]]
[[1, 2, 6, 9, 7], [14, 15, 16, 19, 7]]
[[1, 2, 3, 6, 7], [8, 9, 10, 11, 7]]
[[3, 3, 4, 6, 7]]
[[1, 4, 7, 10, 7]]
[[1, 4, 8, 11, 7]]
[[3, 8, 10, 15, 0]]
[[1, 3, 6, 8, 7]]
[[3, 4, 5, 8, 7]]
[[1, 4, 5, 7, 7]]
[[1, 3, 6, 7, 7], [11, 12, 15, 18, 1]]
[[1, 5, 7, 9, 7]]
[[1, 5, 9, 11, 8]]
[[4, 5, 6, 8, 7]]
[[6, 7, 3, 4, 7]]
[[1, 2, 3, 5, 7]]
[[3, 6, 7, 8, 7]]
[[1, 3, 4, 6, 7]]
[[1, 8, 9, 10, 12], [1, 8, 14, 15, 12]]
[[7, 12, 1, 3, 7]]
[[1, 3, 4, 5, 8]]
[[5, 7, 8, 10, 7]]
[[1, 2, 6, 7, 7]]
[[4, 11, 12, 13, 12], [9, 11, 12, 13, 12], [1, 2, 15, 17, 13]]
[[9, 10, 12, 16, 7]]
[[1, 6, 7, 8, 7]]
[[3, 6, 7, 11, 12]]
[[1, 3, 13, 18, 7], [8, 10, 13, 18, 7], [1, 6, 13, 18, 7]]
[[12, 15, 16, 17, 8], [1, 2, 18, 19, 6]]
[[2, 8, 9, 14, 6]]
[[1, 5, 12, 14, 0]]
[[1, 3, 5, 7, 20], [12, 14, 5, 7, 4]]
[[4, 5, 6, 7, 7], [0, 0, 4, 7, 7]]
[[1, 3, 4, 5, 7]]
[[1, 4, 5, 8, 4]]
[[1, 4, 7, 8, 7]]
[[1, 4, 5, 6, 7]]
[[1, 2, 3, 4, 7]]
[[1, 9, 11, 12, 7]]
[[3, 4, 5, 9, 25]]
[[1, 2, 3, 4, 7]]
[[8, 8, 10, 12, 7]]
[[1, 5, 9, 11, 7]]
[[1, 4, 11, 12, 7]]
[[4, 6, 8, 10, 7]]
[[1, 2, 3, 5, 7]]
[]
[[1, 5, 6, 7, 7], [1, 5, 8, 10, 7]]
[[1, 5, 6, 7, 7]]
[[1, 4, 5, 6, 8]]
[[4, 5, 9, 11, 15]]
[[1, 7, 10, 16, 7]]
[[3, 6, 7, 10, 7]]
[[1, 4, 6, 7, 13]]
[[9, 14, 4, 6, 7], [9, 14, 24, 25, 7], [27, 29, 24, 25, 7]]
[[1, 3, 4, 6, 7]]
[[11, 12, 13, 14, 7], [1, 7, 8, 9, 8]]
[[4, 7, 9, 12, 20]]
[]
[[1, 2, 5, 6, 7]]
[[1, 2, 4, 5, 15]]
[[1, 2, 3, 5, 7]]
[[1, 8, 9, 10, 7]]
[[7, 8, 3, 4, 7]]
[[6, 8, 9, 12, 7]]
[[4, 5, 9, 13, 7], [4, 8, 9, 13, 7]]
[[6, 9, 10, 13, 20]]
[[5, 9, 13, 16, 7]]
[[8, 9, 10, 13, 7], [5, 9, 10, 13, 7]]
[[4, 8, 9, 10, 7]]
[[1, 6, 9, 10, 7]]
[[1, 4, 5, 7, 7]]
[[1, 4, 5, 7, 15]]
[[1, 2, 9, 10, 13], [7, 8, 9, 10, 8]]
[[1, 5, 6, 14, 12]]
[[1, 4, 5, 6, 7], [1, 4, 8, 10, 7]]
[[1, 2, 3, 5, 7]]
[[1, 2, 4, 8, 7]]
[[1, 4, 7, 8, 7], [1, 6, 7, 8, 7]]
[[1, 2, 6, 7, 7], [1, 2, 9, 10, 8]]
[[1, 2, 3, 5, 20], [10, 11, 3, 5, 7]]
[[1, 4, 6, 9, 8]]
[[1, 2, 3, 6, 7]]
[[1, 3, 4, 7, 6]]
[[1, 3, 4, 5, 7], [7, 8, 9, 10, 8]]
[[1, 4, 5, 10, 7]]
[[1, 5, 6, 7, 7], [9, 10, 23, 26, 7]]
[[3, 4, 19, 21, 7], [6, 8, 19, 21, 7], [10, 12, 19, 21, 7], [14, 17, 19, 21, 7]]
[[6, 9, 10, 13, 7]]
[[1, 2, 8, 10, 7], [1, 4, 5, 6, 8]]
[[1, 4, 5, 8, 7]]
[[1, 4, 8, 10, 7]]
[[1, 4, 11, 13, 7], [6, 7, 11, 13, 7]]
[[1, 2, 3, 5, 7]]
[[1, 3, 9, 12, 7], [5, 6, 9, 12, 7]]
[[1, 3, 4, 5, 7]]
[[4, 5, 6, 8, 7], [4, 5, 9, 12, 7]]
[[1, 2, 5, 6, 8]]
[[1, 6, 7, 9, 8]]
[[1, 2, 3, 4, 7]]
[[1, 4, 5, 5, 20], [7, 10, 11, 12, 20]]
[[1, 4, 5, 6, 7]]
[[1, 2, 3, 5, 7]]
[[6, 7, 12, 13, 1]]
[]
[[1, 2, 11, 14, 7]]
[[6, 8, 10, 11, 7]]
[[1, 4, 7, 8, 7], [14, 15, 16, 19, 7], [21, 22, 23, 24, 7]]
[[1, 1, 4, 7, 7]]
[[1, 2, 3, 4, 15], [8, 9, 10, 11, 4]]
[[1, 6, 8, 9, 7]]
[[6, 7, 1, 2, 7], [6, 7, 3, 4, 7]]
[[1, 2, 7, 10, 8], [1, 2, 17, 20, 8]]
[[6, 7, 1, 3, 7]]
[[1, 4, 5, 7, 7]]
[[5, 6, 8, 10, 7], [1, 6, 8, 10, 7]]
[[10, 13, 14, 17, 8]]
[[1, 2, 3, 8, 7]]
[[6, 7, 9, 10, 1]]
[[1, 3, 6, 7, 7], [1, 3, 9, 14, 7]]
[[3, 6, 1, 2, 7], [3, 6, 8, 10, 7], [3, 6, 15, 17, 7], [3, 6, 18, 21, 7], [3, 6, 23, 27, 7], [11, 12, 8, 10, 7], [11, 12, 15, 17, 7]]
[[1, 2, 3, 6, 7]]
[[1, 2, 3, 9, 7], [12, 15, 16, 18, 7]]
[[1, 4, 6, 8, 7]]
[[11, 12, 4, 7, 7]]
[[5, 6, 10, 14, 7]]
[[1, 7, 8, 8, 8], [1, 7, 9, 10, 7]]
[[9, 9, 13, 14, 7], [9, 9, 19, 21, 7]]
[[1, 5, 13, 15, 7], [23, 24, 25, 27, 7]]
[[21, 22, 23, 24, 7], [1, 2, 27, 29, 7]]
[[1, 3, 7, 12, 12]]
[[1, 7, 9, 10, 6], [1, 7, 8, 10, 6]]
[[1, 3, 6, 9, 7]]
[[1, 6, 24, 26, 7], [16, 17, 24, 26, 7], [19, 20, 24, 26, 7], [9, 11, 12, 13, 8]]
[[3, 5, 6, 9, 7], [3, 5, 14, 16, 7], [11, 11, 12, 13, 7]]
[[5, 9, 10, 11, 8], [13, 14, 22, 24, 8], [1, 2, 3, 4, 7]]
[[6, 9, 17, 18, 7]]
[[8, 10, 3, 4, 15]]
[[1, 4, 5, 6, 7]]
[[16, 17, 19, 21, 7]]
[[1, 2, 3, 4, 7]]
[[1, 2, 7, 10, 1]]
[[1, 4, 5, 6, 12], [1, 4, 7, 9, 12], [1, 4, 28, 29, 12]]
[[0, 0, 13, 16, 0]]
[[1, 3, 4, 7, 7]]
[[3, 4, 8, 9, 8], [11, 12, 8, 9, 8]]
[[1, 3, 8, 10, 7], [4, 6, 8, 10, 7]]
[[1, 2, 4, 6, 7]]
[[14, 16, 3, 6, 7], [14, 16, 11, 12, 7]]
[[0, 0, 18, 21, 20]]
[[3, 4, 5, 6, 7]]
[[6, 7, 14, 15, 7], [6, 7, 17, 20, 7], [22, 23, 24, 25, 8], [26, 27, 28, 30, 7]]
[[1, 2, 3, 7, 7]]
[[1, 2, 3, 4, 7]]
[[1, 4, 5, 6, 7]]
[[1, 4, 5, 7, 7], [9, 10, 14, 15, 8], [12, 12, 14, 15, 8]]
[[1, 2, 3, 5, 15], [1, 2, 9, 11, 15]]
[[1, 2, 3, 6, 15]]
[[4, 5, 6, 7, 7]]
[[1, 2, 3, 4, 7]]
[[4, 5, 8, 10, 7], [2, 5, 8, 10, 7]]
[[1, 2, 3, 5, 7]]
[[1, 5, 6, 7, 7], [1, 5, 8, 10, 7]]
[[1, 5, 6, 7, 7]]
[[6, 9, 12, 14, 8]]
[[5, 7, 1, 3, 7]]
[[1, 2, 3, 4, 7]]
[[1, 4, 5, 6, 1]]
[[1, 4, 9, 11, 7], [6, 7, 9, 11, 7]]
[[1, 8, 10, 14, 8]]
[[1, 4, 5, 6, 7]]
[[1, 4, 5, 6, 7], [9, 11, 12, 15, 8]]
[[1, 6, 7, 10, 7], [12, 13, 14, 17, 7], [1, 8, 9, 10, 7]]
[[1, 2, 3, 4, 7], [1, 2, 5, 7, 7]]
[[6, 11, 1, 4, 7]]
[[19, 20, 15, 16, 7]]
[[1, 3, 5, 6, 12]]
[[1, 2, 9, 11, 7], [4, 5, 9, 11, 7]]
[[1, 2, 3, 5, 7]]
[[1, 2, 7, 10, 7]]
[[1, 2, 6, 7, 7], [1, 2, 13, 15, 7], [9, 10, 11, 12, 1]]
[[1, 4, 5, 6, 8]]
[[17, 18, 20, 23, 7], [17, 18, 26, 28, 7], [1, 6, 7, 8, 7], [1, 6, 26, 28, 7]]
[[1, 2, 3, 4, 7], [6, 8, 9, 10, 7]]
[[1, 6, 8, 14, 7]]
[[9, 12, 1, 3, 7], [14, 15, 1, 3, 7]]
[[1, 4, 5, 8, 7]]
[[16, 17, 12, 14, 7]]
[[3, 4, 10, 11, 7], [1, 4, 10, 11, 7]]
[[6, 7, 8, 13, 7]]
[[1, 2, 5, 6, 7], [1, 2, 8, 9, 7]]
[[3, 6, 8, 10, 7]]
[[2, 3, 6, 7, 7]]
[[1, 4, 5, 8, 7]]
[[4, 8, 11, 13, 8]]
[[7, 9, 3, 4, 7]]
[[1, 5, 6, 8, 7], [1, 5, 14, 17, 7]]
[[5, 8, 9, 10, 7], [12, 17, 18, 18, 6]]
[[1, 4, 5, 8, 20]]
[[1, 3, 4, 6, 7]]
[[1, 2, 10, 11, 7], [1, 2, 13, 18, 7]]
[[1, 2, 3, 8, 7]]
[[1, 2, 3, 5, 8], [7, 7, 10, 11, 7]]
[[1, 2, 4, 5, 15]]
[[1, 2, 7, 8, 7], [1, 2, 10, 12, 7]]
[[1, 2, 6, 8, 8], [11, 12, 13, 14, 8]]
[[7, 9, 10, 13, 7], [7, 9, 15, 17, 7]]
[[2, 3, 5, 8, 7]]
[[1, 3, 4, 5, 8]]
[[1, 2, 3, 4, 7]]
[[1, 4, 5, 8, 7]]
[[1, 2, 3, 6, 25]]
[[1, 2, 3, 4, 7], [5, 8, 10, 12, 7]]
[[3, 5, 7, 9, 7], [1, 5, 7, 9, 7]]
[[1, 3, 5, 8, 7]]
[[16, 17, 20, 23, 7], [16, 17, 27, 30, 7], [16, 17, 32, 35, 7]]
[[4, 5, 7, 8, 8]]
[[1, 2, 3, 5, 7]]
[[1, 3, 4, 6, 7]]
[[1, 3, 12, 14, 7]]
[[7, 11, 12, 14, 7]]
[[5, 6, 7, 8, 6]]
[[15, 16, 17, 20, 7]]
[[3, 6, 7, 9, 8]]
[[1, 4, 11, 14, 7]]
[[1, 3, 4, 5, 7]]
[[6, 7, 9, 11, 1], [14, 15, 17, 20, 8]]
[[5, 5, 6, 9, 8]]
[[1, 2, 3, 5, 7], [6, 8, 9, 10, 7], [6, 8, 11, 13, 7]]
[[1, 4, 7, 8, 7], [11, 12, 13, 14, 7], [11, 12, 15, 16, 7]]
[[26, 27, 31, 33, 7], [28, 29, 31, 33, 7], [4, 5, 9, 11, 7], [4, 5, 20, 24, 7]]
[[5, 6, 9, 9, 7], [16, 17, 18, 19, 1]]
[[3, 6, 9, 12, 15]]
[[1, 2, 5, 8, 7], [1, 2, 14, 16, 7], [9, 10, 11, 12, 7]]
[]
[[18, 20, 15, 16, 7]]
[[1, 2, 3, 4, 7]]
[[1, 6, 7, 7, 8]]
[[1, 3, 4, 5, 7]]
[[15, 17, 12, 13, 7]]
[[5, 6, 7, 10, 20]]
[[3, 4, 5, 8, 8]]
[[1, 1, 5, 10, 7]]
[[4, 6, 8, 9, 4]]
[[1, 4, 5, 6, 20], [7, 10, 11, 12, 7]]
[[1, 2, 3, 4, 7]]
[[6, 7, 1, 3, 7]]
[[1, 4, 10, 12, 20]]
[[1, 4, 8, 9, 7], [6, 7, 8, 9, 7]]
[[33, 33, 34, 36, 7], [1, 5, 26, 28, 7], [1, 5, 34, 36, 7]]
[[1, 3, 4, 11, 7]]
[[3, 3, 4, 6, 7]]
[[1, 2, 5, 7, 25]]
[[1, 1, 2, 4, 7], [15, 16, 12, 14, 7], [15, 16, 17, 20, 7]]
[[1, 7, 11, 14, 7]]
[[1, 2, 6, 10, 7], [1, 2, 20, 21, 7], [12, 14, 15, 16, 7]]
[[12, 14, 1, 4, 7]]
[[1, 5, 6, 8, 7], [1, 5, 9, 12, 7]]
[[7, 9, 11, 12, 25], [16, 17, 18, 21, 25]]
[[6, 9, 1, 2, 7], [6, 9, 3, 4, 6]]
[[1, 3, 14, 17, 7]]
[[1, 2, 3, 6, 7]]
[[1, 4, 5, 8, 6]]
[[4, 5, 6, 8, 8]]
[[3, 4, 9, 11, 7]]
[[1, 2, 3, 5, 7]]
[[1, 2, 3, 4, 12], [15, 16, 17, 18, 8]]
[[15, 16, 17, 19, 8]]
[[1, 2, 4, 6, 7]]
[[6, 9, 10, 12, 7]]
[[0, 0, 20, 23, 7], [0, 0, 13, 16, 0]]
[[1, 2, 4, 4, 7]]
[[8, 9, 11, 13, 7]]
[[1, 4, 5, 6, 7], [1, 4, 7, 8, 7]]
[[6, 7, 8, 11, 15]]
[[1, 4, 7, 8, 7], [1, 4, 12, 14, 7]]
[[8, 9, 10, 12, 25]]
[[1, 2, 3, 6, 7]]
[[4, 5, 10, 13, 7], [7, 8, 10, 13, 7]]
[[1, 4, 5, 8, 12], [1, 4, 9, 11, 12], [18, 20, 21, 23, 12]]
[[1, 6, 12, 15, 8]]
[[1, 2, 5, 7, 7], [1, 2, 11, 14, 7]]
[[3, 8, 12, 13, 20]]
[[4, 5, 6, 8, 8]]
[[1, 3, 4, 6, 7], [1, 3, 9, 11, 7]]
[[5, 7, 14, 15, 7]]
[[1, 5, 29, 32, 7]]
[[4, 5, 6, 9, 7]]
[[1, 2, 5, 7, 6], [8, 9, 10, 10, 8], [12, 13, 14, 15, 7]]
[[1, 6, 7, 8, 7]]
[[1, 4, 5, 6, 7]]
[[5, 6, 7, 11, 8]]
[[5, 6, 7, 8, 7]]
[[1, 5, 8, 11, 7]]
[[1, 4, 5, 11, 7]]
[[1, 3, 7, 8, 7]]
[[1, 2, 3, 6, 7]]
[[1, 5, 9, 13, 7]]
[[9, 11, 4, 7, 1]]
[[4, 7, 8, 9, 8]]
[[1, 2, 3, 4, 7], [6, 7, 8, 8, 8]]
[[1, 6, 28, 29, 6], [1, 6, 27, 29, 6], [21, 22, 27, 29, 1], [23, 24, 28, 29, 8]]
[[10, 11, 12, 15, 1]]
[[1, 3, 4, 7, 7]]
[[1, 4, 5, 6, 7]]
[[1, 2, 3, 4, 4], [1, 2, 5, 9, 4]]
[[1, 4, 5, 6, 7]]
[[1, 6, 9, 10, 8]]
[[1, 5, 7, 8, 7]]
[[11, 14, 3, 5, 7], [11, 14, 17, 19, 7]]
[[4, 6, 7, 8, 7]]
[[1, 4, 8, 9, 7], [1, 4, 17, 20, 7]]
[[1, 4, 5, 6, 7]]
[[15, 16, 10, 11, 0]]
[[1, 9, 10, 13, 7]]
[[4, 7, 2, 3, 7]]
[[6, 7, 8, 9, 7]]
[[4, 5, 7, 9, 7]]
[[3, 6, 7, 7, 7]]
[[1, 5, 6, 7, 7]]
[[2, 7, 8, 9, 20], [11, 12, 8, 9, 20], [11, 12, 14, 16, 20]]
[[2, 3, 6, 7, 7], [4, 5, 6, 7, 7]]
[[1, 4, 8, 12, 7]]
[[1, 2, 3, 4, 7]]
[[1, 2, 3, 5, 7], [1, 2, 8, 9, 8], [1, 2, 10, 12, 7]]
[[1, 4, 5, 8, 7]]
[[1, 2, 3, 5, 7], [1, 2, 6, 9, 7]]
[[1, 2, 3, 5, 8]]
[[1, 4, 8, 11, 7]]
[[1, 2, 5, 6, 7], [1, 2, 8, 11, 7]]
[[8, 9, 5, 6, 7]]
[[4, 6, 17, 19, 7]]
[[10, 11, 14, 15, 8], [19, 21, 22, 25, 7]]
[[1, 2, 3, 9, 7]]
[[10, 13, 6, 9, 7]]
[[11, 14, 15, 19, 7]]
[[1, 2, 8, 10, 7]]
[[2, 3, 4, 5, 7], [7, 8, 9, 13, 7]]
[[7, 9, 10, 12, 7]]
[[1, 2, 5, 7, 7], [1, 2, 19, 22, 7]]
[[1, 5, 6, 9, 7]]
[[1, 3, 4, 5, 7]]
[[2, 2, 6, 9, 7]]
[[8, 10, 3, 4, 7]]
[[1, 2, 3, 5, 7]]
[[4, 10, 15, 18, 7]]
[[0, 0, 15, 19, 1]]
[[1, 2, 8, 12, 7]]
[[7, 8, 13, 18, 7]]
[[11, 12, 6, 9, 7]]
[[4, 5, 9, 11, 20]]
[[3, 6, 9, 10, 7]]
[[1, 8, 9, 10, 7]]
[[3, 4, 10, 11, 7]]
[[1, 4, 5, 6, 7]]
[[1, 3, 9, 13, 7]]
[[0, 0, 17, 20, 7]]
[[5, 6, 14, 15, 12], [5, 6, 23, 25, 12]]
[[4, 6, 1, 3, 7], [4, 6, 9, 10, 7]]
[[1, 5, 11, 12, 7], [7, 9, 11, 12, 7]]
[[7, 9, 1, 5, 7]]
[[1, 2, 4, 6, 7]]
[[1, 9, 10, 14, 7]]
[[1, 2, 4, 7, 7]]
[[7, 9, 4, 6, 7], [7, 9, 21, 25, 7], [13, 14, 15, 16, 7]]
[[1, 3, 4, 8, 7], [1, 3, 9, 10, 7], [12, 13, 14, 15, 1]]
[[1, 2, 3, 6, 7]]
[[1, 3, 4, 7, 7], [9, 10, 11, 12, 7]]
[[1, 4, 7, 9, 8], [12, 12, 14, 16, 8]]
[[1, 4, 7, 8, 7], [1, 4, 24, 26, 7]]
[[1, 3, 4, 6, 7], [1, 3, 10, 13, 7]]
[[3, 4, 5, 6, 7]]
[[1, 6, 9, 10, 7]]
[[8, 9, 11, 13, 7]]
[[10, 11, 12, 14, 1], [1, 2, 3, 7, 4]]
[[3, 5, 6, 8, 12]]
[[4, 7, 25, 28, 12]]
[[6, 7, 1, 4, 7]]
[[1, 6, 7, 10, 12]]
[[1, 2, 3, 7, 7]]
[[3, 6, 8, 10, 15]]
[[1, 5, 6, 9, 7]]
[[1, 4, 10, 11, 7]]
[[1, 2, 3, 6, 7]]
[[1, 5, 6, 9, 7]]
[[3, 4, 14, 17, 7]]
[[1, 2, 3, 6, 7]]
[[1, 5, 6, 9, 7]]
[[1, 2, 3, 4, 7], [1, 2, 8, 8, 8]]
[[1, 4, 5, 7, 7]]
[[2, 3, 5, 7, 7]]
[[1, 7, 11, 13, 7]]
[[1, 4, 5, 7, 7]]
[[4, 5, 7, 9, 13]]
[[1, 5, 6, 8, 7]]
[[5, 8, 2, 3, 7]]
[[1, 2, 4, 5, 8]]
[[8, 9, 12, 15, 8], [24, 25, 27, 29, 7]]
[[1, 4, 5, 6, 8]]
[[7, 8, 9, 20, 7], [7, 8, 19, 20, 7]]
[[3, 7, 8, 13, 7], [14, 15, 16, 17, 7]]
[[1, 2, 3, 4, 7]]
[[1, 7, 8, 10, 7]]
[[1, 6, 7, 10, 7]]
[[3, 4, 9, 12, 15]]
[[1, 4, 5, 6, 7]]
[[4, 6, 7, 9, 7]]
[[1, 2, 3, 6, 7], [1, 2, 7, 8, 7]]
[[1, 3, 6, 9, 8], [1, 3, 11, 14, 7], [15, 16, 17, 18, 7]]
[[3, 6, 7, 10, 7]]
[[11, 12, 13, 17, 1]]
[[1, 2, 8, 10, 7]]
[[11, 14, 9, 10, 7]]
[[3, 4, 5, 9, 0]]
[[1, 3, 4, 10, 7]]
[[0, 0, 3, 7, 7], [1, 2, 3, 7, 7]]
[[1, 2, 3, 6, 8], [7, 8, 9, 9, 8]]
[[5, 8, 12, 14, 7], [16, 17, 18, 21, 7]]
[[1, 2, 5, 7, 0], [15, 16, 5, 7, 0]]
[[1, 2, 3, 4, 7]]
[[1, 2, 3, 4, 7]]
[[3, 5, 7, 8, 7], [3, 5, 12, 13, 7]]
[[1, 3, 4, 7, 7], [1, 3, 8, 9, 7]]
[[1, 4, 5, 6, 15]]
[[1, 4, 5, 11, 7]]
[[1, 4, 5, 6, 13]]
[[1, 4, 5, 6, 7]]
[[1, 9, 10, 11, 7]]
[[1, 4, 6, 9, 7]]
[[1, 5, 6, 8, 7]]
[[1, 6, 8, 11, 7]]
[[1, 2, 3, 4, 7]]
[[1, 5, 16, 17, 7], [7, 10, 16, 17, 7]]
[[1, 2, 4, 9, 20]]
[[1, 2, 7, 10, 6]]
[[10, 11, 13, 16, 7]]
[[1, 4, 5, 6, 7], [7, 8, 9, 10, 7], [19, 20, 21, 22, 7]]
[[3, 4, 6, 7, 15], [9, 14, 16, 17, 7]]
[[1, 4, 5, 6, 7]]
[[5, 6, 1, 3, 7]]
[[1, 2, 3, 4, 7]]
[[1, 3, 4, 5, 7], [1, 3, 6, 8, 7]]
[[1, 2, 3, 4, 15], [1, 2, 5, 6, 15], [7, 9, 11, 12, 20]]
[[1, 3, 10, 12, 7]]
[[1, 4, 5, 7, 7], [17, 20, 21, 22, 7], [17, 20, 23, 25, 7]]
[[3, 3, 4, 6, 7]]
[[1, 4, 5, 6, 7]]
[[1, 2, 4, 5, 7]]
[[1, 5, 11, 14, 0]]
[[1, 2, 7, 9, 7]]
[[3, 4, 19, 20, 7], [5, 8, 9, 11, 7], [21, 22, 26, 28, 7]]
[[1, 2, 4, 7, 7]]
[[1, 4, 8, 11, 7]]
[[1, 2, 5, 8, 7]]
[[7, 8, 4, 5, 7], [7, 8, 15, 16, 7], [7, 8, 10, 11, 7], [12, 13, 10, 11, 7], [12, 13, 15, 16, 7]]
[[1, 2, 3, 9, 7]]
[[1, 1, 2, 6, 7], [1, 1, 14, 17, 7], [1, 1, 9, 10, 7]]
[[1, 4, 6, 7, 7]]
[[4, 5, 1, 3, 7]]
[[19, 22, 16, 17, 8], [27, 28, 24, 25, 8]]
[[1, 5, 8, 11, 7], [1, 5, 17, 19, 7]]
[[1, 2, 3, 5, 7], [7, 8, 9, 10, 7], [12, 13, 14, 16, 7]]
[[1, 7, 8, 9, 7]]
[[1, 5, 6, 7, 7]]
[[1, 3, 14, 17, 7]]
[[4, 5, 6, 7, 7]]
[[1, 5, 7, 9, 7]]
[[12, 14, 8, 10, 7], [12, 14, 25, 28, 7]]
[[6, 9, 10, 16, 7], [6, 9, 20, 23, 7]]
[[1, 3, 4, 6, 7], [1, 3, 8, 9, 7], [11, 12, 13, 14, 7]]
[[1, 3, 8, 11, 7], [13, 14, 16, 17, 7]]
[[1, 5, 6, 9, 7]]
[[1, 3, 9, 12, 7], [5, 8, 9, 12, 7]]
[[1, 3, 9, 10, 6]]
[[6, 7, 1, 4, 7], [6, 7, 8, 13, 7]]
[[1, 6, 7, 10, 8], [13, 14, 16, 18, 7]]
[[1, 2, 4, 6, 7], [1, 2, 7, 10, 7]]
[[9, 10, 15, 16, 7], [9, 10, 17, 21, 7]]
[[1, 3, 4, 5, 7], [1, 3, 6, 8, 7]]
[[1, 2, 3, 5, 7]]
[[3, 4, 5, 6, 7]]
[[1, 2, 3, 6, 7]]
[[1, 4, 8, 10, 7], [18, 19, 20, 22, 7]]
[]
[[1, 2, 3, 5, 7], [1, 2, 6, 9, 7], [1, 2, 11, 14, 7], [19, 20, 21, 22, 7]]
[[1, 2, 3, 5, 8]]
[[1, 2, 3, 5, 7], [7, 8, 9, 10, 1], [11, 12, 13, 14, 8]]
[[1, 2, 3, 8, 7], [14, 18, 20, 21, 7]]
[[1, 4, 5, 6, 7]]
[[1, 1, 2, 3, 7]]
[[7, 11, 14, 15, 7]]
[[1, 2, 4, 5, 7]]
[[5, 5, 9, 11, 7], [0, 0, 9, 11, 7]]
[[3, 4, 5, 6, 7]]
[[1, 2, 7, 8, 8], [11, 15, 18, 20, 20]]
[[2, 3, 6, 9, 7]]
[[6, 9, 1, 3, 7], [11, 15, 1, 3, 7]]
[[3, 4, 5, 7, 7]]
[[1, 5, 6, 8, 7]]
[[3, 5, 6, 9, 7], [3, 5, 11, 15, 7]]
[[1, 7, 8, 10, 7]]
[[4, 8, 1, 2, 7]]
[[1, 2, 6, 9, 7], [13, 14, 15, 20, 7]]
[[1, 2, 8, 9, 7], [14, 15, 16, 18, 8]]
[[1, 4, 6, 8, 7]]
[[1, 2, 3, 6, 7]]
[[6, 7, 9, 10, 1], [18, 19, 23, 26, 12], [21, 22, 23, 26, 7], [39, 40, 42, 44, 12]]
[[0, 0, 13, 15, 7], [3, 4, 5, 7, 1], [3, 4, 5, 9, 1]]
[[1, 4, 12, 14, 7]]
[[1, 3, 4, 7, 7]]
[[5, 6, 8, 9, 7]]
[[0, 0, 6, 8, 7], [1, 2, 6, 8, 7]]
[[1, 2, 3, 4, 7]]
[[3, 6, 9, 11, 7]]
[[2, 6, 7, 8, 7]]
[[5, 9, 10, 11, 7]]
[[2, 3, 7, 10, 7], [2, 3, 4, 10, 7]]
[[0, 0, 9, 11, 7]]
[[4, 5, 6, 7, 4], [8, 9, 11, 15, 4]]
[[3, 6, 7, 10, 4]]
[[1, 2, 4, 7, 7]]
[[3, 5, 6, 8, 7]]
[[1, 6, 7, 8, 7], [1, 4, 11, 13, 7]]
[[6, 10, 1, 5, 7]]
[[6, 9, 15, 17, 7]]
[[3, 5, 6, 10, 6]]
[[1, 2, 3, 6, 4]]
[[1, 2, 3, 7, 7]]
[[1, 2, 6, 9, 7], [1, 2, 16, 19, 7], [1, 2, 11, 14, 7]]
[[1, 2, 5, 8, 7], [1, 2, 21, 24, 7]]
[[4, 5, 1, 2, 7]]
[[1, 5, 6, 7, 8], [1, 5, 11, 15, 8]]
[[1, 2, 3, 4, 7]]
[[5, 10, 11, 15, 7]]
[[1, 3, 7, 10, 7]]
[[0, 0, 1, 6, 7]]
[[8, 9, 3, 6, 7]]
[[17, 18, 25, 29, 7]]
[[1, 5, 7, 10, 7]]
[[3, 4, 5, 6, 7], [3, 4, 7, 10, 7]]
[[4, 7, 23, 25, 7], [17, 19, 14, 15, 7]]
[[2, 3, 7, 11, 1]]
[[1, 2, 3, 3, 20], [5, 6, 7, 9, 7]]
[[1, 3, 4, 5, 7]]
[[1, 4, 5, 6, 7], [1, 4, 7, 10, 7]]
[[30, 31, 32, 36, 7]]
[[1, 4, 5, 6, 7]]
[[5, 6, 9, 10, 1]]
[[1, 3, 7, 10, 7]]
[[1, 5, 6, 7, 8]]
[[1, 3, 8, 12, 7]]
[[14, 18, 3, 4, 7]]
[[1, 4, 5, 7, 7]]
[[0, 0, 14, 17, 15], [3, 3, 14, 17, 4], [3, 10, 11, 12, 4]]
[[9, 14, 15, 16, 8]]
[[1, 4, 5, 8, 7]]
[[5, 6, 10, 13, 7]]
[[1, 4, 7, 8, 7]]
[[1, 2, 3, 6, 4]]
[[9, 10, 1, 2, 0]]
[[1, 5, 6, 7, 7]]
[[1, 2, 8, 12, 7]]
[[10, 11, 12, 17, 0]]
[[1, 2, 10, 12, 7]]
[[1, 1, 3, 5, 15]]
[[4, 6, 7, 9, 7]]
[[1, 5, 8, 10, 7]]
[[5, 8, 10, 12, 20]]
[[2, 3, 4, 7, 7]]
[[1, 2, 6, 7, 7], [1, 2, 12, 15, 7]]
[[12, 15, 18, 20, 8]]
[[1, 2, 3, 6, 7], [1, 2, 8, 9, 7], [10, 11, 13, 14, 7]]
[[1, 2, 8, 9, 7], [3, 4, 8, 9, 7], [5, 6, 8, 9, 7]]
[[1, 2, 4, 6, 7], [7, 8, 10, 10, 8]]
[[1, 6, 7, 10, 7]]
[[1, 5, 14, 16, 7], [1, 2, 20, 21, 7]]
[[1, 3, 4, 5, 7]]
[[1, 2, 3, 4, 7]]
[[1, 2, 3, 5, 7]]
[[14, 15, 16, 17, 1]]
[[1, 2, 3, 6, 7]]
[[1, 3, 8, 13, 7]]
[[1, 7, 8, 9, 7]]
[[1, 4, 5, 8, 7]]
[]
[[1, 2, 3, 4, 7], [7, 7, 8, 9, 7]]
[[5, 6, 7, 9, 7]]
[[1, 2, 12, 13, 7], [1, 2, 15, 16, 7]]
[[3, 6, 7, 11, 6]]
[[8, 9, 3, 6, 7]]
[[10, 12, 13, 16, 7]]
[[5, 8, 1, 2, 7]]
[[1, 2, 3, 4, 7], [1, 2, 5, 9, 7]]
[[1, 2, 3, 5, 7]]
[[3, 6, 7, 8, 15]]
[[1, 2, 3, 4, 7]]
[[1, 4, 5, 6, 7]]
[[3, 6, 7, 10, 15]]
[[10, 11, 13, 18, 7]]
[[1, 4, 5, 6, 7]]
[[1, 2, 8, 9, 7]]
[[5, 7, 8, 12, 7], [5, 7, 15, 16, 7], [5, 7, 18, 21, 7]]
[[1, 2, 15, 19, 20], [8, 9, 15, 19, 20]]
[[4, 15, 2, 3, 7]]
[[6, 7, 3, 4, 7], [16, 17, 19, 22, 1]]
[[5, 6, 8, 10, 7]]
[[0, 0, 7, 12, 7]]
[[6, 8, 12, 13, 7]]
[[18, 21, 1, 2, 7]]
[[3, 6, 8, 9, 7]]
[[1, 2, 3, 4, 12]]
[[20, 21, 22, 24, 7]]
[[1, 4, 5, 8, 7]]
[[5, 9, 11, 13, 7]]
[[1, 2, 15, 17, 6]]
[[3, 7, 8, 9, 0]]
[[5, 6, 11, 14, 7], [5, 6, 16, 20, 7]]
[[5, 5, 6, 8, 7], [10, 11, 12, 13, 20]]
[[1, 2, 3, 4, 7], [6, 7, 3, 4, 7]]
[[1, 2, 4, 7, 20]]
[[4, 5, 8, 11, 4]]
[[10, 12, 5, 6, 7]]
[[6, 7, 8, 10, 7], [6, 7, 8, 11, 7]]
[[1, 4, 6, 8, 7]]
[[2, 3, 7, 10, 7]]
[[1, 2, 3, 4, 15], [5, 6, 7, 9, 15]]
[[1, 2, 4, 7, 7]]
[[1, 2, 3, 5, 7], [1, 2, 9, 10, 8]]
[[1, 2, 3, 5, 7]]
[[1, 4, 5, 6, 7], [1, 4, 8, 12, 7]]
[[1, 6, 10, 11, 7]]
[[1, 5, 7, 9, 7], [12, 13, 14, 15, 7], [17, 18, 23, 24, 7]]
[[1, 2, 3, 4, 7]]
[[24, 25, 27, 28, 7]]
[[1, 3, 11, 12, 7], [5, 6, 11, 12, 7]]
[[12, 16, 17, 18, 8]]
[[6, 10, 11, 14, 7]]
[[1, 1, 7, 9, 7]]
[[4, 6, 7, 8, 7], [9, 10, 13, 14, 7]]
[[1, 4, 5, 8, 7]]
[[1, 2, 3, 4, 7], [7, 12, 13, 14, 20]]
[[7, 8, 9, 10, 7], [7, 8, 11, 13, 7]]
[[6, 7, 8, 8, 7], [9, 10, 11, 11, 8], [13, 14, 16, 17, 20]]
[[1, 4, 5, 5, 6]]
[[1, 4, 6, 7, 7], [1, 4, 8, 11, 7]]
[[2, 4, 6, 9, 7]]
[[1, 3, 6, 8, 12]]
[[3, 4, 5, 6, 7]]
[[3, 4, 6, 7, 7], [3, 4, 8, 10, 7], [3, 4, 12, 13, 7]]
[[6, 7, 3, 4, 7], [9, 10, 3, 4, 7]]
[[1, 6, 7, 8, 7]]
[[1, 4, 5, 8, 7]]
[]
[[1, 4, 5, 8, 7]]
[[1, 2, 4, 5, 7]]
[]
[[1, 3, 4, 5, 7], [7, 8, 10, 11, 8]]
[]
[[1, 3, 4, 7, 7]]
[[1, 4, 5, 7, 8]]
[[3, 4, 5, 7, 7]]
[[1, 3, 9, 12, 7]]
[[1, 3, 5, 6, 7]]
[[1, 8, 15, 17, 7]]
[[3, 4, 6, 11, 7]]
[[0, 0, 4, 7, 7]]
[[1, 12, 13, 16, 7]]
[[1, 6, 7, 8, 7], [1, 4, 10, 13, 7]]
[[7, 10, 1, 5, 0], [15, 21, 1, 5, 7], [23, 25, 26, 28, 7]]
[[7, 9, 13, 15, 7], [11, 11, 13, 15, 7]]
[[5, 6, 7, 8, 7]]
[[4, 6, 7, 10, 7]]
[[1, 2, 7, 9, 7], [1, 2, 11, 14, 7], [1, 2, 23, 26, 7]]
[[1, 2, 3, 4, 7], [1, 2, 7, 8, 8]]
[[4, 5, 6, 9, 7]]
[[1, 3, 4, 7, 7], [1, 3, 8, 10, 7]]
[[6, 7, 3, 4, 7]]
[[5, 6, 7, 11, 7]]
[[0, 0, 12, 14, 0], [4, 5, 12, 14, 1]]
[[1, 5, 6, 7, 7]]
[[1, 3, 4, 5, 7], [1, 3, 16, 18, 7], [13, 15, 8, 11, 7], [13, 15, 16, 18, 7]]
[[1, 2, 3, 8, 15]]
[[1, 6, 7, 10, 12], [12, 14, 19, 20, 7]]
[[1, 4, 10, 11, 20]]
[[1, 2, 6, 10, 7], [4, 5, 6, 10, 7], [4, 5, 20, 23, 7]]
[[1, 4, 5, 6, 7]]
[[9, 10, 17, 19, 7], [21, 22, 23, 29, 7]]
[[3, 3, 4, 7, 7]]
[[9, 12, 14, 15, 12]]
[[1, 3, 6, 8, 7]]
[[1, 4, 5, 6, 20]]
[[1, 3, 4, 5, 7], [1, 3, 6, 7, 7], [1, 3, 16, 18, 7]]
[[7, 8, 23, 25, 7]]
[[1, 5, 6, 9, 7]]
[[13, 13, 17, 20, 7]]
[[1, 7, 9, 12, 7]]
[[1, 6, 7, 10, 7], [1, 6, 11, 12, 7]]
[[1, 2, 7, 10, 7]]
[[1, 3, 4, 5, 7]]
[[3, 4, 8, 11, 8]]
[[5, 8, 9, 10, 7]]
[[1, 2, 9, 10, 7], [4, 5, 9, 10, 7]]
[[6, 6, 9, 11, 7], [6, 6, 14, 17, 7]]
[[1, 4, 7, 9, 7]]
[[1, 1, 5, 7, 7]]
[[4, 5, 7, 8, 7]]
[[11, 13, 18, 20, 7]]
[[1, 4, 6, 7, 20]]
[[1, 4, 5, 7, 7]]
[[1, 3, 4, 6, 7]]
[[1, 8, 18, 22, 7]]
[[6, 12, 1, 3, 7]]
[[1, 7, 8, 9, 7]]
[[1, 3, 7, 9, 12]]
[[1, 5, 9, 10, 7], [1, 5, 11, 13, 7]]
[[6, 7, 8, 10, 7], [6, 7, 1, 4, 7]]
[[1, 2, 3, 4, 7], [1, 2, 6, 9, 7]]
[[6, 12, 1, 3, 7]]
[[1, 2, 3, 5, 15]]
[[3, 6, 7, 8, 8]]
[[1, 6, 7, 10, 7], [1, 6, 11, 12, 7]]
[[1, 2, 3, 6, 7]]
[[1, 2, 3, 6, 7]]
[[1, 6, 7, 8, 7]]
[[1, 4, 5, 9, 7]]
[[6, 11, 1, 2, 7]]
[[7, 8, 10, 11, 7]]
[[1, 5, 6, 8, 7]]
[[1, 2, 7, 8, 7]]
[[1, 3, 8, 9, 7], [1, 3, 14, 17, 7], [1, 3, 19, 22, 7]]
[[1, 2, 4, 6, 7], [1, 2, 12, 13, 7], [1, 2, 19, 22, 7]]
[[6, 9, 10, 12, 12]]
[[4, 8, 10, 17, 7]]
[[1, 2, 5, 6, 7], [8, 9, 10, 13, 7]]
[[5, 6, 3, 4, 7], [8, 9, 10, 11, 7], [19, 21, 16, 18, 7], [19, 21, 25, 26, 7]]
[[1, 4, 6, 9, 7], [15, 17, 13, 14, 7]]
[[1, 2, 3, 4, 7]]
[[3, 5, 9, 10, 7], [14, 15, 18, 21, 7]]
[[4, 8, 16, 18, 8], [20, 21, 22, 23, 8]]
[[0, 0, 1, 4, 7], [0, 0, 6, 7, 7]]
[[1, 4, 5, 6, 7]]
[[1, 2, 3, 4, 7]]
[[1, 5, 6, 7, 8]]
[[1, 3, 7, 9, 7], [5, 6, 7, 9, 7]]
[[5, 8, 9, 10, 7]]
[[1, 4, 6, 8, 7]]
[[3, 5, 10, 11, 7]]
[[9, 12, 13, 16, 7]]
[[11, 13, 5, 6, 7]]
[[3, 6, 8, 10, 20]]
[[1, 5, 6, 9, 7]]
[[6, 7, 8, 9, 7]]
[[1, 4, 11, 12, 7], [1, 4, 13, 15, 7], [1, 4, 19, 21, 7], [6, 9, 11, 12, 7]]
[[7, 8, 12, 15, 8], [7, 8, 14, 15, 8]]
[[8, 9, 1, 4, 7], [8, 9, 11, 15, 8], [8, 9, 18, 20, 7], [22, 23, 26, 28, 7], [22, 23, 29, 30, 7]]
[[1, 2, 3, 6, 7]]
[[3, 4, 13, 15, 7], [3, 4, 16, 19, 7], [20, 21, 22, 23, 7], [3, 6, 7, 8, 8]]
[[1, 6, 7, 10, 7]]
[[1, 5, 7, 9, 7]]
[[22, 23, 17, 18, 7], [26, 28, 17, 18, 7]]
[[1, 5, 7, 8, 8]]
[[6, 7, 3, 4, 7]]
[[7, 12, 3, 6, 7]]
[[1, 5, 6, 8, 7]]
[[1, 3, 5, 8, 7], [1, 6, 7, 8, 7]]
[[3, 4, 8, 11, 7], [3, 4, 17, 18, 7]]
[[3, 4, 21, 24, 7]]
[[4, 5, 10, 12, 15], [7, 8, 10, 12, 7]]
[[1, 2, 3, 5, 7]]
[[3, 7, 11, 13, 7]]
[[1, 5, 6, 7, 6]]
[[4, 7, 8, 9, 12], [4, 5, 14, 16, 12]]
[[1, 6, 10, 12, 20], [3, 6, 10, 12, 20]]
[[4, 6, 8, 10, 25]]
[[1, 2, 3, 6, 7]]
[[1, 2, 3, 4, 7]]
[[1, 5, 8, 10, 12], [1, 5, 12, 14, 12]]
[[1, 4, 5, 8, 7]]
[[1, 2, 3, 6, 7]]
[[1, 2, 11, 11, 7], [1, 2, 20, 23, 7], [3, 4, 20, 23, 7]]
[[3, 4, 8, 11, 7]]
[[1, 2, 3, 6, 7]]
[[3, 4, 5, 6, 6], [3, 4, 7, 9, 7]]
[[1, 4, 5, 6, 12], [1, 4, 7, 9, 12]]
[[3, 4, 14, 16, 7]]
[[1, 8, 9, 12, 20]]
[[2, 4, 6, 9, 4]]
[[10, 11, 7, 8, 7]]
[[7, 8, 9, 10, 20], [14, 15, 9, 10, 0]]
[[8, 10, 3, 6, 7]]
[[4, 6, 7, 10, 7]]
[[1, 2, 3, 5, 7]]
[[1, 1, 5, 7, 7]]
[[5, 8, 1, 2, 7]]
[[1, 2, 4, 5, 1]]
[[1, 4, 5, 7, 7]]
[[1, 2, 3, 4, 7]]
[[7, 9, 4, 5, 8]]
[[1, 5, 7, 9, 7], [1, 5, 7, 11, 7], [1, 5, 16, 19, 7]]
[[1, 2, 5, 7, 7]]
[[13, 14, 9, 11, 7]]
[[1, 2, 3, 5, 7]]
[[1, 5, 6, 7, 7]]
[[1, 6, 21, 24, 7], [10, 11, 21, 24, 7]]
[]
[[1, 2, 10, 11, 7]]
[[3, 4, 7, 10, 7], [3, 4, 12, 15, 7]]
[[1, 5, 7, 11, 7]]
[]
[[11, 12, 13, 16, 7]]
[[1, 2, 6, 9, 7]]
[[1, 8, 9, 10, 7]]
[[1, 2, 4, 8, 7]]
[[3, 4, 5, 8, 7]]
[[9, 10, 11, 14, 7], [15, 16, 17, 18, 7]]
[]
[[1, 14, 17, 18, 7]]
[[1, 2, 9, 11, 7], [4, 7, 9, 11, 7]]
[[1, 8, 9, 11, 7]]
[[1, 2, 4, 5, 7]]
[[1, 2, 3, 4, 7]]
[[1, 4, 10, 10, 8], [6, 8, 10, 10, 8]]
[[1, 3, 4, 7, 7]]
[[0, 0, 10, 12, 0]]
[[1, 7, 11, 12, 20], [1, 7, 14, 17, 20]]
[[10, 11, 7, 8, 7], [10, 11, 1, 4, 7]]
[[1, 3, 7, 9, 7]]
[[1, 4, 18, 19, 7]]
[[1, 2, 13, 16, 0]]
[[4, 7, 1, 2, 4], [4, 7, 9, 13, 0]]
[[2, 5, 6, 8, 20], [10, 13, 14, 16, 20]]
[[1, 5, 6, 9, 7]]
[[1, 2, 3, 6, 7], [10, 11, 17, 18, 7]]
[[6, 7, 10, 11, 15]]
[[33, 36, 25, 30, 0]]
[[1, 2, 3, 8, 7]]
[[0, 0, 1, 4, 7], [1, 2, 3, 4, 7]]
[[1, 4, 10, 12, 7]]
[[1, 2, 4, 6, 7], [10, 11, 13, 17, 1]]
[[4, 9, 10, 11, 20], [4, 9, 12, 15, 20]]
[[9, 12, 15, 17, 7]]
[[3, 4, 10, 11, 15]]
[[1, 3, 4, 6, 12]]
[[9, 12, 15, 19, 7]]
[[1, 7, 8, 9, 7], [11, 14, 15, 17, 7]]
[[12, 13, 14, 15, 7], [16, 17, 18, 19, 7]]
[[8, 9, 11, 12, 7], [1, 5, 6, 7, 6]]
[[4, 5, 8, 11, 7]]
[[3, 4, 6, 8, 4]]
[[1, 4, 13, 14, 7]]
[[2, 4, 5, 7, 7], [2, 4, 10, 14, 7]]
[[1, 2, 14, 15, 7]]
[[4, 5, 7, 8, 7], [1, 5, 7, 8, 7]]
[[1, 4, 5, 6, 7]]
[[1, 2, 3, 6, 7], [1, 2, 7, 8, 7], [1, 2, 10, 11, 7], [1, 2, 12, 16, 7]]
[[8, 9, 15, 17, 8]]
[[1, 5, 6, 9, 7], [11, 12, 13, 16, 7]]
[[1, 2, 3, 4, 7], [1, 2, 5, 6, 7]]
[[1, 5, 6, 9, 12]]
[[1, 5, 9, 10, 7], [1, 5, 15, 18, 7]]
[[0, 0, 1, 4, 15]]
[[1, 3, 4, 6, 7]]
[[1, 5, 7, 10, 7]]
[[1, 2, 3, 4, 7], [5, 5, 9, 10, 7]]
[[5, 8, 9, 10, 7]]
[[6, 7, 1, 2, 7]]
[[1, 7, 8, 9, 7]]
[[1, 4, 5, 5, 7]]
[[1, 2, 3, 4, 7], [6, 7, 8, 10, 15]]
[[3, 7, 8, 9, 6]]
[[1, 7, 11, 14, 7]]
[[1, 2, 4, 7, 1], [9, 10, 11, 12, 20]]
[[6, 10, 11, 14, 7]]
[[1, 8, 9, 10, 7]]
[[9, 10, 11, 14, 15]]
[[1, 2, 4, 6, 8], [1, 2, 8, 9, 7]]
[[3, 6, 8, 13, 7], [15, 16, 17, 18, 8]]
[[1, 4, 5, 8, 7], [1, 4, 9, 12, 7], [1, 4, 18, 19, 7], [1, 4, 20, 23, 7]]
[[1, 5, 7, 10, 7]]
[[1, 7, 8, 9, 7]]
[[1, 2, 3, 4, 7], [1, 2, 15, 20, 7]]
[[12, 14, 21, 22, 7]]
[[1, 4, 5, 6, 7], [8, 8, 9, 10, 8]]
[]
[[5, 6, 1, 3, 8], [5, 6, 19, 23, 8]]
[[4, 5, 6, 9, 7]]
[[0, 0, 19, 22, 0]]
[[1, 4, 5, 6, 8]]
[[1, 2, 3, 4, 7]]
[[0, 0, 3, 5, 7]]
[[4, 6, 7, 9, 7]]
[[1, 2, 4, 5, 7], [1, 2, 17, 20, 7], [8, 8, 13, 14, 7]]
[[4, 5, 6, 9, 7]]
[[1, 5, 7, 10, 7], [12, 13, 16, 17, 7]]
[[1, 3, 4, 9, 8], [1, 3, 17, 20, 7], [1, 3, 4, 6, 8], [25, 26, 21, 23, 7]]
[[1, 4, 21, 22, 7]]
[[2, 6, 7, 10, 8]]
[[1, 2, 6, 7, 7], [1, 2, 8, 10, 7]]
[[1, 4, 5, 9, 7]]
[[10, 11, 12, 16, 7], [1, 11, 12, 16, 7]]
[[3, 4, 5, 9, 7]]
[[0, 0, 1, 2, 0]]
[[1, 10, 11, 14, 7], [1, 10, 16, 21, 7], [5, 10, 11, 14, 7]]
[[6, 8, 13, 16, 7], [6, 8, 3, 4, 7]]
[[6, 7, 9, 13, 7]]
[[6, 7, 10, 13, 7]]
[[1, 4, 10, 11, 7]]
[[1, 4, 6, 7, 7]]
[[4, 5, 7, 9, 7], [13, 14, 11, 12, 7]]
[[1, 4, 7, 10, 15]]
[[3, 4, 13, 15, 7], [3, 5, 13, 15, 7]]
[[9, 10, 4, 7, 15]]
[[1, 5, 6, 7, 7]]
[[1, 2, 4, 6, 7]]
[]
[[1, 10, 11, 13, 12], [6, 10, 11, 13, 12], [6, 10, 14, 16, 12]]
[[1, 7, 8, 9, 12], [11, 12, 13, 14, 7]]
[[1, 4, 5, 7, 7]]
[[3, 4, 5, 6, 12], [3, 4, 8, 9, 12], [11, 12, 17, 20, 7]]
[[1, 5, 12, 14, 7]]
[[1, 4, 6, 7, 8]]
[[1, 6, 20, 22, 6]]
[[19, 21, 9, 11, 0], [19, 21, 16, 17, 0]]
[[1, 2, 3, 7, 7], [1, 2, 9, 10, 7]]
[[1, 3, 4, 10, 7]]
[[1, 4, 9, 11, 7], [1, 4, 14, 20, 7], [6, 8, 9, 11, 7]]
[[9, 10, 1, 5, 7]]
[[3, 3, 4, 5, 7]]
[[1, 2, 3, 4, 7], [10, 11, 12, 15, 7], [26, 29, 30, 31, 12]]
[[5, 7, 29, 34, 7], [8, 9, 10, 11, 8], [13, 14, 15, 16, 7], [5, 9, 10, 11, 8]]
[[1, 4, 5, 6, 7], [1, 4, 8, 10, 7], [12, 13, 14, 16, 7], [12, 13, 17, 19, 7]]
[[1, 4, 5, 6, 7]]
[[1, 2, 3, 4, 7]]
[[1, 6, 7, 8, 8]]
[[3, 4, 5, 6, 7], [10, 11, 12, 12, 8], [14, 15, 16, 17, 7]]
[[3, 6, 8, 9, 15]]
[[1, 4, 5, 6, 7]]
[[1, 4, 5, 8, 7], [1, 4, 7, 8, 7]]
[[1, 2, 3, 4, 7], [1, 2, 5, 6, 7], [11, 12, 13, 16, 7]]
[[4, 6, 7, 8, 8]]
[[1, 2, 8, 10, 7]]
[[1, 2, 9, 12, 7]]
[[1, 5, 6, 7, 7]]
[[1, 5, 6, 8, 7], [1, 5, 12, 13, 7]]
[[4, 6, 7, 9, 7]]
[[3, 9, 1, 2, 7]]
[[1, 2, 3, 6, 7]]
[[3, 7, 8, 10, 7]]
[[1, 3, 4, 5, 7]]
[[1, 2, 7, 10, 13], [1, 2, 11, 12, 12], [1, 2, 13, 14, 12]]
[[5, 9, 13, 17, 7], [5, 9, 23, 26, 7]]
[[1, 2, 3, 5, 7]]
[[1, 3, 8, 9, 7]]
[[1, 5, 7, 10, 7]]
[[1, 4, 5, 8, 8]]
[[1, 6, 9, 11, 7], [13, 14, 15, 16, 7]]
[[1, 2, 4, 7, 7]]
[[1, 2, 7, 11, 7]]
[[1, 9, 10, 11, 7], [8, 9, 10, 11, 7], [8, 9, 12, 14, 7]]
[[3, 4, 5, 7, 7], [3, 4, 8, 12, 7]]
[[3, 4, 5, 8, 15]]
[[1, 2, 4, 5, 7]]
[[1, 2, 4, 6, 1]]
[[0, 0, 19, 22, 0], [6, 7, 19, 22, 0]]
[[1, 7, 8, 9, 7]]
[[1, 4, 5, 6, 7]]
[[1, 2, 5, 8, 7]]
[[0, 0, 4, 6, 12]]
[[5, 8, 10, 12, 7]]
[[1, 4, 6, 7, 15]]
[[1, 3, 4, 5, 7], [13, 14, 15, 16, 8]]
[[23, 27, 15, 17, 0]]
[[4, 5, 6, 10, 7], [4, 5, 11, 13, 7]]
[[1, 4, 5, 7, 7], [1, 4, 8, 11, 7]]
[[7, 8, 9, 12, 7], [1, 2, 5, 6, 8]]
[[1, 4, 5, 7, 7]]
[[5, 8, 9, 11, 15]]
[[1, 2, 6, 8, 7], [1, 2, 12, 15, 7]]
[[12, 13, 9, 10, 7], [12, 13, 23, 26, 7]]
[[3, 4, 10, 12, 7], [3, 4, 14, 18, 7]]
[[3, 4, 5, 9, 7]]
[[1, 2, 5, 7, 7]]
[[1, 3, 7, 8, 7], [10, 11, 12, 13, 7], [14, 15, 16, 17, 7]]
[[1, 2, 5, 6, 7]]
[[1, 4, 5, 8, 7]]
[[1, 4, 5, 9, 7]]
[[5, 6, 7, 9, 7]]
[[1, 2, 6, 9, 7]]
[[9, 10, 14, 16, 7], [11, 12, 14, 16, 7]]
[[13, 16, 17, 20, 7]]
[[1, 3, 4, 6, 7], [1, 3, 7, 11, 7]]
[[5, 6, 2, 3, 7]]
[[1, 3, 8, 12, 7]]
[[1, 4, 5, 6, 7]]
[[1, 3, 4, 7, 7], [1, 3, 8, 9, 7]]
[[3, 6, 7, 19, 7]]
[[4, 5, 7, 10, 8], [4, 5, 9, 10, 8]]
[[9, 10, 4, 6, 7]]
[[1, 5, 6, 7, 7]]
[[4, 5, 6, 9, 7]]
[[4, 6, 12, 15, 7]]
[[1, 5, 6, 9, 7]]
[[4, 12, 13, 16, 7], [18, 19, 20, 21, 7], [22, 23, 20, 21, 7], [22, 23, 25, 27, 7]]
[[1, 2, 3, 4, 7], [6, 7, 8, 9, 7]]
[[4, 11, 12, 15, 7], [22, 24, 25, 28, 7]]
[[1, 2, 4, 6, 7]]
[[4, 5, 7, 9, 7]]
[[1, 2, 3, 4, 7]]
[[9, 10, 11, 12, 8]]
[[1, 5, 12, 16, 8]]
[[1, 3, 4, 11, 7], [13, 14, 15, 15, 7], [16, 17, 19, 20, 7]]
[[1, 2, 3, 5, 7]]
[[1, 5, 6, 7, 8]]
[[1, 2, 4, 6, 7], [11, 12, 16, 17, 7]]
[]
[[1, 2, 7, 10, 8], [1, 4, 7, 10, 8]]
[[1, 4, 5, 6, 6]]
[[0, 0, 1, 3, 7]]
[[3, 4, 5, 11, 1]]
[[1, 2, 5, 8, 7]]
[[0, 0, 3, 4, 7]]
[[3, 4, 6, 8, 7]]
[[1, 2, 4, 6, 7], [1, 2, 11, 13, 7]]
[[5, 7, 9, 10, 4]]
[[1, 2, 4, 5, 7]]
[[1, 6, 12, 15, 12]]
[[1, 4, 5, 9, 7]]
[[5, 7, 2, 3, 7], [5, 7, 16, 19, 7]]
[[8, 9, 10, 12, 7]]
[[1, 4, 5, 10, 7]]
[[1, 5, 6, 8, 7]]
[[1, 2, 4, 7, 7]]
[[0, 0, 17, 20, 0]]
[[5, 6, 7, 8, 15]]
[[1, 2, 3, 6, 7], [1, 2, 8, 9, 7]]
[[1, 2, 3, 5, 0]]
[[0, 0, 6, 9, 7], [1, 2, 6, 9, 7], [11, 12, 14, 16, 1]]
[[16, 17, 18, 19, 7], [25, 28, 29, 30, 7]]
[[1, 2, 3, 4, 7], [7, 8, 9, 10, 7]]
[[3, 4, 6, 7, 7]]
[[3, 4, 8, 10, 7]]
[[1, 5, 6, 9, 7]]
[[1, 3, 4, 8, 7]]
[[1, 3, 4, 6, 7]]
[[1, 6, 8, 10, 8]]
[[1, 2, 5, 6, 7]]
[[1, 7, 8, 9, 7], [12, 13, 17, 19, 7]]
[[4, 5, 6, 9, 7]]
[[3, 4, 7, 7, 7]]
[[1, 2, 3, 6, 7]]
[[1, 4, 6, 7, 7], [1, 4, 9, 11, 8], [12, 12, 14, 14, 8]]
[[1, 2, 3, 7, 7]]
[[4, 5, 6, 8, 7]]
[[1, 4, 11, 14, 15], [6, 9, 11, 14, 20]]
[[6, 6, 7, 10, 7], [12, 14, 15, 18, 7]]
[[2, 3, 9, 11, 8]]
[[1, 4, 7, 9, 7]]
[[1, 5, 6, 7, 7], [1, 5, 21, 22, 7], [16, 17, 18, 19, 7]]
[[1, 4, 7, 10, 7], [1, 4, 22, 26, 7]]
[[4, 5, 6, 10, 15]]
[[1, 5, 8, 11, 7]]
[[1, 4, 14, 15, 7]]
[[0, 0, 8, 9, 7]]
[[1, 7, 8, 9, 8]]
[[9, 15, 16, 19, 7]]
[[1, 3, 4, 6, 4]]
[[4, 5, 8, 9, 7]]
[[1, 7, 8, 9, 7]]
[[1, 7, 8, 9, 7]]
[[1, 7, 9, 13, 7]]
[[1, 2, 7, 10, 7]]
[[9, 10, 3, 6, 7], [9, 10, 11, 14, 8], [16, 17, 18, 21, 7]]
[[1, 4, 11, 12, 7]]
[[1, 5, 6, 7, 7]]
[[3, 4, 5, 9, 7]]
[[1, 4, 5, 8, 7], [10, 12, 13, 16, 7]]
[[4, 5, 6, 7, 7], [9, 10, 11, 12, 7], [9, 10, 13, 15, 7]]
[[1, 5, 6, 7, 8]]
[[1, 2, 3, 4, 7]]
[[8, 9, 11, 14, 7]]
[[8, 9, 11, 13, 7]]
[[0, 0, 8, 10, 7], [2, 2, 8, 10, 7]]
[[1, 4, 19, 21, 7]]
[[11, 12, 13, 16, 7]]
[[1, 2, 4, 6, 7]]
[[1, 3, 4, 5, 6], [12, 15, 17, 18, 8]]
[[1, 3, 15, 18, 7]]
[[1, 2, 5, 7, 7], [1, 2, 16, 20, 7]]
[[1, 3, 4, 5, 7]]
[[1, 4, 5, 7, 8], [13, 14, 15, 16, 7]]
[[1, 4, 5, 7, 7]]
[[1, 3, 6, 7, 7], [1, 3, 9, 12, 7]]
[[1, 3, 6, 7, 7], [12, 13, 20, 23, 15]]
[[1, 2, 17, 20, 12]]
[[1, 2, 16, 19, 4]]
[[8, 9, 5, 6, 7]]
[[1, 2, 5, 6, 7]]
[[9, 10, 14, 16, 7]]
[[1, 4, 5, 7, 20]]
[[1, 3, 13, 17, 8], [1, 3, 8, 9, 7], [19, 20, 25, 26, 7]]
[[4, 5, 7, 8, 7], [14, 15, 17, 18, 7]]
[[1, 5, 6, 9, 7]]
[[1, 2, 8, 9, 7]]
[[1, 2, 6, 8, 7]]
[[1, 2, 4, 5, 1]]
[[1, 6, 7, 10, 7]]
[[4, 6, 9, 10, 7], [4, 6, 17, 18, 7], [4, 6, 19, 21, 7]]
[[1, 9, 10, 11, 7], [1, 9, 12, 14, 7]]
[[1, 2, 11, 14, 7], [1, 2, 21, 22, 7], [18, 20, 21, 22, 7]]
[[1, 2, 4, 5, 7], [1, 2, 7, 11, 7], [14, 15, 16, 17, 8]]
[[1, 2, 3, 7, 7]]
[[1, 5, 8, 9, 7]]
[[12, 16, 7, 8, 7]]
[[11, 12, 8, 9, 7]]
[[1, 4, 5, 7, 7]]
[[4, 5, 6, 11, 7]]
[[1, 2, 5, 8, 7]]
[[7, 8, 10, 12, 7]]
[[1, 2, 3, 4, 7]]
[[1, 3, 6, 8, 7]]
[[1, 2, 3, 6, 7]]
[[1, 1, 2, 8, 7]]
[[1, 7, 10, 11, 7], [1, 7, 17, 18, 7]]
[]
[[1, 2, 6, 8, 7], [11, 14, 15, 17, 7], [11, 14, 19, 20, 7]]
[[1, 9, 10, 13, 7]]
[[4, 5, 9, 11, 8]]
[[6, 8, 9, 12, 7]]
[[14, 17, 7, 8, 7]]
[[2, 4, 5, 7, 7]]
[[1, 7, 8, 9, 7]]
[[1, 3, 7, 8, 7], [5, 6, 7, 8, 7]]
[[6, 10, 13, 16, 7]]
[[1, 6, 7, 7, 6]]
[[1, 3, 4, 7, 12]]
[]
[[1, 4, 5, 11, 8]]
[[6, 9, 1, 4, 7], [12, 16, 17, 18, 7], [12, 16, 20, 21, 8], [25, 26, 27, 28, 1]]
[[1, 2, 10, 12, 7]]
[[15, 16, 11, 13, 7], [18, 19, 11, 13, 20]]
[[1, 4, 5, 6, 8]]
[[1, 2, 3, 6, 7], [8, 9, 10, 13, 7]]
[[1, 5, 6, 7, 8]]
[[5, 6, 1, 3, 7]]
[[1, 2, 4, 6, 7]]
[[1, 3, 18, 19, 7]]
[[1, 2, 3, 5, 7]]
[[1, 2, 10, 11, 12], [1, 2, 13, 16, 12]]
[[15, 17, 25, 26, 7]]
[[1, 2, 7, 9, 7], [4, 5, 7, 9, 7]]
[[1, 5, 6, 7, 7]]
[[8, 9, 10, 11, 1]]
[[1, 2, 3, 5, 7]]
[[0, 0, 3, 8, 7]]
[[2, 3, 4, 7, 7]]
[[1, 4, 5, 6, 7]]
[[1, 4, 5, 7, 7]]
[[4, 6, 8, 10, 7], [4, 6, 11, 12, 7]]
[[1, 2, 4, 6, 7]]
[[11, 12, 8, 9, 7]]
[[8, 11, 12, 15, 20]]
[[3, 4, 8, 10, 7]]
[[1, 6, 7, 8, 12]]
[[1, 2, 4, 6, 7], [1, 2, 12, 13, 7], [8, 11, 12, 13, 20], [19, 20, 15, 18, 0]]
[[1, 2, 3, 5, 7]]
[[1, 4, 5, 6, 7], [1, 4, 8, 11, 7]]
[[1, 2, 3, 4, 7], [1, 2, 6, 8, 7]]
[[3, 7, 1, 2, 7]]
[[1, 4, 10, 13, 7]]
[[1, 4, 6, 8, 7], [10, 14, 16, 17, 20]]
[[1, 4, 20, 26, 7]]
[[3, 6, 7, 12, 15]]
[[1, 2, 3, 5, 8]]
[[3, 6, 7, 10, 8]]
[[1, 2, 3, 6, 7], [1, 2, 3, 4, 7], [1, 2, 5, 6, 7], [1, 2, 8, 8, 7]]
[[6, 7, 8, 9, 7]]
[[2, 5, 7, 9, 7]]
[[1, 2, 11, 13, 7]]
[[1, 2, 7, 9, 0]]
[[1, 2, 3, 6, 7]]
[[1, 4, 14, 17, 7]]
[[6, 6, 12, 14, 7]]
[[1, 2, 4, 5, 7], [1, 2, 6, 12, 7]]
[[1, 2, 3, 6, 7]]
[[1, 2, 3, 6, 7]]
[[1, 2, 6, 9, 7], [10, 11, 13, 13, 7]]
[[14, 16, 18, 19, 7], [14, 16, 20, 22, 7], [1, 4, 8, 11, 6]]
[[3, 4, 6, 9, 1]]
[[10, 12, 6, 8, 12]]
[[4, 7, 10, 13, 7]]
[[14, 16, 9, 12, 12]]
[[1, 2, 3, 4, 7]]
[[6, 7, 8, 9, 7], [6, 7, 10, 12, 7]]
[[1, 3, 4, 7, 7]]
[[4, 8, 10, 12, 7]]
[[1, 7, 8, 9, 7]]
[[13, 14, 15, 18, 7], [5, 6, 9, 11, 7]]
[[6, 10, 11, 14, 12]]
[[1, 4, 6, 7, 7], [1, 4, 10, 11, 7]]
[[3, 6, 7, 8, 20]]
[[1, 2, 5, 7, 7]]
[[1, 2, 5, 8, 7], [1, 2, 10, 14, 7]]
[[5, 6, 7, 10, 7]]
[[3, 5, 9, 11, 7], [3, 5, 13, 16, 7]]
[[3, 4, 20, 21, 7], [1, 4, 20, 21, 7]]
[[1, 2, 3, 4, 7], [1, 2, 7, 10, 7], [1, 2, 12, 14, 7]]
[[1, 4, 5, 6, 12]]
[[1, 3, 4, 7, 7]]
[[1, 5, 7, 11, 7]]
[[1, 6, 13, 16, 7]]
[[1, 6, 11, 12, 7], [8, 9, 11, 12, 7]]
[[1, 2, 6, 9, 7]]
[[1, 2, 3, 6, 7], [8, 9, 10, 11, 7]]
[[3, 3, 4, 6, 7]]
[[1, 4, 7, 10, 7]]
[[1, 4, 8, 11, 7]]
[[3, 8, 10, 15, 0]]
[[1, 3, 6, 8, 7]]
[[3, 4, 5, 8, 7]]
[[1, 4, 5, 7, 7]]
[[1, 3, 6, 7, 7], [11, 12, 15, 18, 1]]
[[1, 5, 7, 9, 7]]
[[1, 5, 9, 11, 8]]
[[4, 5, 6, 8, 7]]
[[6, 7, 3, 4, 7]]
[[1, 2, 3, 5, 7]]
[[3, 6, 7, 8, 7]]
[[1, 3, 4, 6, 7]]
[[1, 8, 9, 10, 12], [1, 8, 14, 15, 12]]
[[7, 12, 1, 3, 7]]
[[1, 3, 4, 5, 8]]
[[5, 7, 8, 10, 7]]
[[1, 2, 6, 7, 7]]
[[4, 11, 12, 13, 12], [9, 11, 12, 13, 7], [1, 2, 15, 17, 13]]
[[9, 10, 12, 16, 7]]
[[1, 6, 7, 8, 7]]
[[3, 6, 7, 11, 12]]
[[8, 10, 13, 18, 7], [1, 6, 13, 18, 7]]
[[3, 7, 8, 10, 7], [12, 15, 16, 17, 8], [1, 2, 18, 19, 6]]
[[2, 8, 9, 14, 6]]
[[1, 5, 12, 14, 0]]
[[1, 3, 5, 7, 20], [12, 14, 5, 7, 4]]
[[4, 5, 6, 7, 7], [0, 0, 4, 7, 7]]
[[1, 3, 4, 5, 7]]
[[1, 4, 5, 8, 4]]
[[1, 4, 7, 8, 7]]
[[1, 4, 5, 6, 7]]
[[1, 2, 3, 4, 7]]
[[1, 9, 11, 12, 7]]
[[3, 4, 5, 9, 25]]
[[1, 2, 3, 4, 7]]
[[8, 8, 10, 12, 7]]
[[1, 5, 9, 11, 7]]
[[1, 4, 11, 12, 7]]
[[4, 6, 8, 10, 7]]
[[1, 2, 3, 5, 7]]
[]
[[1, 5, 6, 7, 7], [1, 5, 8, 10, 7]]
[[5, 9, 2, 4, 0], [5, 9, 26, 28, 0], [13, 20, 2, 4, 3], [22, 24, 2, 4, 0], [22, 24, 26, 28, 0], [22, 24, 33, 35, 3], [5, 20, 33, 35, 3]]
[[3, 4, 9, 11, 3], [14, 15, 9, 11, 1]]
[[1, 2, 3, 7, 1], [1, 2, 18, 21, 1], [10, 16, 18, 21, 3]]
[[48, 49, 50, 52, 6], [48, 49, 54, 60, 3], [68, 71, 72, 74, 49], [76, 77, 78, 80, 4], [22, 23, 24, 46, 1]]
[[14, 18, 9, 38, 49], [30, 33, 34, 38, 4]]
[[20, 23, 24, 30, 21], [56, 58, 76, 81, 49], [17, 23, 24, 30, 21], [17, 23, 76, 81, 21]]
[[4, 9, 10, 11, 6], [13, 14, 15, 16, 3], [18, 19, 20, 27, 9]]
[[25, 45, 56, 59, 0]]
[[1, 5, 10, 16, 3], [1, 5, 38, 47, 3], [18, 22, 10, 16, 3], [1, 2, 10, 16, 3]]
[[3, 5, 6, 10, 0], [3, 5, 19, 22, 0], [15, 18, 19, 22, 0], [15, 18, 9, 10, 0], [3, 7, 9, 10, 0]]
[[1, 5, 6, 12, 0], [1, 5, 11, 12, 4]]
[[23, 24, 25, 27, 3], [4, 6, 11, 14, 75]]
[[1, 5, 11, 15, 110]]
[[1, 2, 3, 8, 1], [1, 2, 5, 8, 1]]
[[1, 6, 7, 14, 1]]
[[1, 2, 3, 8, 3], [9, 10, 11, 13, 12], [16, 17, 19, 23, 1], [16, 17, 49, 51, 1]]
[[4, 7, 1, 2, 0], [4, 7, 11, 20, 2]]
[[1, 3, 7, 10, 138], [1, 5, 7, 10, 138]]
[[55, 56, 62, 64, 2], [58, 60, 62, 64, 3]]
[[98, 99, 100, 101, 1], [119, 122, 123, 128, 12]]
[[7, 11, 13, 15, 3]]
[[1, 9, 11, 13, 112]]
[[1, 9, 10, 11, 1]]
[[22, 24, 26, 27, 4], [16, 16, 17, 21, 49]]
[[15, 16, 17, 21, 21], [98, 101, 102, 103, 3]]
[[1, 6, 8, 10, 3], [15, 16, 19, 22, 1]]
[[23, 28, 33, 35, 3], [30, 31, 33, 35, 3]]
[[1, 3, 4, 8, 45], [1, 3, 7, 8, 45]]
[[2, 3, 1, 1, 0], [2, 3, 6, 7, 6], [4, 5, 6, 7, 6], [2, 5, 6, 7, 6], [2, 5, 8, 18, 6]]
[[4, 5, 1, 2, 0], [4, 5, 7, 9, 3], [4, 5, 12, 16, 3], [11, 11, 1, 2, 0], [11, 11, 7, 9, 3], [11, 11, 12, 16, 3]]
[[20, 23, 24, 26, 1]]
[[1, 2, 3, 4, 3], [1, 2, 22, 23, 3], [14, 15, 22, 23, 1]]
[[1, 1, 12, 14, 0], [6, 10, 12, 14, 0], [29, 30, 32, 34, 1]]
[[16, 17, 18, 20, 4], [22, 41, 42, 46, 49], [22, 25, 26, 38, 49], [40, 41, 42, 46, 112]]
[[40, 44, 37, 39, 6]]
[[1, 3, 4, 7, 0], [11, 14, 26, 29, 3], [16, 19, 26, 29, 3], [22, 23, 26, 29, 3], [34, 35, 37, 40, 1]]
[[17, 18, 19, 21, 58]]
[[7, 10, 11, 13, 49]]
[[1, 1, 2, 8, 189], [28, 29, 21, 24, 9], [28, 29, 19, 24, 9]]
[[8, 9, 10, 11, 1]]
[[5, 6, 12, 24, 6], [26, 27, 28, 31, 6], [55, 56, 57, 60, 58], [85, 86, 88, 89, 1], [61, 62, 63, 64, 4]]
[[1, 4, 11, 12, 0], [6, 9, 11, 12, 0], [22, 23, 24, 28, 6]]
[[9, 12, 14, 15, 112], [18, 23, 24, 26, 112]]
[[37, 42, 48, 51, 1], [37, 42, 53, 55, 1], [76, 83, 84, 87, 9], [76, 83, 221, 222, 9], [219, 220, 221, 222, 9], [104, 105, 107, 110, 1]]
[[4, 9, 1, 3, 108], [4, 9, 11, 13, 108], [4, 9, 11, 20, 112]]
[[1, 2, 3, 4, 0]]
[[9, 9, 6, 8, 0], [16, 17, 18, 20, 1]]
[[3, 6, 7, 10, 21], [3, 6, 14, 18, 21]]
[[1, 5, 6, 14, 3], [1, 5, 22, 27, 0], [17, 18, 22, 27, 3], [20, 21, 22, 27, 4]]
[[7, 7, 8, 10, 2], [19, 20, 26, 30, 3]]
[[6, 10, 11, 14, 3]]
[[19, 20, 21, 22, 49], [1, 3, 15, 22, 112]]
[[53, 55, 57, 69, 4], [11, 13, 36, 43, 0]]
[[7, 14, 1, 2, 6], [7, 14, 21, 26, 6], [17, 20, 21, 26, 6]]
[[3, 4, 8, 9, 6]]
[[12, 13, 15, 16, 3], [7, 10, 5, 6, 3]]
[[6, 7, 1, 4, 3], [9, 10, 12, 20, 1]]
[[23, 29, 30, 33, 1], [23, 29, 43, 43, 0], [35, 36, 38, 38, 1]]
[[20, 21, 22, 24, 1], [1, 8, 10, 24, 1], [28, 30, 31, 34, 1]]
[[4, 12, 1, 40, 3], [4, 12, 38, 40, 3]]
[[1, 1, 5, 10, 0], [12, 13, 15, 16, 1], [104, 105, 106, 111, 2]]
[[5, 7, 8, 10, 3], [14, 15, 17, 20, 1]]
[[51, 54, 55, 58, 103], [51, 54, 56, 58, 103]]
[[4, 5, 6, 7, 3]]
[[5, 7, 16, 17, 0], [12, 15, 16, 17, 0], [12, 15, 55, 57, 0], [20, 24, 31, 32, 0], [34, 37, 31, 32, 4], [34, 37, 55, 57, 4], [64, 67, 70, 73, 2]]
[[1, 1, 6, 7, 0], [1, 5, 6, 7, 0], [25, 29, 44, 53, 12], [38, 42, 44, 53, 49]]
[[1, 2, 3, 4, 12], [8, 11, 3, 4, 12], [8, 11, 14, 16, 12], [8, 11, 12, 16, 12], [21, 22, 23, 27, 12], [37, 38, 34, 35, 3]]
[[3, 6, 10, 13, 0], [31, 34, 35, 38, 0]]
[]
[[27, 28, 36, 38, 0], [27, 35, 36, 38, 49], [115, 116, 117, 122, 3]]
[[8, 15, 1, 2, 0], [8, 15, 54, 55, 0], [26, 27, 28, 30, 75], [37, 44, 1, 2, 0], [37, 44, 54, 55, 0], [46, 52, 1, 2, 0], [46, 52, 54, 55, 0]]
[[62, 63, 64, 67, 4], [74, 102, 115, 119, 1], [112, 114, 115, 119, 0]]
[[1, 12, 13, 15, 1], [17, 18, 13, 15, 3], [24, 25, 26, 28, 1], [24, 25, 29, 31, 1]]
[[3, 6, 14, 15, 3], [9, 12, 14, 15, 3], [19, 20, 22, 28, 3]]
[[34, 35, 36, 42, 108], [82, 88, 89, 93, 1]]
[[1, 2, 3, 4, 3], [7, 8, 13, 22, 1], [7, 8, 13, 16, 1], [10, 11, 13, 16, 58]]
[[14, 15, 6, 11, 0]]
[[2, 3, 17, 19, 162], [7, 16, 17, 19, 162], [33, 41, 57, 60, 49], [62, 64, 66, 70, 9], [54, 55, 57, 60, 58]]
[[15, 21, 22, 24, 12]]
[[123, 130, 131, 132, 58], [177, 178, 174, 175, 9], [177, 178, 205, 208, 12], [216, 217, 218, 223, 2]]
[[1, 3, 4, 7, 1], [1, 3, 11, 15, 1], [9, 10, 11, 15, 1]]
[[24, 25, 27, 27, 58], [7, 9, 27, 27, 0]]
[[1, 3, 7, 11, 6], [1, 3, 21, 25, 0], [28, 29, 30, 31, 4]]
[[22, 25, 29, 32, 6]]
[[4, 7, 1, 2, 3], [4, 7, 10, 14, 0], [4, 7, 13, 14, 0], [10, 12, 13, 14, 0]]
[[11, 12, 13, 16, 1], [18, 19, 7, 8, 1], [18, 19, 13, 16, 0], [5, 6, 7, 8, 3]]
[[1, 4, 5, 6, 0]]
[[1, 2, 3, 5, 1], [15, 16, 12, 13, 0]]
[[1, 5, 8, 12, 12], [1, 5, 15, 19, 1]]
[[1, 5, 6, 10, 110]]
[[56, 58, 59, 61, 0]]
[[1, 8, 20, 22, 3], [24, 28, 29, 30, 12], [24, 28, 20, 22, 12]]
[[1, 2, 3, 5, 6], [7, 18, 20, 22, 21]]
[[1, 1, 3, 7, 45]]
[[29, 32, 27, 28, 12], [29, 32, 38, 41, 12], [34, 37, 38, 41, 3], [45, 46, 43, 44, 103], [45, 46, 47, 52, 103]]
[[3, 4, 6, 15, 0], [3, 4, 8, 15, 0]]
[[54, 59, 60, 61, 4], [75, 78, 80, 89, 0]]
[[1, 2, 7, 9, 3], [4, 5, 7, 9, 1]]
[]
[[2, 3, 6, 7, 1], [19, 21, 22, 25, 9]]
[[1, 3, 9, 11, 0], [1, 3, 4, 11, 0], [13, 16, 17, 18, 12], [20, 21, 22, 23, 126], [13, 21, 22, 23, 12], [2, 3, 34, 36, 0]]
[[1, 7, 8, 10, 2], [14, 19, 20, 22, 144]]
[[8, 9, 11, 12, 1]]
[[1, 1, 5, 9, 49], [3, 4, 5, 9, 110]]
[[1, 5, 6, 10, 58], [55, 56, 57, 61, 58]]
[[11, 12, 15, 21, 49], [50, 55, 56, 58, 58]]
[[1, 4, 7, 14, 3], [16, 23, 24, 25, 112]]
[[21, 22, 31, 34, 58], [24, 25, 31, 34, 9], [28, 29, 31, 34, 99]]
[[21, 24, 26, 30, 12]]
[[21, 25, 26, 30, 120]]
[[16, 17, 1, 3, 0], [16, 17, 6, 7, 6], [6, 9, 1, 3, 3]]
[[3, 6, 9, 10, 6]]
[[22, 23, 26, 28, 4], [40, 43, 44, 49, 1]]
[[5, 18, 31, 32, 49], [5, 18, 34, 37, 6]]
[[40, 41, 42, 43, 1], [1, 6, 7, 9, 49]]
[[4, 5, 6, 9, 12], [18, 33, 6, 9, 9], [18, 33, 96, 98, 0], [92, 95, 96, 98, 12]]
[[11, 12, 15, 19, 4]]
[[19, 20, 21, 22, 1], [27, 30, 31, 35, 0]]
[[1, 4, 11, 12, 6], [9, 10, 11, 12, 6], [1, 10, 11, 12, 6]]
[[6, 6, 10, 13, 12], [29, 32, 34, 37, 0], [6, 9, 10, 13, 12]]
[[1, 2, 5, 6, 4], [8, 9, 5, 6, 4], [8, 9, 10, 11, 4], [20, 20, 15, 18, 3], [20, 20, 17, 18, 3]]
[[1, 11, 15, 17, 3], [1, 11, 12, 17, 3]]
[[23, 27, 28, 29, 6], [23, 27, 18, 21, 6], [23, 27, 32, 38, 6], [3, 5, 18, 21, 75]]
[[1, 2, 6, 9, 3], [11, 11, 13, 15, 3]]
[[96, 98, 1, 2, 45], [96, 98, 99, 103, 49]]
[[1, 5, 6, 7, 1]]
[[1, 4, 7, 8, 3]]
[[3, 7, 8, 11, 189]]
[[3, 4, 5, 9, 4], [11, 12, 14, 16, 58]]
[[1, 5, 9, 10, 3]]
[[1, 6, 14, 19, 12], [8, 12, 14, 19, 12], [22, 23, 26, 29, 6], [1, 3, 4, 4, 12], [5, 6, 4, 4, 12], [1, 12, 14, 19, 12]]
[[1, 2, 6, 7, 3], [1, 2, 6, 9, 189], [12, 13, 15, 17, 1]]
[[6, 14, 15, 17, 0], [39, 40, 41, 50, 9], [1, 1, 15, 17, 0]]
[[1, 5, 9, 11, 0], [24, 27, 28, 31, 4], [1, 19, 20, 22, 0]]
[[1, 2, 3, 3, 6], [10, 11, 12, 13, 1]]
[[3, 4, 5, 14, 3], [3, 4, 21, 23, 3], [17, 18, 21, 23, 3], [25, 28, 29, 32, 12], [17, 20, 21, 23, 3]]
[[4, 8, 27, 32, 120], [18, 19, 21, 25, 49]]
[[5, 8, 9, 12, 6], [5, 8, 13, 16, 6]]
[[23, 26, 27, 30, 49]]
[[1, 2, 5, 37, 49], [22, 28, 29, 37, 49], [1, 8, 9, 25, 49], [26, 28, 29, 37, 3]]
[[29, 31, 33, 37, 110], [29, 31, 45, 51, 112]]
[[1, 6, 7, 11, 1]]
[[3, 4, 6, 9, 3], [3, 4, 5, 9, 3]]
[[9, 12, 13, 14, 58]]
[[40, 41, 46, 49, 99]]
[[1, 2, 8, 12, 6], [33, 34, 36, 38, 1], [64, 65, 66, 68, 58], [1, 5, 8, 12, 6]]
[[15, 16, 18, 20, 3], [3, 16, 18, 20, 3]]
[[8, 9, 10, 12, 49]]
[[6, 7, 8, 10, 0], [6, 7, 12, 15, 0], [6, 7, 5, 5, 0]]
[[1, 2, 3, 4, 0], [1, 2, 15, 16, 3], [6, 13, 15, 16, 12]]
[[6, 6, 7, 8, 45], [6, 6, 20, 26, 45], [6, 15, 20, 26, 49]]
[[3, 11, 12, 16, 3], [3, 11, 23, 26, 3], [18, 21, 23, 26, 138]]
[[3, 4, 1, 2, 3]]
[[16, 18, 20, 22, 4], [23, 24, 25, 30, 3]]
[[50, 54, 55, 59, 9], [65, 68, 55, 59, 49], [65, 68, 70, 73, 49], [74, 80, 81, 87, 3], [74, 80, 98, 99, 3], [93, 94, 95, 99, 189]]
[[9, 10, 13, 14, 4]]
[[1, 1, 4, 7, 189]]
[[5, 13, 14, 19, 3], [37, 38, 39, 42, 6], [37, 38, 44, 51, 6], [54, 57, 58, 62, 126]]
[[12, 16, 17, 19, 0], [22, 27, 29, 32, 2]]
[[1, 2, 7, 10, 3], [4, 5, 7, 10, 3], [13, 14, 16, 18, 4], [22, 23, 24, 30, 1]]
[[1, 10, 11, 14, 45], [1, 10, 13, 14, 45]]
[[1, 4, 7, 8, 58]]
[[1, 5, 7, 9, 3], [21, 22, 28, 30, 1]]
[[1, 1, 6, 7, 3], [3, 4, 6, 7, 0]]
[[1, 4, 5, 10, 3], [1, 4, 11, 16, 0]]
[[16, 19, 21, 32, 49], [3, 7, 21, 32, 12]]
[]
[[8, 10, 6, 7, 3], [6, 10, 13, 14, 3], [16, 16, 13, 14, 3]]
[[2, 6, 7, 10, 0], [19, 22, 16, 17, 1]]
[[9, 10, 11, 14, 3]]
[[3, 6, 7, 9, 9]]
[[3, 4, 5, 7, 162], [15, 20, 21, 22, 21]]
[[25, 31, 32, 35, 3]]
[[1, 3, 4, 7, 12]]
[[1, 2, 3, 11, 3]]
[[4, 15, 19, 21, 49], [14, 15, 19, 21, 0]]
[[23, 24, 25, 28, 6], [32, 36, 25, 28, 4], [32, 36, 37, 41, 49]]
[[47, 51, 52, 60, 0]]
[[58, 61, 53, 56, 162], [19, 20, 28, 34, 0], [53, 54, 55, 56, 162]]
[[13, 17, 18, 23, 3], [13, 17, 35, 43, 6], [26, 27, 28, 28, 6], [26, 27, 30, 33, 6], [10, 17, 18, 23, 3]]
[[16, 20, 21, 25, 103], [89, 93, 103, 106, 49], [99, 102, 103, 106, 49]]
[[2, 7, 8, 15, 0], [1, 7, 8, 15, 3]]
[[5, 8, 1, 3, 3], [5, 8, 12, 15, 3]]
[[4, 8, 1, 3, 3], [10, 12, 13, 14, 138]]
[[3, 19, 1, 2, 0]]
[[1, 2, 3, 4, 1], [9, 11, 12, 21, 2]]
[[6, 10, 1, 5, 3], [14, 15, 17, 18, 1]]
[[24, 27, 33, 37, 3], [29, 32, 33, 37, 3]]
[[36, 40, 41, 44, 9], [138, 140, 141, 148, 2]]
[[53, 54, 55, 56, 58], [53, 54, 55, 59, 58], [75, 78, 55, 56, 58], [75, 78, 83, 86, 58], [61, 62, 66, 86, 58]]
[[7, 10, 11, 13, 0], [30, 34, 36, 38, 12]]
[[14, 15, 19, 22, 162]]
[[1, 5, 14, 17, 0], [7, 12, 14, 17, 0], [19, 20, 14, 17, 0]]
[[25, 32, 22, 23, 49], [25, 32, 33, 41, 49], [44, 51, 53, 67, 112], [44, 51, 53, 64, 112], [8, 9, 15, 17, 6], [25, 26, 15, 17, 6], [25, 26, 22, 23, 189], [30, 32, 39, 41, 49], [37, 38, 39, 41, 4]]
[[65, 66, 69, 71, 4], [65, 66, 87, 90, 4]]
[[28, 29, 30, 33, 0]]
[[3, 4, 5, 7, 6], [3, 4, 13, 15, 6], [3, 4, 22, 24, 6], [8, 11, 13, 15, 12], [16, 21, 22, 24, 49]]
[[3, 4, 5, 6, 0]]
[[28, 31, 32, 34, 0]]
[[41, 54, 55, 62, 1], [64, 66, 68, 70, 49]]
[[1, 2, 3, 4, 4], [15, 16, 11, 14, 0]]
[[1, 2, 6, 9, 12], [13, 14, 15, 22, 6], [13, 14, 20, 22, 6], [1, 5, 6, 9, 12]]
[[23, 30, 31, 33, 12]]
[[19, 23, 24, 27, 182], [30, 34, 35, 40, 3], [30, 36, 37, 40, 3]]
[[4, 5, 1, 2, 0], [4, 5, 6, 7, 0], [9, 10, 6, 7, 3], [9, 10, 1, 2, 3]]
[[4, 5, 9, 12, 103], [21, 21, 22, 23, 189], [45, 49, 50, 58, 0]]
[[1, 12, 59, 62, 0], [1, 12, 77, 80, 1], [74, 75, 59, 62, 1], [74, 75, 77, 80, 1]]
[[6, 7, 3, 4, 6], [6, 7, 9, 12, 0]]
[[1, 2, 3, 4, 3], [1, 2, 11, 12, 3], [1, 2, 17, 18, 3], [7, 8, 11, 12, 1]]
[[1, 2, 7, 11, 3], [4, 5, 7, 11, 3], [17, 18, 19, 27, 1]]
[[28, 30, 31, 32, 4]]
[[8, 9, 1, 2, 0], [3, 9, 1, 2, 1]]
[[1, 5, 6, 9, 12]]
[[10, 11, 13, 14, 3], [18, 19, 20, 24, 2]]
[[1, 4, 5, 6, 3], [1, 4, 10, 11, 3], [1, 4, 12, 13, 3], [1, 4, 14, 15, 3], [7, 8, 5, 6, 3], [7, 8, 10, 13, 3], [7, 8, 10, 11, 3], [16, 17, 19, 19, 3], [1, 17, 20, 25, 3]]
[[9, 12, 13, 17, 12]]
[[1, 3, 4, 5, 12], [1, 3, 21, 22, 12], [11, 12, 13, 15, 1], [17, 19, 21, 22, 3]]
[[1, 11, 12, 12, 0], [20, 21, 22, 26, 3]]
[[34, 36, 44, 47, 49], [42, 43, 44, 47, 108]]
[[1, 12, 14, 20, 3]]
[[21, 22, 23, 25, 4], [11, 14, 15, 19, 6]]
[[3, 5, 6, 8, 45]]
[[1, 4, 5, 8, 0], [10, 11, 12, 13, 1], [10, 11, 15, 16, 1]]
[[1, 4, 6, 9, 6]]
[[1, 4, 10, 13, 0], [15, 19, 20, 27, 12]]
[[1, 2, 6, 9, 3], [4, 5, 6, 9, 6], [13, 14, 15, 20, 1]]
[[1, 6, 7, 8, 49]]
[]
[[60, 61, 62, 67, 1], [1, 9, 17, 20, 0], [27, 28, 29, 32, 1], [34, 35, 29, 32, 1]]
[[10, 13, 17, 21, 6], [10, 13, 17, 18, 6], [24, 26, 27, 30, 12], [47, 50, 53, 57, 0], [66, 69, 71, 73, 6], [66, 69, 62, 65, 0], [74, 85, 86, 87, 49], [80, 85, 86, 87, 49]]
[[8, 9, 10, 12, 3]]
[[1, 2, 3, 6, 3]]
[[38, 39, 43, 48, 103], [41, 42, 43, 48, 4], [168, 169, 172, 174, 1]]
[[3, 5, 6, 7, 1]]
[[7, 7, 9, 11, 12], [12, 15, 19, 23, 3], [45, 48, 49, 51, 3]]
[[1, 4, 5, 6, 0]]
[[10, 15, 8, 9, 0], [10, 15, 31, 32, 3], [10, 15, 37, 39, 0], [25, 26, 8, 9, 12], [25, 26, 27, 27, 12], [25, 26, 31, 32, 12], [28, 29, 31, 32, 4]]
[[1, 2, 5, 8, 3], [10, 13, 14, 17, 12], [25, 28, 29, 32, 3], [25, 26, 29, 32, 3]]
[[5, 8, 1, 4, 0], [12, 13, 14, 19, 4], [25, 27, 28, 31, 45], [10, 13, 14, 19, 4]]
[[1, 4, 11, 14, 3], [18, 19, 25, 26, 1], [18, 19, 11, 14, 1]]
[[20, 21, 22, 27, 4], [20, 21, 23, 27, 4], [31, 32, 33, 39, 4], [43, 44, 45, 50, 1], [43, 44, 45, 56, 1], [1, 3, 8, 16, 0]]
[[9, 10, 6, 7, 0], [1, 4, 6, 7, 3]]
[[2, 5, 6, 10, 3], [2, 5, 8, 10, 3], [23, 24, 25, 29, 4], [15, 16, 17, 22, 3]]
[[16, 29, 30, 31, 0]]
[[4, 5, 1, 2, 0]]
[[1, 7, 8, 9, 1]]
[[1, 9, 13, 17, 1], [8, 9, 13, 17, 1], [29, 35, 36, 40, 1]]
[[12, 15, 22, 28, 6]]
[[3, 4, 1, 2, 2]]
[[3, 4, 5, 6, 3]]
[[1, 8, 13, 15, 0], [20, 21, 13, 15, 6], [23, 27, 31, 33, 103], [29, 30, 31, 33, 9]]
[[7, 10, 4, 6, 3], [7, 10, 17, 18, 3], [20, 24, 17, 18, 12]]
[[1, 5, 6, 8, 3]]
[[1, 2, 3, 4, 21], [1, 2, 9, 11, 21], [1, 2, 14, 16, 18], [17, 19, 3, 4, 21], [17, 19, 14, 16, 21], [17, 19, 9, 11, 21]]
[[11, 12, 15, 19, 6], [11, 12, 21, 23, 6], [18, 19, 21, 23, 6]]
[[1, 4, 5, 7, 189]]
[[10, 14, 9, 9, 0], [18, 19, 22, 28, 3], [33, 36, 24, 28, 3]]
[]
[[4, 5, 6, 10, 1]]
[[20, 23, 34, 40, 12], [29, 32, 34, 40, 3]]
[[1, 2, 3, 8, 3], [1, 2, 11, 15, 3]]
[[52, 54, 56, 57, 0], [21, 22, 28, 30, 112]]
[[21, 22, 18, 20, 6], [14, 16, 18, 20, 3]]
[[6, 9, 10, 15, 0], [48, 54, 55, 59, 12]]
[[6, 10, 17, 20, 6], [23, 23, 29, 33, 49], [25, 28, 29, 33, 112]]
[[1, 2, 3, 5, 4], [11, 12, 13, 15, 3]]
[[10, 11, 12, 16, 2], [10, 11, 36, 39, 0], [33, 35, 36, 39, 3]]
[[8, 11, 3, 4, 6], [8, 11, 12, 15, 0], [42, 46, 40, 41, 0], [24, 30, 31, 36, 49]]
[[9, 11, 12, 16, 3]]
[[7, 13, 15, 17, 3], [19, 20, 22, 24, 1]]
[[1, 2, 3, 5, 12]]
[[4, 7, 1, 30, 6], [4, 7, 27, 30, 6], [24, 25, 27, 30, 6]]
[[1, 4, 5, 8, 6], [49, 50, 51, 63, 58], [44, 50, 51, 63, 58]]
[[2, 3, 1, 1, 12], [7, 8, 4, 5, 6], [7, 8, 10, 11, 6], [13, 16, 10, 11, 3], [22, 23, 18, 19, 0], [1, 3, 4, 5, 12]]
[[10, 11, 12, 15, 3], [44, 45, 46, 47, 3], [44, 45, 48, 51, 3], [53, 54, 57, 60, 12], [1, 1, 21, 23, 0]]
[[14, 15, 25, 27, 6], [21, 22, 25, 27, 6], [14, 22, 25, 27, 6], [1, 22, 28, 30, 6]]
[[13, 15, 16, 17, 0], [19, 20, 25, 26, 58], [22, 23, 25, 26, 3], [27, 28, 30, 34, 162]]
[[5, 6, 30, 34, 6], [26, 29, 30, 34, 6]]
[[1, 4, 5, 7, 3]]
[[9, 11, 12, 13, 4], [19, 22, 5, 7, 6], [19, 22, 15, 18, 0], [19, 22, 37, 43, 6], [31, 33, 34, 35, 12], [31, 33, 37, 43, 12]]
[[1, 2, 5, 11, 3], [1, 2, 8, 11, 3], [26, 27, 28, 29, 1]]
[[1, 2, 6, 8, 3], [4, 5, 6, 8, 3], [19, 20, 21, 22, 1]]
[[4, 5, 6, 8, 3], [14, 15, 16, 19, 3]]
[[1, 2, 3, 4, 3], [1, 2, 8, 9, 3], [1, 2, 12, 18, 3], [5, 6, 3, 4, 1], [5, 6, 8, 9, 1]]
[[7, 13, 1, 6, 12], [9, 13, 16, 20, 12]]
[[5, 6, 7, 8, 3], [5, 6, 10, 13, 3], [15, 16, 7, 8, 3], [19, 22, 24, 25, 103]]
[[11, 12, 13, 18, 58]]
[[1, 4, 5, 8, 2]]
[[17, 27, 93, 95, 0]]
[[3, 4, 1, 2, 6], [3, 4, 6, 11, 0], [1, 4, 6, 11, 6]]
[]
[[6, 7, 4, 5, 3], [6, 7, 9, 12, 3]]
[[4, 5, 7, 8, 6], [13, 14, 15, 17, 3], [45, 46, 48, 53, 6]]
[[1, 4, 6, 8, 3], [1, 4, 13, 15, 3], [9, 12, 13, 15, 138]]
[[1, 6, 7, 11, 66], [1, 6, 7, 9, 66], [12, 15, 16, 17, 12], [21, 25, 27, 29, 0]]
[[1, 5, 6, 10, 1]]
[[1, 22, 37, 39, 12], [26, 31, 37, 39, 3], [33, 35, 37, 39, 3], [44, 52, 53, 57, 103], [26, 35, 37, 39, 3]]
[[1, 3, 4, 6, 12], [1, 3, 12, 14, 12]]
[[14, 15, 16, 17, 49], [22, 22, 19, 21, 49]]
[[3, 4, 8, 12, 3], [25, 27, 28, 34, 49]]
[[1, 2, 3, 12, 6], [27, 28, 25, 26, 3]]
[[13, 14, 15, 19, 3]]
[[1, 3, 4, 9, 0]]
[[3, 16, 21, 22, 3], [3, 16, 24, 27, 3], [18, 19, 21, 22, 3], [15, 16, 21, 22, 3]]
[[1, 5, 21, 25, 0], [1, 19, 21, 25, 84]]
[[1, 3, 9, 10, 0], [5, 7, 9, 10, 0]]
[[44, 48, 49, 51, 1]]
[[1, 2, 7, 11, 3], [13, 18, 23, 30, 102], [21, 22, 23, 30, 58]]
[[2, 8, 11, 16, 138]]
[[4, 6, 7, 9, 3], [1, 6, 7, 9, 3], [1, 6, 16, 17, 3]]
[[86, 90, 155, 157, 49], [151, 152, 155, 157, 49]]
[[1, 8, 16, 19, 3], [24, 25, 26, 28, 12], [9, 14, 16, 19, 108]]
[[1, 4, 5, 6, 0], [1, 15, 16, 24, 0]]
[[1, 2, 5, 8, 189]]
[[1, 5, 9, 12, 0]]
[[1, 5, 9, 10, 6], [1, 5, 37, 40, 0], [28, 29, 30, 31, 103]]
[[2, 5, 11, 13, 3], [2, 5, 6, 13, 3], [2, 5, 23, 29, 3], [18, 19, 23, 29, 3]]
[[19, 22, 24, 26, 3], [12, 13, 28, 35, 3]]
[[3, 6, 13, 17, 3], [8, 9, 13, 17, 1]]
[[3, 6, 17, 18, 49], [12, 13, 14, 18, 12], [12, 15, 17, 18, 12]]
[[10, 13, 33, 36, 12], [30, 32, 33, 36, 12]]
[[1, 4, 5, 8, 3], [1, 4, 5, 6, 3]]
[[4, 4, 5, 7, 0], [4, 4, 24, 27, 0], [18, 22, 24, 27, 0]]
[[1, 3, 10, 11, 3]]
[[1, 2, 3, 4, 0], [1, 2, 7, 9, 0]]
[[54, 58, 59, 64, 1]]
[[5, 8, 2, 3, 58], [5, 8, 15, 16, 58], [45, 47, 42, 43, 58]]
[[1, 3, 4, 9, 49], [11, 11, 13, 14, 49]]
[[113, 117, 119, 123, 0], [113, 117, 119, 120, 0], [49, 55, 56, 58, 75]]
[[4, 7, 9, 11, 21], [4, 7, 21, 24, 21]]
[[1, 4, 5, 6, 4], [1, 12, 13, 19, 6]]
[[8, 11, 13, 14, 6], [8, 11, 15, 16, 4], [8, 11, 17, 18, 3], [8, 11, 53, 54, 6], [19, 20, 13, 18, 6], [19, 20, 21, 22, 103], [19, 20, 58, 60, 103], [49, 52, 53, 54, 6]]
[[1, 2, 3, 4, 3], [6, 7, 8, 9, 1], [11, 12, 13, 19, 6]]
[[22, 23, 24, 25, 3], [27, 28, 29, 30, 4]]
[[1, 3, 4, 6, 0]]
[[1, 3, 4, 4, 1], [8, 8, 9, 11, 49], [13, 16, 20, 22, 12], [30, 31, 35, 37, 58], [33, 34, 35, 37, 3], [13, 31, 20, 22, 12]]
[[7, 9, 10, 14, 138], [7, 9, 13, 14, 138], [7, 9, 15, 16, 138]]
[[1, 13, 17, 19, 58]]
[[1, 2, 3, 3, 6], [5, 6, 7, 7, 6], [9, 10, 11, 14, 1]]
[[7, 9, 1, 2, 3], [7, 9, 10, 12, 0]]
[[5, 8, 14, 16, 0], [10, 11, 14, 16, 4], [19, 20, 22, 22, 12], [24, 25, 27, 29, 1]]
[[1, 3, 10, 14, 1], [7, 8, 10, 14, 1], [26, 27, 28, 32, 49], [26, 27, 30, 32, 49]]
[[1, 2, 8, 9, 3], [5, 6, 8, 9, 3], [14, 15, 17, 18, 112]]
[[3, 11, 12, 28, 1]]
[[10, 15, 16, 18, 1], [31, 32, 34, 36, 12]]
[[1, 4, 5, 7, 0], [1, 4, 9, 11, 6], [1, 4, 28, 34, 6], [36, 37, 39, 41, 1], [25, 27, 28, 34, 12]]
[[1, 4, 5, 11, 3]]
[[1, 2, 3, 4, 3], [6, 7, 3, 4, 0], [13, 14, 15, 17, 1]]
[[16, 17, 18, 20, 4], [31, 32, 33, 36, 1]]
[[1, 2, 3, 6, 3], [1, 2, 24, 28, 3], [8, 9, 11, 15, 1]]
[[1, 9, 10, 12, 12], [1, 9, 14, 16, 12]]
[[10, 12, 13, 17, 49], [3, 4, 5, 8, 58]]
[[9, 20, 28, 33, 58], [23, 26, 30, 33, 58], [30, 31, 32, 33, 4]]
[[1, 4, 6, 14, 3], [19, 23, 24, 27, 3], [46, 47, 48, 56, 3], [57, 58, 59, 65, 3]]
[[5, 6, 8, 8, 2], [10, 11, 13, 13, 4], [21, 26, 27, 30, 58]]
[[3, 4, 5, 5, 58], [3, 4, 14, 21, 58]]
[[11, 18, 19, 25, 0], [11, 18, 21, 25, 0], [27, 28, 21, 25, 1]]
[[6, 7, 8, 10, 1], [14, 15, 16, 17, 4], [22, 26, 27, 28, 0]]
[[5, 8, 10, 12, 0], [5, 8, 90, 93, 1], [17, 19, 38, 44, 49], [32, 35, 38, 44, 49], [83, 89, 90, 93, 1]]
[[20, 25, 51, 54, 49], [1, 5, 15, 17, 144], [49, 50, 51, 54, 4]]
[[17, 22, 36, 37, 112], [17, 22, 23, 37, 112]]
[[1, 2, 3, 5, 6], [1, 2, 8, 9, 6]]
[[7, 12, 14, 15, 3]]
[[6, 7, 1, 4, 3], [6, 7, 12, 18, 3], [8, 11, 1, 4, 84], [8, 11, 12, 18, 84]]
[[1, 5, 34, 35, 1], [1, 33, 34, 35, 1]]
[[5, 8, 10, 11, 6], [5, 8, 1, 3, 6]]
[[1, 8, 9, 12, 0], [1, 8, 38, 43, 0], [13, 20, 21, 24, 6], [13, 20, 38, 43, 6]]
[]
[[1, 2, 3, 5, 3], [7, 8, 9, 11, 6], [14, 17, 18, 20, 3]]
[[1, 2, 3, 4, 6], [9, 10, 11, 13, 4], [17, 18, 19, 22, 1]]
[[1, 2, 3, 4, 12], [1, 2, 6, 10, 12], [12, 15, 16, 17, 102], [30, 33, 34, 35, 21], [30, 33, 37, 44, 21]]
[[4, 5, 6, 7, 12], [4, 5, 12, 14, 12]]
[[1, 5, 6, 11, 130], [1, 7, 8, 11, 130]]
[[5, 6, 2, 2, 0], [24, 25, 26, 28, 1], [24, 25, 29, 30, 1], [31, 34, 29, 30, 1], [35, 41, 54, 56, 58], [45, 53, 54, 56, 75]]
[[3, 3, 6, 9, 189], [28, 30, 24, 25, 0], [28, 30, 33, 40, 0], [44, 47, 6, 9, 110]]
[[6, 8, 9, 11, 3], [22, 27, 28, 30, 3]]
[[12, 22, 29, 32, 3], [35, 36, 29, 32, 2]]
[[15, 16, 18, 21, 3], [15, 16, 24, 26, 3]]
[[5, 12, 14, 16, 3], [19, 20, 22, 27, 1]]
[[98, 102, 103, 105, 21]]
[[1, 3, 5, 6, 9], [1, 3, 9, 12, 9]]
[[28, 31, 33, 38, 4], [28, 31, 35, 38, 4]]
[[33, 53, 54, 56, 21], [6, 9, 17, 25, 18], [6, 9, 54, 56, 18], [13, 16, 17, 25, 6], [51, 53, 54, 56, 58]]
[[1, 2, 3, 4, 3], [8, 9, 10, 13, 6]]
[[4, 5, 1, 2, 0], [4, 5, 7, 10, 0]]
[[9, 43, 45, 52, 49], [42, 43, 45, 52, 49]]
[[15, 16, 22, 24, 1], [62, 63, 57, 79, 3], [72, 75, 77, 79, 3]]
[[6, 9, 10, 14, 6], [18, 20, 21, 25, 84], [27, 30, 31, 34, 2]]
[[1, 3, 5, 9, 0], [20, 22, 5, 9, 112], [20, 22, 25, 32, 110]]
[[1, 8, 9, 11, 6], [1, 8, 13, 16, 6]]
[[3, 4, 5, 7, 3], [23, 28, 30, 32, 182]]
[[4, 5, 8, 11, 6]]
[[1, 8, 9, 17, 49]]
[[224, 227, 231, 232, 1], [62, 65, 84, 86, 1], [70, 77, 84, 86, 1], [224, 229, 231, 232, 1]]
[[3, 7, 9, 12, 12], [3, 20, 22, 25, 12]]
[[1, 3, 4, 7, 1], [9, 10, 4, 7, 0]]
[[1, 2, 3, 3, 6], [1, 2, 6, 6, 6], [7, 10, 6, 6, 4]]
[[2, 7, 1, 1, 0], [2, 7, 14, 14, 0], [9, 10, 14, 14, 6], [11, 12, 14, 14, 6], [16, 17, 22, 24, 12], [19, 21, 22, 24, 12], [9, 12, 14, 14, 6], [16, 21, 22, 24, 12]]
[[1, 4, 5, 7, 3], [1, 4, 10, 10, 3]]
[[19, 20, 21, 21, 4], [31, 37, 38, 39, 0], [43, 44, 45, 46, 1], [43, 44, 38, 39, 1]]
[[7, 8, 9, 11, 0], [17, 22, 24, 28, 3], [59, 63, 24, 28, 84], [41, 46, 47, 52, 3], [55, 63, 47, 52, 3], [55, 63, 64, 64, 84]]
[]
[[3, 4, 7, 8, 1], [3, 4, 15, 21, 1], [10, 11, 7, 8, 0]]
[[16, 18, 13, 14, 1], [48, 52, 53, 57, 12]]
[[1, 4, 6, 7, 3], [1, 4, 17, 21, 3], [11, 12, 17, 21, 12]]
[[1, 5, 6, 10, 3], [27, 35, 36, 45, 12], [12, 13, 14, 25, 3]]
[[9, 12, 6, 8, 21], [9, 12, 14, 19, 21], [14, 17, 18, 19, 12]]
[[12, 22, 30, 31, 0], [12, 22, 48, 53, 6], [77, 81, 83, 84, 120], [12, 29, 30, 31, 0]]
[[5, 6, 1, 3, 3], [5, 6, 7, 11, 3], [5, 6, 10, 11, 3]]
[[6, 7, 9, 10, 4], [15, 16, 17, 19, 1], [15, 16, 17, 18, 1]]
[[19, 21, 27, 30, 0], [43, 45, 27, 30, 0], [19, 24, 27, 30, 0]]
[[8, 11, 12, 14, 49], [31, 31, 27, 28, 108]]
[[1, 3, 7, 9, 12], [10, 11, 12, 17, 4], [1, 6, 7, 9, 12]]
[[1, 3, 4, 8, 0]]
[[1, 5, 12, 13, 1], [29, 30, 31, 32, 1]]
[[15, 16, 18, 21, 6], [1, 6, 7, 11, 4]]
[[7, 8, 12, 15, 12], [7, 8, 14, 15, 12], [17, 18, 19, 24, 1]]
[[18, 20, 21, 27, 6]]
[[1, 2, 5, 8, 3], [10, 11, 12, 15, 1], [1, 4, 5, 8, 3]]
[[1, 4, 5, 9, 0], [1, 4, 12, 17, 0]]
[[29, 29, 30, 31, 189], [33, 33, 30, 31, 0], [33, 33, 34, 38, 49]]
[[16, 17, 10, 14, 3]]
[[1, 6, 7, 10, 3], [13, 14, 15, 18, 1]]
[[1, 10, 11, 14, 0], [16, 19, 21, 29, 6]]
[[3, 7, 8, 10, 138]]
[[2, 6, 1, 1, 0], [2, 6, 25, 27, 0], [2, 6, 29, 37, 3], [11, 14, 25, 27, 9], [18, 18, 25, 27, 9], [11, 18, 29, 37, 12]]
[[12, 20, 21, 23, 12], [45, 46, 47, 50, 3]]
[[10, 13, 14, 17, 12], [18, 30, 14, 17, 12], [18, 30, 31, 38, 12], [29, 30, 31, 38, 12]]
[[1, 2, 3, 4, 3], [8, 9, 10, 11, 3], [23, 24, 25, 27, 3]]
[[3, 10, 11, 16, 182]]
[[1, 3, 4, 9, 4]]
[[25, 28, 31, 32, 3], [25, 30, 31, 32, 3]]
[[1, 8, 11, 13, 0], [14, 18, 11, 13, 12]]
[[1, 2, 3, 5, 1], [7, 13, 15, 17, 3], [23, 24, 26, 28, 58]]
[[37, 40, 42, 44, 6], [45, 46, 47, 47, 103]]
[[1, 2, 3, 4, 3]]
[[5, 6, 7, 8, 1], [11, 12, 13, 40, 49], [55, 55, 46, 53, 49]]
[[1, 2, 5, 7, 3], [1, 2, 8, 9, 3], [11, 15, 5, 7, 3], [11, 15, 8, 9, 3]]
[[12, 13, 9, 10, 3], [6, 7, 9, 10, 3]]
[[5, 17, 23, 28, 0], [22, 22, 23, 28, 189]]
[[23, 26, 29, 30, 1]]
[[13, 14, 1, 5, 0]]
[[6, 11, 12, 14, 0]]
[[1, 3, 4, 5, 49], [13, 16, 19, 25, 103], [13, 16, 17, 25, 103]]
[[17, 18, 22, 25, 1]]
[[42, 43, 51, 57, 4], [45, 48, 51, 57, 12], [61, 62, 63, 65, 1]]
[[1, 15, 19, 21, 3]]
[[1, 7, 8, 13, 58], [1, 7, 20, 21, 58], [1, 7, 31, 37, 58], [15, 18, 20, 21, 112]]
[[1, 10, 11, 12, 3], [14, 15, 17, 21, 1], [23, 24, 25, 31, 4]]
[[1, 5, 6, 10, 3]]
[[1, 4, 5, 7, 0]]
[[3, 11, 12, 14, 21], [17, 19, 20, 29, 21]]
[[3, 4, 5, 8, 0], [10, 11, 14, 15, 1], [19, 20, 21, 23, 108], [17, 20, 21, 23, 0]]
[[1, 2, 3, 6, 3]]
[[1, 2, 3, 6, 3], [11, 16, 18, 24, 58]]
[[31, 36, 38, 38, 182], [31, 36, 25, 28, 182], [41, 42, 43, 48, 1], [19, 21, 25, 28, 189]]
[[1, 4, 5, 7, 130], [9, 10, 14, 15, 9], [27, 30, 31, 37, 0]]
[[2, 4, 7, 11, 0], [15, 15, 16, 17, 3]]
[[1, 2, 3, 4, 3], [7, 8, 9, 15, 1]]
[[1, 2, 3, 4, 3], [9, 14, 3, 4, 3], [9, 14, 16, 18, 3]]
[[1, 3, 6, 9, 3], [1, 3, 6, 10, 3]]
[[34, 35, 40, 46, 3], [37, 38, 40, 46, 4]]
[[6, 8, 13, 15, 0], [6, 8, 19, 25, 0], [10, 11, 13, 15, 18]]
[[8, 8, 5, 7, 0], [10, 12, 5, 7, 3], [10, 12, 13, 26, 12]]
[[1, 4, 7, 11, 0], [1, 4, 15, 19, 0], [1, 4, 25, 27, 189], [23, 24, 25, 27, 189]]
[[3, 4, 5, 7, 0]]
[[8, 12, 13, 15, 103]]
[[5, 7, 9, 12, 3]]
[[3, 8, 9, 11, 12], [15, 16, 18, 19, 1], [35, 38, 40, 45, 21], [64, 65, 67, 73, 12]]
[[106, 107, 108, 109, 3]]
[[1, 2, 3, 4, 3], [5, 6, 7, 12, 6], [16, 20, 21, 26, 12], [30, 39, 40, 42, 66]]
[[10, 11, 13, 15, 3]]
[[1, 2, 3, 4, 0]]
[[1, 2, 3, 5, 3], [7, 8, 3, 5, 1], [7, 8, 9, 14, 1], [7, 8, 11, 14, 1]]
[[4, 7, 1, 2, 3]]
[[1, 7, 8, 10, 3], [20, 25, 26, 32, 3], [12, 13, 14, 18, 2]]
[[1, 7, 8, 11, 12], [37, 38, 39, 40, 6], [42, 43, 44, 45, 3], [52, 53, 54, 55, 103], [15, 18, 19, 30, 3]]
[[1, 4, 5, 8, 3], [1, 4, 18, 23, 3], [1, 4, 27, 34, 3]]
[[25, 26, 32, 34, 3], [25, 26, 41, 43, 3], [27, 28, 32, 34, 3], [29, 30, 32, 34, 4]]
[[3, 4, 5, 7, 3]]
[[3, 14, 31, 33, 1], [26, 29, 31, 33, 1]]
[[1, 2, 3, 5, 3]]
[[4, 5, 13, 15, 0], [19, 21, 24, 27, 49], [28, 30, 33, 34, 49], [4, 21, 13, 15, 49], [51, 51, 58, 61, 49]]
[[1, 3, 20, 22, 6], [1, 3, 26, 29, 0], [5, 11, 12, 16, 3]]
[[1, 2, 3, 6, 3], [1, 2, 27, 29, 3], [10, 14, 15, 19, 144], [10, 14, 15, 23, 6]]
[[1, 6, 7, 9, 49], [11, 12, 14, 14, 3]]
[[15, 16, 18, 21, 2], [23, 24, 25, 26, 58], [34, 35, 37, 38, 58], [2, 3, 4, 7, 3]]
[[3, 4, 5, 11, 3]]
[[1, 4, 5, 7, 189], [9, 10, 5, 7, 1]]
[[49, 53, 58, 60, 12], [65, 68, 73, 74, 49], [69, 71, 73, 74, 4], [1, 8, 3, 4, 6], [16, 22, 25, 31, 49], [65, 71, 73, 74, 49]]
[[35, 36, 37, 38, 1]]
[[15, 16, 17, 18, 6], [20, 21, 22, 22, 6], [24, 30, 31, 31, 12], [33, 36, 37, 37, 12]]
[[1, 2, 4, 7, 3], [11, 12, 4, 7, 0]]
[[1, 4, 5, 8, 3], [26, 26, 27, 36, 12]]
[[3, 4, 5, 10, 1]]
[[3, 11, 12, 16, 3], [1, 11, 12, 16, 3]]
[[1, 3, 4, 7, 75], [1, 3, 45, 49, 75], [1, 3, 10, 12, 75], [17, 18, 45, 49, 9]]
[]
[[1, 7, 28, 29, 2]]
[[1, 2, 3, 4, 3], [1, 2, 9, 10, 3], [6, 7, 9, 10, 1]]
[[1, 2, 3, 4, 3], [1, 2, 6, 15, 3], [8, 9, 10, 15, 3], [19, 20, 21, 23, 58]]
[[7, 14, 15, 16, 1]]
[[13, 14, 15, 18, 4], [24, 25, 26, 30, 1]]
[[2, 5, 6, 9, 189], [11, 13, 14, 22, 1]]
[[9, 10, 12, 13, 1], [9, 10, 15, 16, 1]]
[[12, 13, 14, 16, 4], [30, 32, 33, 34, 12]]
[[3, 4, 8, 11, 6], [19, 20, 21, 22, 4]]
[[17, 18, 21, 24, 58], [9, 10, 11, 15, 49]]
[[5, 8, 32, 34, 0], [5, 8, 15, 17, 6], [26, 29, 32, 34, 58]]
[[21, 22, 23, 26, 12], [21, 26, 28, 33, 12]]
[[1, 5, 6, 8, 0]]
[[1, 2, 3, 5, 0], [1, 2, 10, 11, 6], [1, 2, 12, 14, 3]]
[[1, 5, 9, 11, 0], [1, 5, 14, 16, 0], [1, 5, 18, 26, 0]]
[[1, 2, 12, 14, 1], [4, 5, 12, 14, 3], [8, 9, 12, 14, 112]]
[[1, 4, 14, 22, 1], [1, 4, 21, 22, 1], [1, 6, 14, 19, 1]]
[[13, 14, 1, 2, 6], [13, 14, 4, 5, 6]]
[[36, 39, 34, 35, 12], [36, 39, 45, 46, 12], [41, 44, 45, 46, 3], [50, 51, 48, 49, 103], [50, 51, 52, 59, 103]]
[[1, 2, 3, 6, 4]]
[[8, 9, 4, 6, 0], [8, 9, 1, 6, 0], [8, 9, 11, 16, 0]]
[[78, 91, 93, 100, 1], [90, 91, 93, 100, 1]]
[[17, 19, 20, 22, 103], [17, 19, 24, 30, 103]]
[[9, 10, 3, 8, 3], [9, 10, 7, 8, 3], [4, 5, 3, 3, 3], [4, 5, 7, 8, 3]]
[[1, 10, 15, 19, 12]]
[[15, 17, 18, 21, 12], [45, 46, 47, 55, 0], [45, 46, 34, 44, 4], [45, 46, 50, 55, 0], [3, 4, 5, 10, 3]]
[[1, 1, 6, 8, 189], [12, 13, 10, 10, 1], [12, 13, 15, 20, 1]]
[[1, 4, 7, 18, 0], [27, 28, 42, 45, 3], [27, 28, 38, 39, 3], [34, 37, 38, 39, 3], [40, 41, 42, 45, 1]]
[[4, 5, 8, 12, 3], [4, 5, 6, 12, 3], [16, 17, 21, 24, 1]]
[[1, 2, 3, 6, 4]]
[[4, 7, 8, 10, 0], [18, 22, 23, 25, 102], [26, 35, 36, 39, 58], [34, 35, 36, 39, 58]]
[[4, 5, 3, 3, 3], [18, 19, 13, 17, 0]]
[[1, 14, 17, 19, 0], [1, 14, 22, 23, 6], [1, 14, 50, 52, 0], [1, 14, 67, 69, 6], [26, 29, 31, 37, 58], [26, 29, 50, 52, 58], [60, 61, 63, 66, 6], [60, 61, 22, 23, 6], [60, 61, 67, 69, 6], [48, 49, 50, 52, 58]]
[[3, 4, 5, 6, 3]]
[[1, 9, 11, 13, 3]]
[[1, 4, 5, 6, 12], [1, 4, 9, 12, 12]]
[[3, 6, 16, 19, 3], [11, 14, 16, 19, 6], [22, 23, 16, 19, 1]]
[[20, 21, 17, 19, 6], [17, 21, 22, 36, 6]]
[[1, 7, 10, 11, 3], [1, 9, 10, 11, 3]]
[[3, 4, 7, 10, 0], [11, 12, 7, 10, 189]]
[[21, 33, 35, 36, 162]]
[[1, 2, 3, 5, 12], [7, 8, 12, 14, 3], [7, 10, 12, 14, 3]]
[[1, 4, 5, 6, 75]]
[[7, 8, 9, 12, 3]]
[[1, 6, 7, 8, 3], [13, 14, 15, 17, 1]]
[[1, 1, 2, 3, 9], [8, 11, 12, 18, 103]]
[[5, 11, 13, 17, 3]]
[[1, 2, 3, 4, 3], [1, 2, 9, 11, 3]]
[[40, 54, 56, 57, 75], [7, 14, 15, 17, 0]]
[[1, 6, 8, 10, 3]]
[[12, 13, 14, 19, 1]]
[[1, 9, 10, 15, 3]]
[[1, 17, 30, 32, 0], [1, 17, 76, 79, 1], [65, 66, 76, 79, 6], [25, 26, 30, 32, 4]]
[[51, 52, 56, 61, 58], [51, 70, 71, 73, 58]]
[[3, 7, 1, 2, 0], [9, 10, 11, 12, 4], [9, 10, 12, 12, 4], [24, 25, 26, 28, 1], [24, 25, 17, 19, 1]]
[[1, 4, 5, 10, 12]]
[[1, 2, 13, 16, 4], [4, 5, 13, 16, 3], [10, 11, 13, 16, 1]]
[[5, 8, 30, 37, 0], [24, 28, 30, 31, 9], [24, 28, 33, 37, 12]]
[[15, 20, 22, 24, 102], [15, 20, 36, 36, 102], [26, 27, 28, 34, 3], [26, 27, 32, 34, 3]]
[[10, 19, 20, 23, 0], [10, 19, 22, 26, 0]]
[[7, 9, 10, 16, 3]]
[[1, 6, 7, 9, 3]]
[[1, 2, 3, 9, 108]]
[[10, 11, 12, 20, 1], [10, 11, 14, 20, 1]]
[[3, 4, 6, 10, 1], [3, 4, 9, 10, 1], [7, 8, 9, 10, 1]]
[[9, 11, 12, 16, 0]]
[[1, 2, 3, 8, 3]]
[[1, 4, 6, 8, 3], [10, 11, 13, 20, 0]]
[[26, 28, 29, 31, 4], [24, 28, 29, 31, 103]]
[[115, 122, 123, 124, 3], [126, 129, 132, 135, 6]]
[[1, 2, 3, 8, 1]]
[[1, 7, 8, 9, 4], [1, 7, 11, 12, 6], [16, 17, 18, 23, 3], [29, 33, 44, 46, 112], [61, 62, 67, 70, 6], [1, 33, 49, 70, 6]]
[[6, 7, 8, 14, 3], [6, 7, 11, 14, 3], [17, 19, 20, 21, 12], [32, 37, 38, 39, 3], [32, 37, 38, 41, 3]]
[[1, 2, 6, 10, 3], [13, 14, 15, 19, 3]]
[[1, 2, 3, 5, 3], [1, 2, 9, 11, 3], [7, 8, 3, 5, 1], [7, 8, 9, 11, 1]]
[[8, 9, 11, 12, 3]]
[[8, 19, 2, 4, 126], [8, 19, 31, 37, 126], [24, 30, 31, 37, 0], [41, 55, 31, 37, 4], [5, 19, 2, 4, 126], [54, 55, 51, 52, 4]]
[[6, 10, 11, 16, 103], [72, 73, 76, 79, 21], [115, 119, 120, 124, 2], [81, 83, 85, 86, 58], [115, 122, 123, 124, 2], [175, 176, 177, 180, 2]]
[[9, 12, 14, 22, 12], [1, 2, 3, 8, 6]]
[[13, 20, 21, 22, 75]]
[[56, 57, 58, 58, 4]]
[[15, 15, 17, 22, 0], [10, 15, 17, 22, 0]]
[[4, 5, 1, 2, 3], [7, 8, 9, 13, 182]]
[[3, 9, 13, 17, 3]]
[[10, 11, 14, 16, 1]]
[[41, 50, 51, 57, 0], [41, 50, 55, 57, 0]]
[[13, 20, 22, 23, 2]]
[[1, 4, 5, 8, 0], [1, 4, 16, 21, 0], [11, 15, 16, 21, 0]]
[[1, 2, 3, 7, 3], [1, 2, 3, 4, 3], [1, 2, 5, 7, 3], [9, 12, 13, 14, 0], [16, 21, 22, 24, 12]]
[[7, 8, 10, 11, 1]]
[[1, 3, 7, 10, 4], [1, 6, 7, 10, 4]]
[[9, 10, 3, 4, 3], [9, 10, 7, 8, 3], [12, 13, 3, 4, 0], [7, 10, 3, 4, 3]]
[[13, 16, 29, 32, 6], [18, 24, 29, 32, 12]]
[[30, 32, 33, 34, 3], [12, 15, 16, 17, 6], [12, 17, 18, 19, 6]]
[[119, 124, 126, 128, 58], [140, 141, 146, 148, 1], [7, 17, 97, 97, 0]]
[[1, 22, 23, 26, 49], [1, 22, 25, 26, 49], [27, 28, 25, 26, 103], [32, 35, 30, 31, 12], [32, 35, 41, 44, 12], [32, 35, 46, 53, 12], [37, 40, 41, 44, 3], [1, 10, 46, 53, 0]]
[[1, 4, 6, 8, 6]]
[[1, 2, 6, 7, 6], [1, 2, 8, 13, 6]]
[[16, 17, 19, 20, 2], [35, 36, 1, 2, 3], [35, 36, 7, 12, 6], [35, 36, 25, 26, 6]]
[[9, 10, 17, 19, 6], [13, 14, 17, 19, 3]]
[[2, 3, 4, 14, 3], [2, 3, 23, 24, 6], [16, 17, 23, 24, 6]]
[[1, 2, 3, 6, 3], [9, 10, 15, 23, 1], [12, 13, 15, 23, 1]]
[[5, 11, 13, 16, 112]]
[[6, 8, 9, 11, 0], [16, 17, 20, 25, 2], [26, 30, 32, 33, 0], [34, 34, 35, 37, 45]]
[[2, 5, 6, 11, 1]]
[[59, 61, 62, 64, 49], [59, 61, 74, 75, 49], [72, 73, 74, 75, 4]]
[[17, 18, 19, 22, 21], [17, 22, 24, 27, 21]]
[[9, 10, 13, 14, 1], [16, 18, 19, 21, 1]]
[[4, 6, 1, 3, 0], [8, 9, 14, 17, 12], [8, 9, 33, 37, 12], [11, 12, 14, 17, 99], [19, 20, 21, 29, 103], [43, 44, 46, 48, 6], [43, 44, 49, 55, 6], [38, 39, 40, 41, 12]]
[[6, 9, 10, 11, 58], [3, 4, 1, 2, 6]]
[[9, 9, 5, 8, 189], [9, 9, 16, 16, 1], [39, 40, 41, 43, 1]]
[[1, 7, 8, 9, 3], [1, 7, 16, 19, 3], [1, 7, 20, 29, 3]]
[[1, 2, 3, 4, 3], [1, 2, 7, 8, 3], [1, 2, 9, 10, 3]]
[[9, 12, 16, 19, 3], [30, 34, 36, 37, 6], [6, 12, 21, 25, 1]]
[[1, 2, 3, 6, 102], [9, 10, 12, 14, 6]]
[[1, 4, 5, 8, 3], [1, 4, 10, 13, 3], [1, 4, 7, 8, 3], [17, 18, 20, 23, 3]]
[[1, 9, 10, 13, 6], [1, 9, 14, 15, 6]]
[[6, 7, 3, 4, 3], [11, 12, 15, 22, 6], [35, 36, 37, 40, 1], [30, 33, 37, 40, 4]]
[[5, 13, 1, 1, 0], [5, 13, 16, 17, 0], [14, 15, 16, 17, 3], [20, 21, 22, 24, 6], [26, 29, 31, 32, 3], [33, 34, 36, 43, 6], [2, 13, 1, 1, 0]]
[[7, 8, 1, 2, 6], [7, 8, 9, 12, 0], [1, 8, 9, 12, 6]]
[[23, 27, 33, 42, 49]]
[[10, 13, 15, 20, 49], [10, 13, 18, 20, 49], [40, 41, 42, 46, 0], [21, 24, 18, 20, 49], [33, 34, 35, 38, 49]]
[[1, 4, 8, 13, 6], [1, 4, 31, 35, 6], [19, 20, 31, 35, 6]]
[[1, 2, 6, 11, 108]]
[[4, 5, 7, 8, 3], [20, 21, 22, 24, 1]]
[[1, 2, 3, 6, 108], [25, 26, 27, 27, 1]]
[[9, 10, 13, 14, 0], [9, 10, 15, 17, 0], [19, 21, 13, 17, 0], [19, 21, 15, 17, 0]]
[[3, 7, 9, 17, 3]]
[[1, 2, 3, 5, 12]]
[[1, 2, 3, 5, 1], [20, 20, 16, 18, 3]]
[[21, 22, 24, 27, 103], [8, 9, 13, 16, 6]]
[[1, 14, 17, 18, 3], [1, 14, 33, 35, 0], [20, 21, 17, 18, 3], [28, 29, 25, 26, 12], [28, 29, 33, 35, 12], [1, 21, 17, 18, 3], [1, 21, 25, 26, 3]]
[[10, 14, 15, 19, 0], [20, 27, 15, 19, 58]]
[[11, 12, 13, 16, 4]]
[[1, 13, 27, 32, 0], [34, 38, 41, 43, 6]]
[[4, 5, 1, 2, 3], [4, 5, 6, 7, 3], [4, 5, 12, 17, 3], [9, 11, 6, 7, 3], [9, 11, 12, 17, 3]]
[[42, 45, 46, 49, 6], [52, 53, 54, 55, 103]]
[[12, 16, 17, 19, 12]]
[[1, 3, 4, 10, 3]]
[[11, 14, 21, 24, 49], [16, 20, 21, 24, 110]]
[[2, 3, 4, 8, 0], [2, 3, 9, 12, 0]]
[[23, 24, 25, 27, 4], [36, 44, 30, 31, 0], [36, 37, 38, 40, 1]]
[[5, 9, 1, 4, 0], [5, 9, 23, 26, 6], [17, 22, 23, 26, 6]]
[[5, 8, 1, 3, 0]]
[]
[[11, 16, 17, 19, 1], [3, 6, 7, 9, 49]]
[[1, 37, 38, 40, 1], [36, 37, 38, 40, 1]]
[[1, 3, 11, 15, 58], [5, 7, 11, 15, 6]]
[[133, 136, 137, 138, 0], [67, 69, 85, 86, 0]]
[[1, 2, 3, 8, 189], [1, 2, 12, 14, 0]]
[[65, 68, 69, 71, 12], [1, 18, 55, 55, 0]]
[[1, 6, 7, 9, 120]]
[[3, 14, 15, 17, 3], [3, 14, 19, 26, 3]]
[[1, 10, 12, 14, 0], [1, 10, 16, 18, 0], [1, 10, 16, 16, 0]]
[[6, 7, 8, 10, 189], [16, 17, 14, 15, 1], [16, 17, 18, 28, 1]]
[[28, 29, 30, 34, 58]]
[[85, 88, 89, 91, 12], [109, 112, 114, 116, 12]]
[[1, 2, 3, 8, 3]]
[[1, 7, 13, 19, 3], [11, 12, 13, 19, 6], [34, 37, 41, 46, 21]]
[[38, 39, 40, 42, 1], [38, 39, 74, 78, 1], [68, 73, 74, 78, 1]]
[[3, 3, 4, 9, 45]]
[[1, 2, 5, 10, 58]]
[[54, 55, 56, 59, 58]]
[[3, 4, 5, 6, 0], [3, 4, 57, 61, 0], [41, 44, 33, 39, 12], [41, 44, 45, 47, 12], [41, 44, 57, 61, 12], [160, 161, 162, 163, 4], [187, 190, 192, 194, 189], [28, 31, 33, 39, 3], [154, 155, 156, 159, 103]]
[[55, 72, 2, 14, 0], [55, 72, 52, 53, 0]]
[[3, 4, 1, 2, 4], [5, 6, 1, 2, 1], [3, 6, 1, 2, 1]]
[[6, 8, 13, 16, 3], [11, 12, 13, 16, 3], [18, 21, 23, 25, 12]]
[[53, 55, 56, 64, 49]]
[[1, 1, 3, 7, 75]]
[[1, 3, 4, 6, 12]]
[[8, 16, 5, 6, 189], [8, 9, 5, 6, 189]]
[[1, 2, 3, 7, 3], [10, 11, 13, 16, 1]]
[[1, 8, 10, 11, 0], [15, 19, 20, 21, 1]]
[[51, 53, 54, 55, 49]]
[[12, 28, 84, 87, 0], [89, 90, 91, 91, 102], [93, 95, 96, 99, 110], [79, 83, 84, 87, 3]]
[[19, 20, 21, 25, 3]]
[[24, 25, 26, 28, 4], [55, 56, 49, 50, 6], [62, 64, 65, 78, 4], [62, 64, 49, 50, 4], [62, 64, 72, 78, 4], [80, 81, 72, 78, 3]]
[[1, 6, 16, 21, 3], [9, 15, 16, 21, 3], [22, 23, 26, 29, 4]]
[[14, 20, 22, 23, 3], [19, 20, 22, 23, 3], [24, 29, 30, 33, 189]]
[[7, 10, 1, 6, 0], [7, 10, 24, 27, 0], [20, 22, 24, 27, 1]]
[[37, 38, 39, 40, 1], [24, 25, 19, 22, 3]]
[[1, 2, 3, 4, 3]]
[[5, 7, 3, 4, 0], [9, 10, 3, 4, 3], [9, 10, 11, 11, 3], [9, 10, 14, 14, 3], [12, 13, 14, 14, 3]]
[[1, 2, 3, 7, 3], [14, 22, 10, 13, 1]]
[[14, 17, 3, 4, 3], [14, 17, 9, 13, 3], [14, 17, 1, 4, 3], [6, 7, 1, 4, 3]]
[[2, 3, 4, 8, 3], [43, 44, 45, 48, 2]]
[[5, 6, 7, 10, 3], [12, 14, 16, 24, 0], [28, 32, 35, 40, 3]]
[[2, 6, 7, 12, 3], [29, 32, 33, 37, 182], [29, 32, 35, 37, 182], [18, 19, 23, 25, 189]]
[[1, 2, 7, 10, 3], [4, 5, 7, 10, 3]]
[[3, 4, 10, 13, 3], [5, 6, 10, 13, 4], [3, 8, 10, 13, 4]]
[[1, 6, 7, 9, 3], [5, 6, 10, 15, 1]]
[[1, 2, 3, 4, 3]]
[[4, 5, 6, 7, 3], [9, 10, 11, 13, 3], [16, 17, 19, 20, 1]]
[[71, 73, 74, 74, 1]]
[[1, 5, 6, 12, 3]]
[[12, 15, 16, 18, 102], [25, 33, 34, 36, 102], [32, 33, 34, 36, 49]]
[[38, 41, 43, 46, 6], [62, 75, 76, 80, 49]]
[[1, 2, 7, 8, 0]]
[[23, 25, 26, 30, 49], [31, 37, 39, 42, 49]]
[[1, 8, 9, 11, 103]]
[[5, 20, 2, 4, 0], [22, 24, 26, 28, 0], [22, 24, 33, 35, 3], [37, 43, 44, 50, 3]]
[[3, 4, 9, 11, 3]]
[[1, 2, 3, 7, 1], [10, 16, 18, 21, 3]]
[[48, 49, 50, 52, 6], [48, 49, 54, 60, 6], [68, 71, 72, 74, 49], [76, 77, 78, 80, 4], [22, 23, 24, 52, 1]]
[[14, 18, 9, 10, 0], [30, 33, 34, 38, 4]]
[[20, 23, 24, 30, 21], [17, 23, 24, 30, 21], [17, 23, 76, 81, 21]]
[[4, 9, 10, 11, 6], [13, 14, 15, 16, 3], [18, 19, 20, 27, 9]]
[[25, 45, 56, 59, 0]]
[[1, 5, 10, 16, 3], [1, 5, 10, 14, 3], [18, 22, 13, 16, 3]]
[[3, 5, 6, 10, 0], [15, 18, 19, 22, 0]]
[[1, 5, 6, 12, 0], [1, 5, 11, 12, 4]]
[[23, 24, 25, 27, 3], [28, 43, 25, 27, 0], [4, 6, 11, 16, 75]]
[[1, 5, 6, 15, 112], [1, 5, 11, 15, 112]]
[[1, 2, 3, 8, 1], [12, 15, 16, 26, 12]]
[[1, 6, 7, 14, 1]]
[[1, 2, 3, 8, 3], [9, 10, 11, 13, 9], [16, 17, 19, 23, 1], [16, 17, 49, 51, 1], [26, 27, 37, 39, 54]]
[[4, 7, 1, 2, 0], [4, 7, 11, 20, 2]]
[[1, 3, 7, 10, 138], [1, 5, 7, 10, 138]]
[[27, 33, 35, 40, 45], [55, 56, 62, 64, 2], [58, 60, 62, 64, 3]]
[[98, 99, 100, 101, 1], [119, 122, 123, 128, 11]]
[[7, 11, 13, 15, 3]]
[[1, 9, 11, 13, 112], [18, 19, 20, 30, 1]]
[[1, 9, 10, 11, 1]]
[[16, 16, 17, 21, 49], [22, 24, 26, 27, 103]]
[[15, 16, 17, 21, 18], [15, 16, 30, 37, 18], [98, 101, 102, 103, 3], [107, 110, 111, 119, 3]]
[[1, 6, 8, 10, 3], [15, 16, 19, 22, 1]]
[[23, 28, 33, 35, 3], [30, 31, 33, 35, 3]]
[[1, 3, 4, 8, 45]]
[[2, 3, 1, 1, 0], [4, 5, 6, 7, 6], [2, 5, 6, 7, 6]]
[[4, 5, 1, 2, 0], [4, 5, 7, 9, 3]]
[[22, 23, 24, 26, 1], [20, 23, 24, 26, 1]]
[[1, 2, 3, 4, 3], [1, 2, 22, 23, 3], [14, 15, 16, 23, 1]]
[[21, 27, 17, 20, 0], [29, 30, 32, 34, 1], [6, 10, 12, 14, 0]]
[[16, 17, 18, 20, 103], [22, 23, 26, 38, 4], [40, 41, 42, 46, 112]]
[[40, 44, 37, 39, 6]]
[[1, 3, 4, 7, 0], [11, 14, 26, 29, 3], [16, 19, 26, 29, 3], [22, 23, 26, 29, 3], [34, 35, 37, 40, 1]]
[[17, 18, 19, 21, 54]]
[[7, 10, 11, 13, 49]]
[[1, 1, 2, 8, 189], [28, 29, 21, 24, 9]]
[[8, 9, 10, 11, 1]]
[[5, 6, 12, 21, 6], [26, 27, 28, 31, 6], [55, 56, 57, 60, 54], [85, 86, 88, 89, 1], [85, 86, 87, 89, 1]]
[[1, 4, 11, 12, 0], [6, 9, 11, 12, 0], [22, 23, 24, 25, 6], [22, 25, 26, 28, 6]]
[[9, 12, 14, 15, 112]]
[[21, 25, 27, 27, 9], [21, 25, 81, 87, 12], [37, 42, 48, 51, 1], [37, 42, 53, 55, 1], [76, 105, 107, 110, 1], [76, 80, 81, 87, 9], [104, 105, 107, 110, 1]]
[[4, 9, 1, 3, 108], [4, 9, 11, 14, 108], [4, 9, 15, 20, 112]]
[[1, 2, 3, 4, 0]]
[[9, 9, 6, 8, 0], [16, 17, 18, 20, 1]]
[[3, 6, 7, 10, 21], [3, 6, 14, 18, 21]]
[[1, 5, 6, 14, 3], [17, 18, 22, 27, 3], [20, 21, 22, 27, 4]]
[[7, 7, 8, 10, 2], [19, 20, 21, 30, 3]]
[[6, 10, 11, 14, 3]]
[[19, 20, 21, 22, 4], [19, 20, 15, 18, 4]]
[[53, 55, 57, 69, 103], [11, 13, 36, 43, 0]]
[[7, 14, 1, 2, 0], [7, 14, 17, 26, 6], [7, 14, 21, 26, 6], [17, 20, 21, 26, 6]]
[[3, 4, 8, 9, 6]]
[[7, 10, 5, 6, 0], [12, 13, 15, 16, 3]]
[[6, 7, 1, 4, 3], [9, 10, 11, 20, 1]]
[[23, 29, 30, 33, 1], [23, 29, 43, 43, 0], [35, 36, 38, 38, 1]]
[[20, 21, 22, 24, 1]]
[]
[[1, 1, 5, 10, 0], [1, 1, 95, 100, 189], [12, 13, 15, 16, 1], [104, 105, 106, 111, 3]]
[[5, 7, 8, 10, 3], [5, 7, 2, 3, 3], [14, 15, 17, 20, 1]]
[[51, 54, 56, 58, 85]]
[[4, 5, 6, 7, 3]]
[[5, 7, 16, 17, 0], [34, 37, 31, 32, 3], [34, 37, 55, 57, 3], [40, 42, 55, 57, 6], [12, 15, 16, 17, 0], [12, 15, 55, 57, 0]]
[[1, 5, 6, 7, 0], [18, 21, 44, 53, 0]]
[[1, 2, 3, 4, 12], [8, 11, 3, 4, 12], [37, 38, 34, 35, 0], [21, 22, 23, 27, 3]]
[[3, 6, 10, 13, 0], [31, 34, 35, 38, 0]]
[]
[[27, 28, 36, 38, 0], [58, 59, 60, 61, 54], [115, 116, 117, 122, 3]]
[[8, 15, 1, 2, 0], [8, 15, 54, 55, 0], [26, 27, 28, 30, 120], [37, 44, 1, 2, 0], [37, 44, 54, 55, 0], [46, 52, 54, 55, 0]]
[[62, 63, 64, 67, 4], [112, 114, 115, 119, 0]]
[[1, 12, 13, 15, 1], [1, 12, 29, 31, 1], [17, 18, 13, 15, 3], [24, 25, 26, 28, 1], [24, 25, 29, 31, 1], [34, 37, 38, 44, 3]]
[[3, 6, 14, 15, 3], [9, 12, 14, 15, 3], [19, 20, 22, 31, 3]]
[[34, 35, 36, 42, 108], [56, 56, 66, 68, 45], [82, 88, 89, 93, 1]]
[[1, 2, 3, 4, 3], [7, 8, 13, 16, 1]]
[[14, 15, 6, 11, 0]]
[[2, 3, 17, 19, 162], [7, 16, 17, 19, 162], [33, 41, 57, 60, 3], [54, 55, 57, 60, 54], [62, 64, 66, 70, 9]]
[[15, 21, 22, 24, 12]]
[[123, 130, 131, 133, 0], [123, 130, 150, 159, 54], [177, 178, 207, 208, 1], [177, 178, 205, 208, 1], [216, 217, 218, 223, 2]]
[[1, 3, 5, 7, 180], [1, 3, 4, 7, 180], [9, 10, 11, 15, 180]]
[[24, 25, 27, 27, 58], [7, 9, 27, 27, 0]]
[[1, 3, 7, 15, 0], [1, 3, 7, 25, 0], [28, 29, 30, 31, 4]]
[[22, 25, 29, 32, 6]]
[[4, 7, 1, 2, 0], [4, 7, 13, 14, 0]]
[[5, 6, 7, 8, 3], [11, 12, 13, 16, 1], [18, 19, 5, 8, 6], [18, 19, 13, 16, 0]]
[[1, 4, 5, 6, 0]]
[[1, 2, 3, 5, 1], [15, 16, 12, 13, 0]]
[[1, 5, 8, 12, 0], [1, 5, 15, 19, 1]]
[[1, 5, 6, 10, 110]]
[[56, 58, 59, 61, 0]]
[[1, 8, 10, 22, 3], [1, 8, 20, 22, 3], [24, 28, 29, 30, 12]]
[[1, 2, 3, 5, 6], [7, 18, 20, 22, 21], [7, 10, 20, 22, 21]]
[[1, 1, 3, 7, 45]]
[[29, 32, 27, 28, 12], [29, 32, 38, 41, 12], [34, 37, 38, 41, 3], [45, 46, 43, 44, 103], [45, 46, 47, 52, 103]]
[[3, 4, 6, 12, 0], [3, 4, 8, 12, 0]]
[[54, 59, 60, 61, 112], [75, 78, 80, 89, 0]]
[[1, 2, 7, 9, 3], [4, 5, 7, 9, 1]]
[[17, 31, 5, 8, 6], [17, 31, 11, 14, 0]]
[[2, 3, 6, 7, 1], [19, 21, 22, 25, 9]]
[[1, 3, 9, 11, 0], [1, 3, 4, 11, 0], [1, 3, 34, 36, 0], [13, 16, 17, 18, 12], [20, 21, 22, 23, 126], [13, 21, 22, 23, 12]]
[[1, 7, 8, 10, 2], [14, 19, 20, 22, 147]]
[[8, 9, 11, 12, 1]]
[[1, 1, 5, 9, 49], [3, 4, 5, 9, 112]]
[[1, 5, 6, 10, 54], [55, 56, 57, 61, 54]]
[[11, 12, 15, 21, 49], [50, 55, 57, 58, 54], [2, 3, 6, 9, 0]]
[[1, 4, 7, 14, 3], [16, 23, 24, 25, 112]]
[[21, 22, 31, 34, 54], [24, 25, 31, 34, 9], [28, 29, 31, 34, 99]]
[[21, 24, 26, 30, 12]]
[[17, 25, 26, 30, 66]]
[[16, 17, 1, 3, 0], [16, 17, 6, 7, 6], [6, 9, 1, 3, 3]]
[[3, 6, 9, 10, 6]]
[[22, 23, 26, 28, 4], [40, 43, 44, 49, 1]]
[[5, 10, 1, 4, 0], [5, 10, 31, 32, 6], [5, 10, 34, 37, 6], [5, 18, 31, 32, 108]]
[[1, 6, 7, 10, 49], [1, 6, 7, 9, 49], [40, 41, 42, 43, 1]]
[[4, 5, 6, 9, 9], [18, 33, 6, 9, 9], [18, 33, 119, 122, 0], [92, 95, 96, 98, 13]]
[[11, 12, 15, 19, 4]]
[[19, 20, 21, 22, 1], [27, 30, 31, 35, 0]]
[[9, 10, 11, 12, 6]]
[[29, 32, 34, 37, 0], [8, 9, 10, 13, 3]]
[[1, 2, 5, 6, 4], [8, 9, 5, 6, 4], [8, 9, 10, 11, 4], [20, 20, 15, 18, 3]]
[[1, 11, 15, 17, 3]]
[[23, 27, 28, 29, 6], [23, 27, 32, 38, 6]]
[[1, 2, 6, 9, 3], [11, 11, 13, 15, 3]]
[[3, 25, 1, 2, 0], [96, 98, 99, 103, 45]]
[[1, 5, 6, 7, 1]]
[[1, 4, 7, 8, 0]]
[[3, 7, 8, 11, 0]]
[[3, 4, 5, 9, 4], [11, 12, 14, 16, 58], [25, 26, 27, 35, 6]]
[[1, 5, 9, 10, 0]]
[[8, 12, 14, 19, 12], [22, 23, 26, 29, 6], [1, 3, 4, 4, 12], [1, 3, 14, 19, 0], [5, 6, 4, 4, 12]]
[[1, 2, 6, 9, 189], [12, 13, 15, 17, 1]]
[[6, 14, 15, 17, 0], [39, 40, 41, 50, 9]]
[[1, 5, 9, 11, 0], [24, 27, 28, 31, 4], [18, 19, 20, 22, 0]]
[[1, 2, 3, 3, 6], [10, 11, 12, 13, 1]]
[[3, 4, 5, 14, 3], [17, 18, 21, 23, 0], [25, 28, 29, 32, 12]]
[[18, 19, 21, 25, 4], [4, 8, 27, 32, 120]]
[[5, 8, 11, 12, 6], [5, 8, 13, 16, 6], [17, 20, 13, 16, 6]]
[[23, 26, 27, 30, 0]]
[[26, 28, 29, 37, 0], [1, 2, 5, 6, 6], [22, 23, 24, 25, 4]]
[[29, 31, 33, 37, 112]]
[[1, 6, 7, 11, 1], [16, 17, 19, 20, 189]]
[[3, 4, 6, 9, 0]]
[[9, 12, 13, 14, 58]]
[[40, 41, 46, 49, 99]]
[[1, 2, 11, 12, 6], [33, 34, 36, 38, 1], [64, 65, 67, 68, 54], [1, 5, 8, 12, 6]]
[[3, 9, 12, 14, 12], [15, 16, 18, 20, 3], [3, 16, 18, 20, 12]]
[[8, 9, 10, 12, 108]]
[[6, 7, 8, 10, 0], [6, 7, 12, 15, 0], [5, 7, 8, 10, 0]]
[[1, 2, 3, 4, 0], [6, 13, 15, 16, 12]]
[[6, 6, 7, 8, 45], [6, 6, 20, 26, 45]]
[[3, 11, 12, 16, 3], [18, 21, 23, 26, 138]]
[[3, 4, 1, 2, 3]]
[[16, 18, 20, 22, 103], [23, 24, 25, 30, 3], [44, 50, 52, 54, 0]]
[[50, 54, 55, 59, 9], [74, 80, 81, 87, 3], [65, 68, 70, 73, 49], [93, 94, 95, 99, 189]]
[[9, 10, 13, 14, 4]]
[[1, 1, 4, 7, 189], [1, 1, 6, 7, 189]]
[[5, 13, 14, 19, 3], [5, 13, 44, 51, 6], [37, 38, 39, 42, 6], [37, 38, 44, 51, 6], [54, 57, 58, 62, 126]]
[[12, 16, 17, 19, 0], [22, 27, 29, 32, 2]]
[[1, 2, 7, 10, 3], [4, 5, 7, 10, 3], [13, 14, 16, 18, 4], [22, 23, 24, 30, 1]]
[[1, 10, 11, 17, 45], [1, 10, 13, 17, 45]]
[[1, 4, 5, 8, 54], [1, 4, 7, 8, 54]]
[[1, 5, 7, 9, 3], [21, 22, 28, 30, 1]]
[[1, 1, 6, 7, 0], [3, 4, 6, 7, 0]]
[[1, 4, 7, 10, 3], [1, 4, 11, 16, 0]]
[[3, 4, 23, 32, 4], [3, 4, 29, 32, 0], [23, 25, 29, 32, 4]]
[]
[[6, 10, 1, 3, 0], [6, 10, 13, 14, 3], [8, 10, 6, 7, 3]]
[[2, 6, 7, 10, 0], [19, 22, 16, 17, 1]]
[[9, 10, 11, 14, 3]]
[[1, 6, 7, 9, 9], [3, 6, 7, 9, 9]]
[[3, 4, 5, 7, 3], [3, 4, 8, 10, 3], [15, 18, 19, 22, 21], [15, 18, 21, 22, 21]]
[[25, 31, 32, 35, 3]]
[[1, 3, 6, 7, 9]]
[[1, 2, 3, 11, 3]]
[[14, 15, 19, 21, 5], [14, 15, 23, 24, 5]]
[[23, 24, 25, 28, 6], [32, 36, 37, 41, 112]]
[[47, 51, 52, 60, 3]]
[[19, 20, 17, 18, 1], [58, 61, 53, 56, 162], [58, 61, 62, 67, 0], [17, 20, 28, 34, 1], [53, 54, 55, 56, 162]]
[[13, 17, 18, 23, 3], [13, 17, 35, 43, 6], [26, 27, 28, 28, 6], [26, 27, 30, 33, 6], [10, 17, 18, 23, 3]]
[[16, 20, 21, 25, 103], [99, 102, 103, 106, 112]]
[[1, 7, 8, 15, 6]]
[[5, 8, 1, 3, 6], [5, 8, 9, 15, 6], [5, 8, 12, 15, 3]]
[[4, 8, 1, 3, 0], [10, 12, 13, 14, 0], [9, 12, 13, 14, 0]]
[[3, 19, 1, 2, 0]]
[[1, 2, 3, 4, 1], [9, 11, 12, 21, 2]]
[[6, 10, 1, 5, 3], [14, 15, 17, 18, 1]]
[[24, 27, 33, 37, 3], [29, 32, 33, 37, 3]]
[[36, 40, 41, 44, 2], [36, 40, 150, 157, 9], [121, 140, 141, 148, 3], [138, 140, 141, 148, 3]]
[[53, 54, 55, 56, 58], [75, 78, 55, 56, 58], [75, 78, 83, 86, 58], [88, 89, 94, 98, 144]]
[[7, 10, 11, 13, 0], [30, 34, 36, 38, 12]]
[[14, 15, 19, 22, 162]]
[[1, 5, 14, 17, 0], [7, 12, 14, 17, 0]]
[[30, 32, 33, 41, 49], [30, 32, 39, 41, 49], [25, 26, 22, 23, 0], [37, 38, 39, 41, 4]]
[[65, 66, 69, 71, 4]]
[[28, 29, 30, 33, 0]]
[[3, 4, 5, 7, 6], [8, 11, 13, 15, 12], [16, 21, 22, 24, 49]]
[[3, 4, 5, 6, 0]]
[[28, 31, 32, 34, 0]]
[[41, 54, 55, 62, 1], [64, 66, 68, 70, 4]]
[[1, 2, 3, 4, 4], [15, 16, 12, 14, 0]]
[[1, 5, 6, 9, 3], [13, 14, 15, 22, 6]]
[[23, 30, 31, 33, 12]]
[[19, 23, 24, 27, 180], [30, 34, 35, 40, 3], [30, 34, 37, 40, 3]]
[[4, 5, 1, 2, 0], [4, 5, 6, 7, 0], [9, 10, 1, 2, 3], [9, 10, 6, 7, 3]]
[[4, 5, 6, 12, 103], [45, 49, 50, 58, 0]]
[[1, 12, 59, 62, 0], [74, 75, 77, 80, 1]]
[[6, 7, 3, 4, 6], [6, 7, 9, 12, 0], [6, 7, 1, 4, 6]]
[[1, 2, 3, 4, 3], [1, 2, 11, 11, 3], [7, 8, 11, 12, 1]]
[[1, 2, 7, 11, 3], [4, 5, 7, 11, 3], [17, 18, 19, 27, 1]]
[[28, 30, 31, 32, 103]]
[[3, 9, 1, 2, 0]]
[[1, 5, 6, 9, 12]]
[[10, 11, 13, 14, 3], [18, 19, 20, 24, 3]]
[[1, 2, 5, 6, 3], [1, 2, 14, 15, 6], [7, 8, 10, 13, 3], [16, 17, 19, 19, 3], [16, 17, 20, 25, 3], [1, 4, 5, 6, 3], [1, 4, 10, 13, 3]]
[[9, 12, 13, 17, 12]]
[[1, 3, 4, 5, 9], [11, 12, 13, 15, 1]]
[[1, 11, 12, 12, 0], [20, 21, 22, 26, 3], [35, 36, 37, 37, 1]]
[[42, 43, 44, 47, 112]]
[[1, 12, 14, 20, 3]]
[[13, 14, 17, 19, 6], [21, 22, 23, 25, 4], [11, 14, 17, 19, 6]]
[[3, 5, 6, 8, 45]]
[[1, 4, 5, 8, 0], [10, 11, 12, 13, 1], [10, 11, 15, 16, 1]]
[[1, 4, 6, 9, 6]]
[[1, 4, 10, 13, 0], [15, 19, 20, 27, 13], [6, 9, 10, 13, 0]]
[[1, 2, 6, 9, 3], [4, 5, 6, 9, 6]]
[[1, 6, 7, 8, 76]]
[]
[[60, 61, 62, 67, 1], [27, 28, 29, 32, 1], [34, 35, 29, 32, 1]]
[[10, 13, 14, 21, 6], [66, 69, 71, 73, 6], [66, 69, 62, 65, 0], [80, 85, 86, 87, 49], [24, 26, 27, 30, 6], [34, 35, 32, 33, 13]]
[[8, 9, 10, 12, 3]]
[[1, 2, 3, 6, 3]]
[[38, 39, 43, 48, 103], [41, 42, 43, 48, 4], [69, 73, 76, 83, 49], [168, 169, 172, 174, 1]]
[[3, 5, 6, 7, 1]]
[[3, 7, 9, 10, 3], [12, 15, 19, 23, 12], [45, 48, 49, 51, 0]]
[[1, 4, 5, 6, 0]]
[[10, 15, 8, 9, 0], [10, 15, 37, 41, 0], [25, 26, 27, 27, 12], [28, 29, 31, 32, 3]]
[[1, 2, 5, 8, 0], [10, 13, 14, 17, 12], [25, 26, 29, 32, 3], [45, 46, 43, 44, 1]]
[[5, 8, 1, 4, 0], [12, 13, 14, 19, 4]]
[[1, 4, 11, 14, 3], [18, 19, 25, 26, 1]]
[[20, 21, 23, 27, 4], [31, 32, 33, 39, 4], [43, 44, 45, 50, 1], [1, 3, 8, 16, 0]]
[[9, 10, 6, 7, 0], [9, 10, 1, 4, 3]]
[[2, 5, 8, 10, 3], [15, 16, 20, 22, 3], [23, 24, 25, 29, 4]]
[[16, 29, 30, 31, 3], [16, 29, 32, 34, 3]]
[[4, 5, 1, 2, 0]]
[[1, 7, 8, 9, 1]]
[[1, 9, 13, 17, 1]]
[[12, 15, 22, 28, 6]]
[[3, 4, 1, 2, 0]]
[[3, 4, 5, 6, 3]]
[[1, 8, 13, 15, 0], [29, 30, 31, 33, 9]]
[[20, 24, 17, 18, 12], [7, 10, 4, 6, 3]]
[[1, 5, 6, 8, 3]]
[[1, 2, 3, 4, 21], [1, 2, 9, 11, 18], [17, 19, 14, 16, 21]]
[[11, 12, 17, 19, 6], [11, 12, 21, 23, 6], [18, 19, 21, 23, 6]]
[[1, 4, 5, 7, 0]]
[[18, 19, 22, 28, 3]]
[[4, 11, 2, 3, 0], [6, 11, 2, 3, 0]]
[[1, 5, 6, 10, 1]]
[[29, 32, 34, 40, 3]]
[[1, 2, 3, 8, 3], [1, 2, 11, 15, 6]]
[[7, 10, 13, 16, 3], [52, 54, 56, 57, 0]]
[[21, 22, 18, 20, 6], [14, 16, 18, 20, 6]]
[[6, 9, 10, 15, 0], [53, 54, 55, 59, 3]]
[[6, 10, 17, 20, 0], [23, 23, 29, 33, 45], [25, 28, 29, 33, 112]]
[[1, 2, 3, 5, 4], [11, 12, 13, 15, 3]]
[[10, 11, 12, 16, 0], [10, 11, 36, 39, 0], [33, 35, 36, 39, 0]]
[[8, 11, 12, 15, 0], [42, 46, 38, 41, 0], [24, 26, 31, 36, 49]]
[[9, 11, 12, 16, 3]]
[[7, 10, 3, 17, 3], [19, 20, 22, 24, 1], [7, 13, 15, 17, 3]]
[[1, 2, 3, 5, 12], [7, 9, 10, 12, 12]]
[[24, 25, 26, 28, 6]]
[[1, 4, 5, 8, 6], [49, 50, 51, 63, 54], [44, 50, 51, 63, 54]]
[[2, 3, 1, 1, 12], [7, 8, 4, 5, 6], [13, 16, 10, 11, 3], [22, 23, 18, 19, 0], [1, 3, 4, 5, 6]]
[[10, 11, 12, 15, 0], [29, 30, 33, 33, 6], [29, 30, 36, 42, 0], [44, 45, 46, 47, 3], [44, 45, 48, 51, 3], [53, 54, 57, 60, 9], [1, 20, 21, 23, 0]]
[[1, 2, 4, 5, 6], [21, 22, 25, 27, 6], [1, 22, 28, 30, 6]]
[[13, 15, 16, 17, 0], [19, 20, 25, 26, 54], [22, 23, 25, 26, 3], [27, 28, 30, 34, 162]]
[[26, 29, 30, 34, 6]]
[[3, 4, 5, 7, 3], [1, 4, 8, 9, 3]]
[[9, 11, 12, 13, 103], [19, 22, 5, 7, 6], [19, 22, 37, 43, 4], [31, 33, 34, 35, 9]]
[[1, 2, 7, 11, 3], [1, 2, 8, 11, 3], [26, 27, 28, 29, 1], [22, 27, 28, 29, 1]]
[[1, 2, 6, 8, 3], [4, 5, 6, 8, 3], [19, 20, 21, 22, 1]]
[[4, 5, 6, 8, 3], [14, 15, 16, 19, 3]]
[[1, 2, 3, 4, 3], [5, 6, 8, 9, 1]]
[]
[[5, 6, 7, 8, 3], [5, 6, 10, 13, 3], [15, 16, 7, 8, 0], [15, 16, 10, 13, 0], [19, 22, 24, 25, 103]]
[[11, 12, 13, 18, 58]]
[[1, 4, 5, 8, 2], [63, 66, 69, 74, 103]]
[[17, 27, 93, 95, 0], [28, 39, 93, 95, 0]]
[[3, 4, 1, 2, 6], [1, 4, 6, 11, 6]]
[]
[[6, 7, 4, 5, 3], [6, 7, 9, 12, 3]]
[[4, 5, 7, 8, 6], [13, 14, 15, 17, 3], [36, 38, 40, 43, 6], [45, 46, 48, 53, 6]]
[[1, 4, 6, 8, 3], [9, 12, 13, 15, 66]]
[[1, 6, 7, 11, 66], [1, 6, 7, 9, 66], [12, 15, 16, 17, 12], [21, 25, 27, 29, 0]]
[[1, 5, 6, 10, 1]]
[[26, 31, 37, 39, 3], [33, 35, 37, 39, 3], [44, 52, 53, 57, 103]]
[[1, 3, 4, 6, 9], [1, 3, 12, 14, 12]]
[[14, 15, 16, 17, 4], [22, 22, 19, 21, 49]]
[[3, 4, 5, 12, 1], [25, 29, 31, 34, 4], [25, 27, 28, 34, 189]]
[[1, 2, 3, 12, 6], [1, 2, 10, 12, 6], [27, 28, 25, 26, 3]]
[[13, 14, 15, 19, 3]]
[[1, 3, 4, 9, 0]]
[[15, 16, 21, 22, 3], [18, 19, 21, 22, 3], [10, 16, 24, 27, 3]]
[[1, 19, 21, 25, 81], [14, 19, 21, 25, 81]]
[[1, 3, 9, 10, 0], [5, 7, 9, 10, 0]]
[[44, 48, 49, 51, 1]]
[[1, 2, 7, 11, 3], [13, 18, 23, 30, 102], [21, 22, 23, 30, 54]]
[[2, 8, 14, 16, 138]]
[[4, 6, 7, 9, 3]]
[[86, 90, 82, 85, 4], [86, 90, 153, 157, 49]]
[[1, 8, 16, 19, 3], [24, 25, 26, 28, 9], [9, 14, 16, 19, 108]]
[[1, 4, 5, 6, 0], [27, 38, 22, 24, 0], [14, 15, 16, 17, 0]]
[[1, 2, 5, 8, 189]]
[[1, 5, 9, 12, 0]]
[[1, 5, 9, 10, 6], [1, 5, 37, 40, 0], [28, 29, 30, 31, 103], [33, 36, 37, 40, 5]]
[[2, 5, 11, 13, 3], [2, 19, 23, 29, 3]]
[[19, 22, 24, 26, 3], [19, 22, 28, 35, 3]]
[[3, 6, 13, 17, 3], [8, 9, 13, 17, 1]]
[[12, 13, 14, 18, 9], [12, 15, 17, 18, 13]]
[[30, 32, 33, 36, 12]]
[[1, 4, 5, 8, 3], [10, 11, 12, 17, 6], [10, 15, 16, 17, 0]]
[[4, 4, 5, 7, 0], [18, 22, 25, 27, 0]]
[[1, 3, 4, 8, 3], [1, 3, 10, 11, 3]]
[[1, 2, 3, 4, 0]]
[[54, 58, 59, 64, 0]]
[[5, 8, 2, 3, 58], [5, 8, 15, 16, 58], [17, 19, 15, 16, 3], [45, 47, 42, 43, 0]]
[[1, 3, 4, 9, 49], [11, 11, 13, 14, 49]]
[[113, 117, 119, 123, 0], [49, 55, 56, 58, 0]]
[[4, 7, 9, 11, 21], [12, 16, 21, 24, 12]]
[[1, 2, 5, 6, 0], [1, 2, 10, 12, 6], [1, 4, 5, 6, 4]]
[[8, 11, 13, 14, 6], [8, 11, 15, 16, 6], [8, 11, 17, 18, 6], [19, 20, 21, 22, 103], [19, 20, 58, 60, 103], [49, 52, 53, 54, 6], [49, 52, 58, 60, 0], [13, 14, 15, 16, 6]]
[[1, 2, 3, 4, 3], [6, 7, 8, 9, 1], [11, 12, 13, 19, 6]]
[[22, 23, 24, 25, 3], [27, 28, 29, 30, 4]]
[[1, 3, 4, 6, 0]]
[[1, 3, 4, 4, 1], [8, 8, 9, 11, 49], [13, 16, 20, 22, 12], [30, 31, 35, 37, 54], [33, 34, 35, 37, 3]]
[[7, 9, 13, 14, 138], [7, 9, 15, 16, 138]]
[[1, 13, 17, 19, 57]]
[[1, 2, 3, 3, 6], [5, 6, 7, 7, 6], [9, 10, 11, 14, 1]]
[[7, 9, 1, 2, 3], [7, 9, 10, 12, 0]]
[[10, 11, 14, 16, 4], [19, 20, 22, 22, 12], [24, 25, 27, 29, 1]]
[[1, 3, 10, 14, 0], [7, 8, 10, 14, 1], [26, 27, 30, 32, 112]]
[[1, 2, 8, 9, 3], [5, 6, 8, 9, 3]]
[[3, 11, 12, 28, 1]]
[[10, 15, 16, 18, 1], [31, 32, 34, 36, 9]]
[[1, 4, 5, 7, 0], [1, 4, 9, 11, 6], [36, 37, 39, 41, 1]]
[[1, 4, 5, 11, 3], [1, 4, 13, 13, 0]]
[[1, 2, 3, 4, 3], [6, 7, 1, 4, 3], [13, 14, 15, 17, 1]]
[[16, 17, 18, 20, 4], [16, 17, 18, 18, 4], [3, 8, 12, 14, 1]]
[[1, 2, 3, 6, 3], [8, 9, 11, 15, 1]]
[[1, 9, 10, 12, 12], [1, 9, 14, 16, 12]]
[[3, 4, 5, 8, 58], [10, 12, 14, 17, 49]]
[[9, 20, 30, 33, 58], [23, 26, 30, 33, 58]]
[[1, 4, 6, 14, 3], [19, 23, 24, 28, 3], [19, 23, 24, 27, 3]]
[[5, 6, 8, 8, 3], [10, 11, 13, 13, 4], [21, 26, 27, 30, 3]]
[[3, 4, 5, 5, 58]]
[[11, 18, 19, 25, 0], [11, 18, 23, 25, 0]]
[[6, 7, 8, 10, 1], [14, 15, 16, 17, 4], [22, 26, 27, 28, 0]]
[[5, 8, 10, 15, 0], [5, 8, 90, 93, 1], [17, 19, 20, 25, 49], [17, 19, 38, 44, 45], [17, 19, 24, 25, 49], [32, 35, 20, 25, 49], [32, 35, 38, 44, 45], [46, 86, 10, 15, 0], [46, 86, 87, 93, 0]]
[[20, 25, 28, 54, 112], [20, 25, 15, 17, 112], [1, 5, 15, 17, 3], [49, 50, 53, 54, 4]]
[[17, 22, 36, 37, 112]]
[[1, 2, 3, 5, 6], [1, 2, 8, 9, 6]]
[[7, 12, 14, 15, 0]]
[[6, 7, 1, 4, 3], [6, 7, 12, 18, 3], [8, 11, 1, 4, 84], [8, 11, 12, 18, 84]]
[[32, 33, 34, 35, 180], [28, 33, 34, 35, 162]]
[[5, 8, 10, 11, 6], [5, 8, 1, 3, 0]]
[[1, 8, 9, 12, 0], [13, 20, 21, 24, 6], [13, 20, 38, 43, 6]]
[]
[[1, 2, 3, 5, 3], [7, 8, 9, 11, 6], [14, 17, 18, 20, 3]]
[[1, 2, 3, 4, 6], [9, 10, 11, 13, 4], [17, 18, 19, 22, 1]]
[[1, 2, 3, 4, 12], [12, 15, 16, 17, 102], [32, 33, 34, 35, 21], [30, 33, 37, 44, 21]]
[[4, 5, 6, 7, 12], [4, 5, 12, 14, 12]]
[[1, 5, 6, 11, 130]]
[[24, 25, 26, 28, 1], [24, 25, 29, 30, 1], [5, 6, 1, 2, 0], [31, 34, 29, 30, 1], [45, 47, 54, 56, 75]]
[[3, 3, 6, 9, 189], [28, 30, 33, 40, 0], [44, 47, 6, 9, 108]]
[[6, 8, 9, 11, 3], [22, 27, 28, 30, 3]]
[[12, 36, 37, 40, 2], [35, 36, 29, 32, 2], [12, 32, 33, 40, 3]]
[[15, 16, 18, 21, 3], [15, 16, 17, 21, 3], [15, 16, 24, 26, 3]]
[[5, 12, 14, 16, 3], [19, 20, 22, 27, 1]]
[[98, 102, 103, 105, 21], [4, 21, 69, 72, 6]]
[[1, 3, 5, 6, 9], [1, 3, 9, 12, 9]]
[[28, 31, 33, 38, 4], [28, 31, 35, 38, 4]]
[[6, 9, 13, 25, 18], [6, 9, 54, 56, 18], [51, 53, 54, 56, 0]]
[[1, 2, 3, 4, 3], [8, 9, 10, 13, 6]]
[[4, 5, 1, 2, 0], [4, 5, 7, 10, 0]]
[[42, 43, 45, 52, 4], [42, 43, 54, 58, 4]]
[[15, 16, 22, 24, 1], [62, 63, 57, 60, 0], [72, 75, 77, 79, 3]]
[[8, 9, 10, 14, 0], [18, 20, 21, 25, 84], [18, 20, 16, 17, 84], [6, 9, 10, 14, 6], [27, 30, 31, 34, 3]]
[[1, 3, 5, 9, 0]]
[[1, 8, 9, 11, 6], [1, 8, 13, 16, 6]]
[[3, 4, 5, 7, 3], [23, 26, 30, 32, 180], [23, 28, 30, 32, 180]]
[[4, 5, 8, 11, 6]]
[[1, 8, 9, 17, 112]]
[[13, 14, 11, 12, 4], [224, 227, 231, 232, 1], [186, 188, 189, 193, 45], [195, 197, 199, 200, 112], [224, 229, 231, 232, 1]]
[[3, 7, 9, 12, 12]]
[[1, 3, 4, 7, 1]]
[[1, 2, 3, 3, 6], [1, 2, 6, 6, 6], [7, 10, 6, 6, 4]]
[[2, 7, 1, 1, 0], [9, 10, 14, 14, 6], [11, 12, 14, 14, 6], [16, 21, 22, 24, 12]]
[[1, 4, 5, 7, 3], [1, 4, 10, 10, 3]]
[[8, 9, 10, 13, 126], [19, 20, 21, 21, 4], [31, 37, 38, 39, 0], [43, 44, 45, 46, 1], [5, 9, 10, 13, 126], [31, 44, 38, 39, 1]]
[[7, 8, 9, 11, 0], [17, 22, 24, 28, 3], [59, 63, 24, 28, 84], [59, 63, 64, 64, 84], [41, 46, 47, 52, 3], [55, 63, 64, 64, 84]]
[[85, 87, 88, 99, 108], [85, 87, 91, 99, 108], [60, 65, 66, 83, 0]]
[[3, 4, 7, 8, 1], [10, 11, 7, 8, 0]]
[[48, 52, 53, 57, 12]]
[[1, 4, 5, 7, 3]]
[[1, 5, 6, 10, 3], [14, 17, 24, 25, 0], [33, 35, 36, 45, 13]]
[[9, 12, 6, 8, 21], [9, 12, 14, 19, 21], [9, 12, 16, 19, 21], [14, 15, 16, 19, 13]]
[[12, 22, 28, 31, 0], [12, 22, 48, 53, 6], [77, 81, 83, 84, 120], [12, 29, 30, 31, 0]]
[[5, 6, 1, 3, 3], [5, 6, 7, 11, 3], [5, 6, 10, 11, 3], [13, 14, 15, 19, 189]]
[[1, 2, 3, 4, 6], [6, 7, 9, 10, 4], [15, 16, 17, 19, 1], [15, 16, 17, 18, 1]]
[[19, 21, 27, 30, 0], [43, 45, 27, 30, 0], [19, 24, 27, 30, 0], [19, 45, 35, 39, 0]]
[[8, 11, 12, 14, 4], [31, 31, 27, 28, 108]]
[[1, 6, 7, 9, 12], [10, 11, 12, 17, 4]]
[[1, 3, 4, 8, 0]]
[[1, 5, 12, 13, 1], [1, 5, 29, 32, 1]]
[[15, 16, 18, 21, 6], [5, 6, 9, 11, 4]]
[[7, 8, 9, 15, 12], [7, 8, 1, 4, 12], [7, 8, 14, 15, 12], [17, 18, 19, 24, 1]]
[[19, 20, 3, 6, 0], [19, 20, 23, 27, 4], [18, 20, 21, 27, 0]]
[[1, 2, 5, 8, 3], [10, 11, 12, 15, 1], [1, 4, 5, 8, 3]]
[[1, 4, 5, 9, 0], [1, 4, 12, 17, 0]]
[[7, 11, 3, 4, 12], [29, 29, 30, 31, 189], [33, 33, 30, 31, 0], [33, 33, 34, 38, 0], [1, 2, 3, 4, 9]]
[[16, 17, 10, 14, 3]]
[[1, 6, 7, 10, 3], [13, 14, 15, 18, 1]]
[[1, 10, 11, 14, 0], [16, 19, 21, 29, 6]]
[[3, 7, 8, 10, 138]]
[[2, 6, 1, 1, 0], [2, 6, 25, 27, 0], [11, 18, 25, 27, 9]]
[[12, 20, 21, 23, 3]]
[[18, 30, 14, 38, 3], [10, 13, 14, 17, 9], [29, 30, 31, 38, 12]]
[[1, 2, 3, 4, 3], [8, 9, 10, 11, 3], [23, 24, 25, 27, 3]]
[[3, 8, 9, 16, 182], [3, 8, 11, 16, 182]]
[[1, 3, 4, 9, 103]]
[[25, 30, 31, 32, 3]]
[[1, 8, 11, 13, 0], [14, 18, 11, 13, 13], [14, 18, 23, 25, 12], [27, 28, 29, 41, 112]]
[[1, 2, 3, 5, 1], [7, 13, 15, 17, 3], [23, 24, 26, 28, 54]]
[[37, 40, 42, 44, 6], [45, 46, 47, 47, 103]]
[[1, 2, 3, 4, 0]]
[[55, 55, 48, 51, 45], [55, 55, 52, 53, 45]]
[[1, 2, 5, 7, 3], [1, 2, 8, 9, 3], [11, 15, 8, 9, 3]]
[[12, 13, 9, 10, 3]]
[[5, 17, 23, 28, 0], [22, 22, 23, 28, 189]]
[[23, 26, 29, 30, 1]]
[[13, 14, 1, 5, 0]]
[[6, 11, 12, 14, 0]]
[[1, 3, 4, 5, 49], [1, 3, 4, 25, 49], [13, 16, 19, 25, 103]]
[[17, 18, 22, 25, 1]]
[[42, 43, 51, 57, 4], [45, 48, 51, 57, 12], [61, 62, 63, 65, 1]]
[[1, 15, 19, 21, 3]]
[[1, 7, 8, 13, 54], [1, 7, 20, 21, 54], [15, 18, 20, 21, 112]]
[[1, 10, 11, 12, 3], [14, 15, 17, 21, 1], [23, 24, 25, 31, 4]]
[[1, 5, 6, 10, 3]]
[[1, 4, 5, 7, 0]]
[[3, 11, 12, 14, 21], [17, 19, 12, 14, 18], [17, 19, 25, 29, 21]]
[[3, 4, 5, 8, 0], [10, 11, 14, 15, 1], [19, 20, 21, 23, 108], [17, 20, 21, 23, 108]]
[[1, 2, 3, 6, 3]]
[[1, 2, 3, 6, 3], [11, 16, 18, 24, 57]]
[[19, 21, 25, 28, 189], [31, 36, 38, 38, 180], [41, 42, 43, 48, 1]]
[[1, 4, 5, 7, 130], [9, 10, 14, 15, 9], [27, 30, 34, 37, 0]]
[[15, 15, 16, 17, 0]]
[[1, 2, 3, 4, 3], [7, 8, 9, 15, 1]]
[[1, 2, 3, 4, 3], [9, 14, 16, 18, 3]]
[[1, 3, 6, 10, 3]]
[[34, 35, 40, 46, 3], [37, 38, 40, 46, 4], [16, 25, 8, 10, 0]]
[[6, 8, 13, 15, 0], [6, 8, 19, 25, 0], [10, 11, 13, 15, 18]]
[[8, 8, 5, 7, 0], [10, 12, 13, 26, 21], [10, 12, 23, 26, 21], [1, 4, 5, 7, 0]]
[[1, 4, 7, 11, 0], [1, 4, 15, 19, 0], [1, 4, 25, 27, 0], [23, 24, 25, 27, 189]]
[[3, 4, 5, 8, 0], [3, 4, 5, 7, 0]]
[[8, 12, 13, 15, 103]]
[[5, 7, 9, 12, 3]]
[[3, 8, 9, 11, 3], [15, 16, 18, 19, 1], [35, 38, 40, 45, 21]]
[[106, 107, 108, 109, 3]]
[[1, 2, 3, 4, 3], [5, 6, 7, 12, 6], [16, 20, 21, 26, 12], [30, 39, 40, 42, 66], [5, 8, 10, 12, 6]]
[[10, 11, 13, 15, 3]]
[[1, 2, 3, 4, 0]]
[[1, 2, 3, 5, 3], [7, 8, 11, 14, 1]]
[[4, 7, 1, 2, 3], [4, 7, 8, 13, 0]]
[[1, 7, 8, 10, 3], [20, 25, 26, 32, 3], [1, 13, 14, 18, 3]]
[[1, 7, 8, 11, 9], [15, 18, 19, 26, 0], [15, 18, 19, 30, 0], [37, 38, 39, 40, 6], [42, 43, 44, 45, 3], [42, 43, 47, 50, 3], [52, 53, 54, 55, 103]]
[[1, 4, 5, 8, 3], [1, 26, 27, 34, 3]]
[[25, 26, 32, 34, 3], [25, 26, 41, 43, 3], [27, 28, 32, 34, 3], [29, 30, 32, 34, 4]]
[[3, 4, 5, 7, 3], [14, 15, 12, 13, 4]]
[[26, 29, 31, 33, 1]]
[[1, 2, 3, 5, 3]]
[[4, 5, 11, 15, 0], [19, 21, 22, 27, 49], [28, 30, 33, 34, 49], [28, 30, 33, 35, 49], [51, 51, 58, 61, 75]]
[[1, 3, 20, 22, 6], [1, 3, 26, 29, 0], [5, 11, 12, 16, 3]]
[[1, 2, 3, 6, 3], [10, 14, 15, 19, 3], [10, 14, 22, 25, 6]]
[[1, 6, 7, 9, 72], [11, 12, 14, 14, 3]]
[[15, 16, 18, 21, 2], [23, 24, 25, 26, 58], [34, 35, 37, 38, 58], [2, 3, 4, 7, 3], [23, 31, 32, 33, 58]]
[[3, 4, 5, 7, 3], [8, 9, 10, 11, 3]]
[[1, 4, 5, 7, 0], [9, 10, 12, 14, 1]]
[[49, 53, 54, 60, 9], [61, 71, 73, 74, 49], [3, 8, 1, 2, 6], [5, 8, 3, 4, 6], [16, 22, 25, 31, 49], [65, 71, 73, 74, 49]]
[[35, 36, 37, 38, 1], [15, 19, 21, 27, 3]]
[[15, 16, 17, 18, 9], [20, 21, 22, 22, 6], [24, 30, 31, 31, 12], [33, 36, 37, 37, 12]]
[[1, 2, 4, 7, 3]]
[[1, 4, 5, 8, 3], [26, 26, 27, 36, 6]]
[[3, 4, 5, 10, 1]]
[[3, 11, 12, 16, 3], [1, 11, 12, 16, 3]]
[[1, 3, 4, 7, 75], [1, 3, 45, 49, 75], [1, 3, 10, 12, 75]]
[[1, 4, 7, 15, 75]]
[[1, 7, 28, 29, 0]]
[[1, 2, 3, 4, 3], [1, 2, 9, 10, 3], [6, 7, 9, 10, 1]]
[[1, 2, 3, 4, 6], [19, 20, 21, 23, 54]]
[[7, 14, 15, 16, 1]]
[[13, 14, 15, 18, 4], [24, 25, 28, 30, 1]]
[[2, 5, 6, 9, 0]]
[[9, 10, 12, 13, 1]]
[[3, 13, 14, 16, 4], [12, 13, 14, 16, 4], [30, 32, 33, 34, 12]]
[[3, 4, 8, 11, 6], [19, 20, 21, 22, 4]]
[[17, 18, 21, 24, 58], [9, 10, 11, 15, 4]]
[[26, 29, 32, 34, 58]]
[[21, 22, 23, 26, 12], [21, 22, 28, 33, 9], [13, 18, 11, 12, 120], [21, 26, 28, 33, 12]]
[[1, 5, 6, 8, 0]]
[[1, 2, 3, 5, 0], [1, 2, 10, 11, 6], [1, 2, 12, 14, 3]]
[[1, 5, 9, 11, 0], [1, 5, 14, 16, 0], [1, 5, 18, 26, 0]]
[[1, 2, 12, 14, 1], [8, 9, 12, 14, 112], [25, 26, 27, 31, 6]]
[[1, 4, 16, 19, 0], [1, 4, 21, 22, 1]]
[[13, 14, 1, 2, 6], [13, 14, 4, 5, 6]]
[[36, 39, 34, 35, 12], [36, 39, 45, 46, 12], [41, 44, 45, 46, 3], [50, 51, 48, 49, 103]]
[[1, 2, 3, 6, 4]]
[[8, 9, 1, 6, 0], [8, 9, 11, 16, 0]]
[[66, 67, 60, 64, 0], [66, 67, 68, 71, 0], [90, 91, 93, 100, 1]]
[[17, 19, 20, 22, 103], [17, 19, 24, 30, 103]]
[[4, 5, 3, 3, 3], [9, 10, 3, 5, 3], [9, 10, 7, 8, 3], [3, 5, 7, 8, 3]]
[[1, 10, 15, 19, 9], [1, 10, 17, 19, 9]]
[[15, 17, 18, 21, 12], [45, 46, 47, 55, 0], [45, 46, 34, 44, 5]]
[[12, 13, 10, 10, 1], [12, 13, 15, 20, 1], [1, 1, 6, 8, 189]]
[[1, 4, 7, 18, 0], [34, 37, 38, 39, 3], [40, 41, 42, 45, 1], [27, 28, 38, 39, 3]]
[[4, 5, 8, 12, 3], [4, 5, 6, 12, 3], [16, 17, 21, 24, 1]]
[[1, 2, 5, 6, 4]]
[[4, 7, 8, 10, 0], [18, 22, 23, 25, 81], [26, 27, 32, 39, 58], [34, 35, 36, 39, 54]]
[[4, 5, 3, 3, 3]]
[[1, 14, 17, 19, 0], [1, 14, 22, 23, 6], [1, 14, 63, 66, 6], [1, 14, 67, 69, 6], [26, 29, 31, 37, 54], [60, 61, 63, 66, 6], [60, 61, 22, 23, 6], [60, 61, 67, 69, 6]]
[[3, 4, 5, 6, 3]]
[[1, 9, 11, 13, 3]]
[[1, 4, 5, 6, 12], [1, 4, 9, 12, 12]]
[[11, 14, 16, 19, 6], [22, 23, 16, 19, 1]]
[[20, 21, 17, 19, 6], [20, 21, 33, 36, 6], [25, 29, 33, 36, 3]]
[[1, 7, 10, 11, 3], [1, 9, 10, 11, 3]]
[[3, 4, 7, 10, 0]]
[]
[[1, 2, 3, 5, 12], [7, 8, 12, 14, 3]]
[[1, 4, 5, 6, 75]]
[[7, 8, 9, 12, 3]]
[[1, 6, 7, 8, 3], [23, 24, 29, 32, 0]]
[[1, 1, 2, 3, 9], [8, 11, 12, 18, 103]]
[[5, 11, 13, 17, 0]]
[[1, 2, 3, 4, 189]]
[]
[[1, 6, 8, 10, 3]]
[[12, 13, 14, 19, 1]]
[[1, 9, 10, 15, 3]]
[[1, 17, 30, 32, 0], [1, 17, 76, 79, 1], [25, 26, 30, 32, 5]]
[[51, 52, 56, 61, 54]]
[[3, 7, 1, 2, 0], [9, 10, 12, 12, 4], [24, 25, 26, 28, 1], [21, 22, 17, 19, 0]]
[[1, 4, 5, 10, 12], [1, 4, 9, 10, 9]]
[[1, 2, 13, 16, 4], [1, 2, 20, 23, 4], [7, 8, 13, 23, 6], [10, 11, 13, 16, 1]]
[[24, 28, 30, 31, 9], [24, 28, 33, 37, 9]]
[[15, 20, 22, 24, 84], [15, 20, 36, 36, 87], [26, 27, 32, 34, 3]]
[[10, 19, 20, 26, 0], [10, 19, 22, 26, 0], [31, 32, 30, 30, 9]]
[[7, 9, 10, 16, 3]]
[[1, 6, 7, 9, 3]]
[[1, 2, 3, 9, 108]]
[[10, 11, 14, 20, 1]]
[[3, 4, 6, 10, 1], [7, 8, 9, 10, 108]]
[[9, 11, 12, 16, 0]]
[[1, 2, 3, 8, 3]]
[[1, 4, 6, 8, 0], [10, 11, 13, 20, 0]]
[[26, 28, 29, 31, 103], [24, 28, 29, 31, 103]]
[[115, 122, 123, 124, 3], [126, 127, 132, 135, 6], [128, 129, 132, 135, 6]]
[[1, 2, 3, 8, 1]]
[[1, 7, 8, 9, 4], [1, 7, 11, 12, 6], [16, 17, 18, 23, 3], [29, 33, 44, 46, 112], [36, 41, 18, 23, 3], [36, 41, 44, 46, 3], [61, 62, 67, 70, 6], [1, 33, 49, 53, 3]]
[[6, 7, 8, 14, 3], [6, 7, 13, 14, 3], [17, 19, 20, 21, 3], [32, 37, 38, 41, 3], [32, 37, 27, 31, 3]]
[[1, 2, 6, 10, 3], [13, 14, 15, 19, 3]]
[[1, 2, 3, 5, 3], [7, 8, 9, 11, 1]]
[[8, 9, 11, 12, 3]]
[[8, 19, 2, 4, 126], [24, 30, 31, 37, 0], [54, 55, 51, 52, 4]]
[[6, 10, 11, 16, 103], [6, 10, 70, 70, 103], [66, 67, 70, 70, 18], [72, 73, 76, 79, 21], [72, 73, 78, 79, 21], [115, 119, 120, 124, 2], [175, 176, 177, 180, 189], [81, 83, 85, 86, 103]]
[[1, 2, 3, 8, 6], [9, 12, 14, 22, 6]]
[[13, 20, 21, 22, 72]]
[[56, 57, 58, 58, 4], [90, 93, 94, 103, 0]]
[[15, 15, 17, 22, 0]]
[[4, 5, 1, 2, 3], [7, 8, 9, 13, 180]]
[[3, 9, 13, 17, 3], [11, 12, 13, 17, 3]]
[[10, 11, 12, 16, 1]]
[[41, 50, 51, 60, 0], [41, 50, 55, 60, 0]]
[]
[[1, 4, 5, 8, 0], [1, 4, 16, 21, 0], [11, 15, 16, 21, 0]]
[[1, 2, 3, 7, 3], [1, 2, 3, 4, 3], [9, 12, 13, 14, 0], [16, 21, 22, 24, 3]]
[[7, 8, 10, 11, 1]]
[[1, 3, 7, 10, 103]]
[[9, 10, 7, 8, 3], [12, 13, 3, 4, 0], [12, 13, 7, 10, 3]]
[[18, 24, 25, 32, 13], [18, 24, 29, 32, 12]]
[[12, 15, 16, 17, 6], [12, 15, 18, 19, 6], [30, 32, 33, 34, 3]]
[[119, 124, 126, 128, 58], [140, 141, 142, 148, 1]]
[[32, 35, 30, 31, 12], [32, 35, 41, 44, 12], [37, 40, 41, 44, 3], [27, 28, 25, 26, 103]]
[[1, 4, 6, 8, 6]]
[[1, 2, 6, 7, 6], [1, 2, 8, 13, 6]]
[[16, 17, 19, 20, 3], [35, 36, 1, 2, 6], [35, 36, 28, 31, 0], [35, 36, 25, 26, 6]]
[[9, 10, 17, 19, 6], [13, 14, 17, 19, 3]]
[[2, 3, 4, 14, 3], [16, 17, 23, 24, 6], [16, 17, 21, 24, 6]]
[[1, 2, 3, 6, 3], [9, 10, 15, 23, 1], [12, 13, 15, 23, 1]]
[[5, 11, 13, 16, 112]]
[[6, 8, 9, 11, 0], [16, 17, 20, 25, 3], [26, 30, 32, 33, 0], [34, 34, 35, 37, 45]]
[[2, 5, 6, 11, 1]]
[[59, 61, 62, 64, 49]]
[[17, 18, 19, 22, 21], [17, 18, 21, 22, 21], [17, 18, 26, 27, 18]]
[[9, 10, 13, 14, 1], [16, 18, 19, 21, 1]]
[[4, 6, 1, 3, 0], [8, 9, 14, 17, 9], [8, 9, 33, 37, 12], [11, 12, 14, 17, 99], [19, 20, 21, 29, 103], [38, 39, 40, 41, 12], [43, 44, 46, 48, 6], [61, 64, 56, 59, 0]]
[[3, 4, 1, 2, 6], [6, 9, 10, 11, 58]]
[[9, 9, 16, 16, 1], [39, 40, 41, 43, 1]]
[[1, 7, 8, 9, 3], [1, 7, 16, 19, 3], [1, 7, 20, 29, 3]]
[[1, 2, 3, 4, 3], [1, 2, 7, 8, 3]]
[[9, 12, 16, 19, 3], [33, 34, 36, 37, 6], [6, 12, 16, 19, 3]]
[[1, 2, 3, 6, 102], [9, 10, 12, 14, 6]]
[[1, 4, 5, 8, 3], [1, 4, 10, 13, 3], [1, 4, 7, 8, 3], [17, 18, 20, 23, 3]]
[[1, 9, 10, 13, 6], [1, 9, 14, 15, 6]]
[[6, 7, 3, 4, 3], [11, 12, 15, 22, 6], [35, 36, 38, 40, 1]]
[[5, 13, 1, 1, 0], [14, 15, 16, 17, 3], [26, 29, 31, 32, 3], [33, 34, 36, 43, 6], [20, 21, 22, 24, 6]]
[[7, 8, 1, 2, 6], [7, 8, 9, 12, 0], [4, 8, 1, 2, 6], [1, 8, 9, 12, 6]]
[[23, 27, 33, 42, 49], [65, 68, 70, 72, 144]]
[[10, 13, 15, 20, 0], [10, 13, 18, 20, 4], [21, 34, 35, 38, 112], [40, 41, 42, 46, 0], [33, 34, 35, 38, 4]]
[[1, 4, 8, 13, 6], [1, 4, 31, 35, 6], [19, 20, 31, 35, 6]]
[[1, 2, 6, 11, 108], [4, 5, 6, 11, 108]]
[[4, 5, 7, 8, 3], [4, 5, 10, 14, 3], [20, 21, 22, 24, 1]]
[[1, 2, 3, 6, 108], [25, 26, 27, 27, 1], [14, 15, 18, 23, 1]]
[[9, 10, 13, 14, 0]]
[[3, 4, 9, 17, 0], [3, 7, 9, 17, 3]]
[[1, 2, 3, 5, 9]]
[[1, 2, 3, 5, 1], [20, 20, 16, 18, 3]]
[[21, 22, 24, 27, 103], [8, 9, 13, 16, 6]]
[[28, 29, 25, 26, 12], [1, 21, 17, 18, 3], [1, 14, 33, 35, 0]]
[[10, 14, 15, 19, 0], [20, 27, 15, 19, 58]]
[[11, 12, 13, 16, 4]]
[[1, 13, 27, 32, 0], [37, 38, 41, 43, 6], [1, 38, 41, 43, 6]]
[[4, 5, 1, 2, 3], [9, 11, 6, 7, 3], [9, 11, 12, 17, 0], [1, 5, 6, 7, 3]]
[[42, 45, 46, 49, 6], [52, 53, 54, 55, 103]]
[[12, 16, 17, 19, 3]]
[[1, 3, 4, 10, 3]]
[[11, 14, 22, 24, 45], [11, 14, 21, 24, 45], [16, 20, 22, 24, 108]]
[[2, 3, 4, 8, 0], [2, 3, 9, 12, 0]]
[[23, 24, 25, 27, 4], [36, 44, 30, 31, 0], [36, 44, 38, 40, 1]]
[[5, 16, 1, 4, 0], [5, 16, 23, 26, 6], [17, 22, 23, 26, 6], [5, 9, 1, 4, 0]]
[[5, 8, 1, 3, 0]]
[[14, 18, 3, 4, 0]]
[[5, 6, 7, 9, 4], [11, 16, 17, 19, 1], [3, 6, 7, 9, 4]]
[[36, 37, 38, 40, 1]]
[[1, 3, 11, 15, 54], [5, 7, 11, 15, 6]]
[[133, 136, 137, 138, 0]]
[[1, 2, 12, 14, 0]]
[[1, 18, 55, 55, 0], [65, 68, 69, 71, 12]]
[[1, 6, 7, 9, 120]]
[[3, 14, 15, 17, 3], [3, 14, 19, 26, 3]]
[[1, 10, 12, 14, 0], [1, 10, 16, 18, 0]]
[[16, 17, 14, 15, 1]]
[[28, 29, 31, 34, 58]]
[[85, 88, 89, 91, 12], [109, 112, 114, 116, 12]]
[[1, 2, 3, 8, 3]]
[[1, 7, 13, 19, 3], [11, 12, 13, 19, 6], [34, 37, 38, 46, 21]]
[[38, 39, 40, 42, 1], [68, 73, 76, 78, 1]]
[[3, 3, 4, 9, 45]]
[[1, 2, 5, 10, 54]]
[[54, 55, 56, 59, 58], [61, 62, 63, 63, 18]]
[[3, 4, 5, 6, 0], [3, 4, 57, 61, 0], [41, 44, 33, 39, 12], [41, 44, 45, 47, 12], [154, 155, 156, 156, 103], [154, 155, 159, 159, 103], [157, 158, 159, 159, 6], [160, 161, 162, 163, 4], [28, 31, 33, 39, 3]]
[[55, 59, 50, 53, 0], [55, 72, 52, 53, 0]]
[[3, 4, 1, 2, 4], [5, 6, 1, 2, 1], [5, 6, 9, 11, 1]]
[[11, 12, 13, 16, 3], [18, 21, 23, 25, 13]]
[[53, 55, 52, 52, 45]]
[[1, 1, 3, 7, 75], [19, 19, 3, 7, 120]]
[[1, 3, 4, 6, 9]]
[[8, 9, 5, 6, 0], [14, 16, 5, 6, 189]]
[[1, 2, 3, 7, 3], [10, 11, 13, 16, 1]]
[[1, 8, 10, 11, 0], [15, 19, 20, 21, 1]]
[[51, 53, 54, 55, 49], [39, 41, 42, 49, 1]]
[[12, 28, 84, 87, 0], [29, 44, 84, 87, 0], [89, 90, 91, 91, 102], [93, 95, 96, 99, 108]]
[[19, 20, 21, 25, 3], [19, 20, 23, 25, 3]]
[[24, 25, 26, 28, 4], [62, 64, 65, 77, 103], [62, 64, 74, 78, 103], [55, 56, 49, 50, 6]]
[[22, 23, 26, 29, 4], [1, 6, 16, 21, 3]]
[[19, 20, 22, 23, 3], [24, 29, 30, 33, 0]]
[[7, 10, 1, 6, 0], [7, 10, 24, 27, 4], [14, 22, 24, 27, 1], [20, 22, 24, 27, 1]]
[[37, 38, 39, 40, 1], [24, 25, 21, 22, 3]]
[[1, 2, 3, 4, 3], [7, 8, 9, 22, 1]]
[[5, 7, 3, 4, 0], [9, 10, 11, 11, 3], [12, 13, 14, 14, 3]]
[[1, 2, 3, 7, 3], [14, 22, 10, 13, 0]]
[[14, 17, 3, 4, 0], [14, 17, 9, 13, 0], [6, 7, 3, 4, 3]]
[[2, 3, 4, 8, 3], [43, 44, 45, 48, 2]]
[[5, 6, 7, 10, 3], [12, 14, 1, 10, 3], [12, 14, 16, 24, 0], [28, 32, 35, 40, 3]]
[[2, 6, 7, 12, 3], [18, 19, 20, 25, 189], [18, 19, 23, 25, 189], [29, 32, 35, 37, 189], [29, 32, 33, 37, 189]]
[[1, 2, 7, 10, 3], [4, 5, 7, 10, 3]]
[[3, 4, 10, 13, 3], [5, 6, 10, 13, 4]]
[[5, 6, 7, 9, 3], [1, 6, 7, 9, 0], [1, 6, 10, 15, 1]]
[[1, 2, 3, 4, 3]]
[[4, 5, 6, 7, 3], [9, 10, 11, 13, 3], [16, 17, 19, 20, 1]]
[[71, 73, 74, 74, 1]]
[[1, 5, 6, 12, 3]]
[[12, 15, 16, 18, 102], [25, 33, 34, 36, 102]]
[[22, 25, 79, 80, 0], [38, 41, 43, 46, 6]]
[[1, 2, 7, 8, 0]]
[[23, 25, 26, 30, 112], [31, 37, 39, 42, 49]]
[[1, 8, 9, 11, 103]]
[[5, 20, 2, 4, 0], [5, 20, 26, 28, 0], [5, 20, 33, 35, 4], [22, 24, 26, 28, 0], [22, 24, 2, 4, 0], [22, 24, 33, 35, 0], [22, 24, 44, 50, 3], [37, 43, 33, 35, 3], [37, 43, 44, 50, 3], [112, 116, 109, 110, 0], [112, 116, 117, 127, 0], [5, 9, 2, 4, 0], [13, 20, 2, 4, 0], [5, 24, 109, 110, 0], [5, 24, 117, 127, 0]]
[[3, 4, 9, 11, 3], [14, 15, 9, 11, 1]]
[[1, 2, 3, 7, 1], [1, 2, 18, 21, 1]]
[[48, 49, 50, 52, 6], [48, 49, 54, 60, 6], [48, 49, 57, 60, 6], [76, 77, 72, 74, 4], [76, 77, 78, 80, 4], [22, 23, 24, 25, 1]]
[[30, 31, 32, 38, 4], [30, 31, 36, 38, 4], [14, 18, 36, 38, 0]]
[[20, 23, 24, 30, 21], [20, 23, 48, 52, 21], [20, 23, 76, 81, 21], [17, 23, 24, 30, 21]]
[[4, 9, 10, 11, 6], [13, 14, 15, 16, 3], [18, 19, 20, 27, 9]]
[[25, 45, 56, 59, 0], [49, 50, 56, 59, 0], [51, 52, 56, 59, 0]]
[[1, 2, 10, 16, 3], [18, 22, 10, 16, 3], [1, 5, 10, 14, 3], [1, 5, 30, 34, 3], [26, 27, 30, 34, 54]]
[[3, 5, 6, 10, 0], [3, 5, 21, 22, 0], [15, 18, 19, 22, 0], [15, 18, 6, 10, 0], [15, 18, 21, 22, 0]]
[[1, 5, 6, 12, 0], [1, 5, 11, 12, 0]]
[[17, 24, 25, 27, 3], [17, 24, 11, 14, 3], [4, 6, 11, 14, 49], [23, 24, 25, 27, 3]]
[[1, 5, 11, 15, 49]]
[[1, 2, 3, 8, 1], [1, 2, 5, 8, 1]]
[[1, 6, 7, 8, 1]]
[[1, 2, 3, 8, 3], [9, 10, 11, 13, 3], [16, 17, 19, 23, 1], [16, 17, 49, 51, 1], [26, 27, 37, 39, 4]]
[[4, 7, 1, 2, 0], [4, 7, 11, 20, 0], [12, 18, 1, 2, 0], [12, 18, 19, 20, 6]]
[[1, 3, 4, 10, 3], [1, 3, 7, 10, 3]]
[[27, 33, 35, 40, 0], [55, 56, 62, 64, 3], [58, 60, 62, 64, 4]]
[[93, 94, 97, 101, 1], [98, 99, 100, 101, 1], [103, 108, 100, 101, 0], [119, 122, 123, 128, 3], [103, 104, 100, 101, 3]]
[[7, 8, 13, 15, 0], [10, 11, 13, 15, 3], [7, 11, 13, 15, 3]]
[[1, 6, 11, 13, 0], [18, 19, 28, 30, 1], [1, 9, 11, 13, 4]]
[[1, 9, 10, 11, 1]]
[[22, 24, 26, 27, 4], [16, 16, 17, 21, 49]]
[[98, 99, 102, 103, 3], [109, 110, 111, 119, 1], [15, 16, 17, 21, 21], [98, 101, 102, 103, 3]]
[[1, 4, 8, 10, 0], [15, 16, 19, 22, 1], [1, 6, 8, 10, 3], [1, 6, 19, 22, 3]]
[[23, 28, 33, 35, 3], [30, 31, 33, 35, 3]]
[[1, 3, 4, 8, 49], [1, 3, 7, 8, 49]]
[[2, 3, 1, 1, 6], [2, 3, 6, 7, 6], [2, 3, 11, 18, 6], [4, 5, 6, 7, 6], [4, 5, 11, 18, 6], [2, 5, 6, 7, 6]]
[[4, 5, 1, 2, 0], [4, 5, 7, 9, 0], [4, 5, 12, 16, 0], [11, 11, 1, 2, 0], [11, 11, 7, 9, 3], [11, 11, 15, 16, 3], [11, 11, 12, 16, 3]]
[[20, 21, 24, 26, 1], [22, 23, 24, 26, 1], [20, 23, 24, 26, 1]]
[[1, 2, 3, 4, 3], [1, 2, 22, 23, 3]]
[[29, 30, 32, 34, 1], [50, 51, 52, 61, 3], [1, 10, 12, 14, 0]]
[[16, 17, 18, 20, 4], [22, 23, 18, 20, 4], [22, 23, 26, 38, 4], [40, 41, 42, 46, 49], [3, 4, 5, 7, 3]]
[[40, 44, 37, 39, 6]]
[[1, 3, 4, 7, 0], [1, 3, 26, 29, 0], [11, 14, 4, 7, 3], [11, 14, 26, 29, 3], [16, 19, 26, 29, 3], [22, 23, 26, 29, 3], [22, 23, 37, 40, 3], [34, 35, 37, 40, 1]]
[[3, 11, 19, 21, 49], [17, 18, 19, 21, 4]]
[[7, 8, 9, 13, 4], [7, 8, 11, 13, 4]]
[[1, 1, 2, 8, 0], [1, 1, 21, 24, 0], [14, 15, 19, 24, 1], [28, 29, 21, 24, 9]]
[[8, 9, 10, 11, 1], [8, 9, 1, 4, 1]]
[[5, 6, 12, 21, 6], [26, 27, 28, 31, 6], [55, 56, 57, 60, 54], [55, 56, 63, 64, 4], [55, 56, 43, 49, 54], [61, 62, 57, 60, 4], [61, 62, 63, 64, 4], [85, 86, 88, 89, 1], [34, 35, 43, 49, 49]]
[[1, 4, 11, 12, 0], [6, 9, 11, 12, 0], [14, 17, 18, 28, 6], [22, 23, 24, 25, 6], [22, 25, 26, 28, 6]]
[[9, 12, 14, 15, 49], [18, 19, 24, 26, 4], [22, 23, 24, 26, 0]]
[[37, 42, 48, 51, 0], [37, 42, 53, 55, 0], [37, 42, 81, 87, 0], [37, 42, 48, 49, 0], [37, 42, 50, 51, 0], [76, 83, 84, 87, 9], [76, 83, 221, 222, 9], [104, 105, 107, 110, 1], [219, 220, 221, 222, 9]]
[[4, 9, 1, 3, 0], [4, 9, 10, 13, 0], [4, 9, 11, 13, 0]]
[[1, 2, 3, 4, 0], [6, 6, 3, 4, 0]]
[[9, 9, 18, 20, 1], [9, 9, 6, 8, 0], [16, 17, 18, 20, 1]]
[[3, 6, 7, 10, 21], [3, 6, 14, 18, 21]]
[[1, 5, 6, 14, 3], [1, 5, 22, 27, 0], [17, 18, 22, 27, 3], [20, 21, 22, 27, 4]]
[[7, 7, 8, 10, 0], [7, 7, 28, 30, 0], [19, 20, 21, 30, 3], [19, 20, 28, 30, 3]]
[[6, 7, 11, 14, 3], [6, 10, 11, 14, 3]]
[[1, 3, 15, 22, 4], [19, 20, 21, 22, 4], [9, 13, 15, 22, 4]]
[[11, 13, 57, 69, 0], [11, 13, 36, 43, 0], [53, 55, 57, 69, 4], [62, 66, 57, 69, 0]]
[[7, 14, 1, 2, 0], [7, 14, 24, 26, 0]]
[[3, 4, 8, 9, 3]]
[[7, 10, 5, 6, 0], [12, 13, 15, 16, 3]]
[[6, 7, 1, 4, 3], [6, 7, 12, 16, 3], [6, 7, 18, 20, 3], [9, 10, 12, 16, 1], [9, 10, 18, 20, 1]]
[[23, 29, 30, 33, 1], [23, 29, 43, 43, 0], [35, 36, 30, 33, 1], [35, 36, 38, 38, 1]]
[[6, 8, 10, 24, 1], [20, 21, 22, 22, 1], [20, 21, 22, 23, 1], [28, 30, 31, 34, 1]]
[[4, 12, 1, 40, 3]]
[[12, 13, 15, 16, 1], [12, 13, 95, 100, 1], [104, 105, 106, 111, 3], [1, 1, 5, 10, 0]]
[[5, 7, 8, 10, 3], [5, 7, 2, 3, 3], [14, 15, 17, 20, 1]]
[[51, 54, 55, 58, 4], [48, 49, 55, 58, 4]]
[[4, 5, 6, 7, 3]]
[[5, 7, 16, 17, 0], [5, 7, 55, 57, 0], [5, 7, 70, 73, 0], [12, 15, 16, 17, 0], [12, 15, 55, 57, 0], [12, 15, 70, 73, 0], [20, 24, 31, 32, 0], [34, 35, 31, 32, 4], [40, 42, 55, 57, 6], [64, 67, 70, 73, 6], [34, 37, 16, 17, 4], [20, 37, 55, 57, 3]]
[[1, 5, 6, 7, 0], [1, 16, 44, 53, 0], [18, 21, 44, 53, 0], [38, 42, 44, 53, 49]]
[[1, 2, 3, 4, 3], [8, 11, 3, 4, 3], [8, 11, 12, 16, 3], [21, 22, 23, 27, 3], [37, 38, 34, 35, 0]]
[[3, 6, 10, 13, 0], [31, 34, 35, 38, 0]]
[[84, 95, 99, 102, 0], [93, 95, 99, 102, 49], [97, 97, 99, 102, 49]]
[[1, 2, 117, 122, 0], [27, 28, 36, 38, 0], [27, 28, 41, 43, 0], [27, 28, 117, 122, 0], [58, 59, 117, 122, 4], [81, 82, 117, 122, 4], [115, 116, 117, 122, 3], [118, 119, 117, 122, 0], [48, 50, 53, 61, 58]]
[[8, 15, 1, 2, 0], [8, 15, 54, 55, 0], [8, 15, 28, 30, 0], [8, 15, 33, 34, 6], [26, 27, 28, 30, 4], [37, 44, 1, 2, 0], [37, 44, 33, 34, 6], [37, 44, 54, 55, 0], [46, 52, 1, 2, 0], [46, 52, 54, 55, 0]]
[[6, 24, 115, 119, 0], [62, 63, 64, 67, 4], [62, 63, 115, 119, 4], [74, 102, 115, 119, 0], [112, 114, 115, 119, 0], [112, 114, 122, 126, 0], [123, 123, 115, 119, 0], [74, 114, 64, 67, 0]]
[[1, 12, 13, 15, 1], [17, 18, 13, 15, 3], [24, 25, 13, 15, 1], [24, 25, 26, 28, 1], [24, 25, 29, 31, 1], [34, 37, 38, 41, 3], [11, 12, 13, 15, 1]]
[[9, 12, 14, 15, 3], [19, 20, 22, 28, 3], [3, 6, 14, 15, 3]]
[[34, 35, 36, 42, 0], [56, 56, 66, 68, 49], [63, 64, 66, 68, 0]]
[[1, 2, 3, 4, 3], [7, 8, 13, 16, 1], [10, 11, 13, 16, 4]]
[]
[[2, 3, 17, 19, 1], [2, 3, 66, 70, 1], [7, 16, 17, 19, 0], [7, 16, 66, 70, 0], [33, 41, 57, 60, 4], [54, 55, 57, 60, 54], [62, 64, 66, 70, 9]]
[[3, 4, 5, 8, 1], [15, 21, 22, 24, 3], [31, 37, 39, 40, 49]]
[[123, 130, 131, 132, 0], [177, 178, 174, 175, 9], [109, 113, 114, 119, 4]]
[[1, 3, 4, 7, 1], [9, 10, 11, 15, 1]]
[[13, 17, 18, 22, 0], [24, 25, 27, 27, 4], [7, 9, 27, 27, 0]]
[[1, 3, 7, 11, 0], [1, 3, 13, 15, 0], [28, 29, 30, 31, 4], [28, 29, 33, 43, 4]]
[[22, 25, 29, 32, 6], [35, 36, 29, 32, 4]]
[[4, 7, 1, 2, 0], [4, 7, 10, 14, 0], [4, 7, 13, 14, 0]]
[[5, 6, 7, 8, 3], [11, 12, 13, 16, 1], [18, 19, 7, 8, 6], [18, 19, 13, 16, 0]]
[[1, 4, 5, 6, 0]]
[[1, 2, 3, 5, 1], [15, 16, 12, 13, 0]]
[[1, 5, 6, 12, 0], [1, 5, 17, 19, 1], [1, 5, 11, 12, 0], [8, 9, 11, 12, 3]]
[[1, 5, 6, 10, 0]]
[[49, 51, 54, 61, 0], [49, 51, 59, 61, 0], [56, 58, 59, 61, 0]]
[[1, 2, 20, 22, 0], [24, 25, 20, 22, 9], [24, 25, 29, 30, 9], [24, 28, 20, 22, 12], [24, 28, 29, 30, 12]]
[[1, 2, 3, 5, 6], [7, 18, 3, 5, 6], [7, 18, 20, 22, 21]]
[[1, 1, 3, 7, 49]]
[[29, 32, 27, 28, 3], [29, 32, 38, 41, 3], [34, 37, 27, 28, 4], [34, 37, 38, 41, 4], [45, 46, 43, 44, 4], [45, 46, 47, 52, 4], [1, 8, 47, 52, 0], [43, 46, 47, 52, 4]]
[[3, 4, 6, 15, 0], [3, 4, 6, 10, 0]]
[[54, 57, 60, 61, 0], [54, 57, 80, 87, 0], [58, 59, 60, 61, 4], [62, 78, 60, 61, 0], [62, 78, 79, 87, 0]]
[[1, 2, 7, 9, 3], [4, 5, 7, 9, 1]]
[]
[[2, 3, 6, 7, 1], [11, 17, 22, 25, 0], [19, 21, 22, 25, 9]]
[[2, 3, 4, 11, 0], [13, 16, 17, 18, 9], [13, 16, 9, 11, 9], [13, 16, 22, 23, 9], [13, 16, 27, 31, 9], [20, 21, 22, 23, 4], [50, 53, 54, 57, 21], [1, 3, 9, 11, 0], [13, 40, 34, 36, 0]]
[[1, 4, 5, 10, 6], [5, 7, 8, 10, 6], [14, 19, 20, 22, 4], [1, 7, 8, 10, 6], [1, 7, 20, 22, 4]]
[[4, 5, 11, 12, 1], [8, 9, 11, 12, 1]]
[[1, 1, 5, 9, 49], [3, 4, 5, 9, 49]]
[[1, 5, 6, 10, 4], [55, 56, 6, 10, 54], [55, 56, 57, 61, 58], [93, 94, 97, 99, 21]]
[[30, 31, 57, 58, 58], [50, 55, 56, 57, 58]]
[[1, 4, 7, 14, 3], [16, 23, 24, 25, 4]]
[[21, 22, 31, 34, 4], [24, 25, 31, 34, 9], [28, 29, 31, 34, 4]]
[[21, 24, 26, 30, 4]]
[[21, 25, 26, 30, 0], [21, 23, 26, 30, 0]]
[[6, 9, 1, 3, 3], [16, 17, 1, 14, 6], [16, 17, 1, 3, 0], [16, 17, 6, 7, 6]]
[[3, 6, 9, 10, 6]]
[[22, 23, 26, 28, 4], [42, 43, 44, 49, 1], [40, 43, 44, 49, 1]]
[[5, 10, 34, 37, 6], [5, 18, 31, 32, 0], [5, 18, 34, 37, 0], [27, 30, 31, 32, 6]]
[[1, 6, 7, 9, 0], [1, 6, 42, 43, 0], [40, 41, 42, 43, 1]]
[[4, 5, 6, 9, 9], [4, 5, 96, 98, 9], [4, 5, 119, 122, 9], [18, 33, 96, 98, 0], [92, 93, 96, 98, 3], [92, 95, 96, 98, 13]]
[[3, 4, 15, 19, 4], [11, 12, 15, 19, 4]]
[[19, 20, 21, 22, 1], [27, 30, 33, 35, 0]]
[[1, 4, 11, 12, 6], [9, 10, 11, 12, 6], [1, 10, 11, 12, 6]]
[[6, 6, 10, 13, 9], [29, 32, 34, 37, 0], [8, 9, 10, 13, 3]]
[[1, 2, 5, 6, 4], [8, 9, 5, 6, 4], [8, 9, 10, 11, 4], [20, 20, 15, 18, 3], [1, 20, 15, 16, 4], [15, 20, 17, 18, 3]]
[[1, 11, 12, 17, 3]]
[[23, 27, 28, 29, 6], [23, 27, 34, 38, 6], [32, 33, 28, 30, 6], [32, 33, 34, 38, 6], [12, 15, 18, 21, 0]]
[[1, 2, 6, 9, 3], [11, 11, 13, 15, 3], [1, 11, 13, 15, 3]]
[[3, 43, 1, 2, 0], [96, 98, 1, 2, 49], [96, 98, 101, 103, 49], [3, 14, 1, 2, 0]]
[[1, 5, 6, 7, 1]]
[[1, 4, 7, 8, 0]]
[[3, 7, 8, 11, 0]]
[[3, 4, 5, 9, 4], [11, 12, 14, 16, 4]]
[[1, 5, 6, 10, 0], [1, 5, 9, 10, 0]]
[[1, 3, 4, 19, 9], [8, 12, 14, 19, 9], [22, 23, 26, 29, 6], [1, 6, 14, 19, 9]]
[[1, 2, 6, 7, 3], [12, 13, 15, 17, 1]]
[[6, 14, 15, 17, 0], [19, 20, 15, 17, 45], [39, 40, 41, 50, 9]]
[[1, 5, 9, 11, 0], [1, 5, 20, 22, 0], [1, 5, 28, 31, 0], [18, 19, 20, 22, 3], [24, 27, 28, 31, 4]]
[[1, 2, 3, 3, 6], [10, 11, 12, 13, 1]]
[[3, 4, 5, 14, 3], [17, 18, 21, 23, 0], [25, 28, 29, 32, 4]]
[[18, 19, 21, 25, 4], [4, 8, 21, 25, 49], [4, 8, 27, 32, 49]]
[[5, 8, 9, 12, 6], [5, 8, 11, 12, 6], [5, 8, 13, 16, 6], [17, 20, 13, 16, 6]]
[[23, 26, 27, 30, 0], [23, 26, 16, 21, 0]]
[[1, 2, 5, 6, 6], [22, 23, 24, 25, 4], [26, 28, 29, 33, 0], [26, 28, 29, 37, 3], [1, 8, 5, 6, 6], [1, 8, 9, 25, 0]]
[[29, 31, 33, 37, 49], [29, 31, 44, 51, 49], [41, 49, 33, 37, 4], [41, 49, 50, 51, 4]]
[[1, 6, 7, 11, 1], [16, 17, 19, 20, 1]]
[[3, 4, 5, 9, 0]]
[[9, 10, 13, 14, 58]]
[[15, 16, 46, 49, 103], [25, 26, 27, 35, 2], [40, 45, 46, 49, 0]]
[[1, 2, 11, 12, 6], [33, 34, 36, 38, 1], [1, 5, 8, 12, 6], [1, 17, 40, 41, 6], [64, 65, 66, 68, 58], [64, 65, 71, 74, 54]]
[[3, 7, 18, 20, 9], [15, 16, 18, 20, 3], [3, 16, 18, 20, 3]]
[[8, 9, 10, 12, 0]]
[[6, 7, 12, 15, 0], [6, 7, 8, 10, 0]]
[[1, 2, 3, 4, 0], [1, 2, 15, 16, 0], [6, 7, 15, 16, 9]]
[[6, 6, 20, 26, 49], [14, 15, 20, 26, 0]]
[[3, 6, 12, 16, 0], [8, 9, 12, 16, 3], [18, 21, 23, 26, 4], [3, 11, 12, 16, 3], [3, 11, 23, 26, 3]]
[[3, 4, 1, 2, 3]]
[[1, 8, 20, 22, 0], [16, 18, 20, 22, 4], [16, 18, 28, 30, 4], [23, 24, 25, 30, 3], [23, 24, 28, 30, 3], [40, 41, 20, 22, 3], [45, 50, 52, 54, 0]]
[[50, 54, 55, 59, 9], [65, 68, 55, 59, 4], [65, 68, 70, 87, 4], [74, 80, 81, 87, 3], [74, 80, 98, 99, 3], [93, 94, 81, 87, 0], [93, 94, 98, 99, 0]]
[[9, 10, 13, 14, 4]]
[[1, 1, 4, 7, 0], [1, 1, 6, 7, 0]]
[[5, 8, 14, 19, 9], [10, 11, 14, 19, 3], [37, 38, 39, 42, 6], [37, 38, 44, 51, 6], [54, 57, 58, 62, 3], [54, 57, 60, 62, 3], [10, 13, 14, 19, 3], [25, 26, 27, 28, 3]]
[[6, 9, 17, 32, 0], [12, 13, 17, 19, 0], [22, 27, 29, 32, 3], [12, 16, 17, 19, 0]]
[[1, 2, 7, 10, 3], [4, 5, 7, 10, 3], [13, 14, 16, 18, 4], [22, 23, 24, 30, 1], [22, 23, 32, 33, 1], [13, 23, 32, 33, 1]]
[[1, 10, 11, 14, 0], [1, 10, 13, 14, 0]]
[[1, 4, 7, 8, 54], [24, 25, 26, 33, 3]]
[[1, 5, 7, 9, 3], [19, 20, 7, 30, 0], [21, 22, 23, 30, 1], [21, 22, 28, 30, 1]]
[[1, 1, 6, 7, 3], [3, 4, 6, 7, 0]]
[[1, 4, 5, 10, 0], [1, 4, 11, 16, 0], [1, 4, 7, 10, 0]]
[[6, 7, 9, 32, 9], [3, 25, 26, 32, 0]]
[[3, 4, 6, 26, 9], [13, 20, 6, 26, 9]]
[[6, 10, 1, 3, 0], [6, 10, 13, 14, 3], [16, 16, 13, 14, 3]]
[[2, 6, 7, 10, 0], [2, 6, 16, 17, 0], [19, 22, 16, 17, 1]]
[[2, 3, 11, 14, 6], [9, 10, 11, 14, 3], [18, 19, 11, 14, 6]]
[[3, 6, 7, 9, 9]]
[[3, 4, 5, 7, 3], [15, 18, 19, 22, 21]]
[[7, 11, 32, 35, 0], [30, 31, 32, 35, 3], [25, 31, 32, 35, 3]]
[[1, 3, 4, 7, 9]]
[[1, 2, 3, 4, 3], [1, 2, 8, 11, 3]]
[[14, 15, 19, 21, 0], [14, 15, 23, 24, 0]]
[[23, 24, 25, 28, 6], [23, 24, 37, 41, 6], [35, 36, 37, 41, 4], [32, 36, 37, 41, 4]]
[[47, 51, 52, 60, 0]]
[[53, 54, 55, 56, 3], [58, 61, 53, 56, 0], [58, 61, 62, 67, 0], [58, 61, 55, 56, 0], [19, 20, 28, 34, 0]]
[[13, 17, 18, 23, 0], [13, 17, 32, 33, 6], [13, 17, 35, 43, 0], [26, 27, 28, 28, 6], [26, 27, 32, 33, 6], [30, 31, 28, 28, 6], [30, 31, 32, 33, 6]]
[[16, 20, 21, 25, 4], [99, 102, 103, 106, 49]]
[[2, 7, 8, 15, 0], [2, 4, 8, 15, 0], [6, 7, 8, 15, 0]]
[[5, 8, 1, 3, 0], [5, 8, 9, 15, 0]]
[[7, 8, 13, 14, 0], [10, 12, 13, 14, 0]]
[[3, 19, 1, 2, 0]]
[[1, 2, 3, 4, 1], [9, 11, 12, 21, 4]]
[[14, 15, 17, 18, 1], [6, 7, 1, 5, 3]]
[[12, 22, 33, 37, 0], [24, 27, 33, 37, 3], [29, 32, 33, 37, 3]]
[[9, 27, 41, 44, 0], [36, 40, 41, 44, 0], [121, 140, 41, 44, 0], [121, 140, 141, 148, 3], [158, 160, 41, 44, 0], [9, 9, 41, 44, 0], [138, 140, 141, 148, 3]]
[[7, 8, 9, 11, 0], [53, 54, 55, 56, 58], [53, 54, 83, 86, 58], [75, 78, 55, 56, 4], [75, 78, 83, 86, 58], [75, 78, 94, 98, 58], [88, 89, 94, 98, 4]]
[[7, 10, 11, 13, 0], [7, 10, 36, 38, 0], [21, 22, 36, 38, 9], [30, 34, 36, 38, 9]]
[[14, 15, 19, 22, 3]]
[[1, 5, 14, 17, 0], [7, 12, 14, 17, 0]]
[[8, 9, 15, 17, 6], [25, 32, 33, 41, 49], [25, 32, 53, 64, 49], [37, 38, 39, 41, 4], [37, 38, 62, 64, 4], [25, 26, 22, 23, 0], [30, 32, 39, 41, 49], [44, 46, 53, 64, 49], [48, 51, 53, 64, 49]]
[[56, 57, 69, 71, 0], [65, 66, 69, 71, 4], [65, 66, 87, 90, 4], [1, 18, 41, 43, 0]]
[[28, 29, 30, 33, 0]]
[[3, 4, 5, 7, 6], [3, 4, 13, 15, 6], [3, 4, 22, 24, 6], [8, 11, 13, 15, 3], [16, 18, 5, 7, 6], [16, 18, 22, 24, 0], [20, 21, 22, 24, 4]]
[[3, 4, 5, 6, 0]]
[[28, 31, 32, 33, 0]]
[[41, 54, 55, 62, 1], [41, 54, 68, 70, 1], [64, 66, 68, 69, 4]]
[[1, 2, 3, 4, 4], [15, 16, 3, 4, 0], [15, 16, 11, 14, 0]]
[[1, 2, 6, 9, 9], [13, 14, 16, 18, 6], [13, 14, 20, 22, 6]]
[[23, 26, 31, 33, 0], [27, 28, 31, 33, 9], [27, 30, 31, 33, 9]]
[[19, 23, 24, 27, 1], [19, 23, 42, 49, 1], [57, 60, 55, 56, 3], [30, 36, 37, 40, 3], [30, 34, 42, 49, 3]]
[[4, 5, 1, 2, 0], [4, 5, 6, 7, 0], [9, 10, 1, 7, 3], [9, 10, 6, 7, 3]]
[[21, 21, 22, 23, 0], [45, 49, 50, 55, 0]]
[[1, 12, 59, 62, 0], [1, 12, 77, 80, 0], [74, 75, 59, 62, 1], [74, 75, 77, 80, 1]]
[[6, 7, 3, 4, 6], [6, 7, 9, 12, 0]]
[[1, 2, 3, 4, 3], [1, 2, 11, 12, 3], [1, 2, 17, 18, 3], [7, 8, 3, 4, 1], [7, 8, 11, 12, 1], [13, 14, 17, 18, 3], [13, 14, 11, 12, 3]]
[[1, 2, 7, 11, 3], [4, 5, 7, 11, 3], [17, 18, 20, 27, 1], [17, 18, 24, 27, 1]]
[[25, 26, 31, 32, 6], [28, 30, 31, 32, 4]]
[[8, 9, 1, 2, 0], [3, 9, 1, 2, 0]]
[[1, 5, 6, 9, 9]]
[[10, 11, 13, 14, 3], [18, 19, 20, 24, 3]]
[[1, 2, 5, 6, 0], [16, 17, 14, 15, 3], [16, 17, 19, 19, 3], [16, 17, 20, 23, 3], [1, 4, 5, 6, 3], [1, 4, 7, 8, 3], [1, 4, 10, 11, 3], [1, 4, 12, 13, 3], [7, 8, 10, 11, 3], [1, 17, 14, 15, 3]]
[[9, 12, 13, 17, 3]]
[[1, 3, 4, 5, 9], [1, 3, 21, 22, 9], [11, 12, 13, 15, 0], [17, 19, 21, 22, 3]]
[[1, 11, 12, 12, 0], [1, 11, 34, 37, 1], [20, 21, 22, 26, 3], [29, 30, 34, 40, 1], [29, 30, 34, 37, 1], [35, 36, 37, 37, 1]]
[[42, 43, 44, 47, 0]]
[[1, 12, 14, 20, 3]]
[[1, 14, 15, 19, 6], [1, 14, 17, 19, 6], [21, 22, 23, 25, 4], [21, 22, 17, 19, 4]]
[[3, 5, 6, 8, 49]]
[[1, 2, 5, 8, 0], [10, 11, 12, 13, 1], [10, 11, 15, 16, 1], [1, 4, 5, 8, 0]]
[[1, 4, 6, 9, 6], [1, 4, 12, 13, 6]]
[[1, 4, 10, 13, 0], [1, 4, 20, 27, 0], [6, 9, 10, 13, 0], [15, 19, 20, 27, 9]]
[[1, 2, 6, 9, 3], [4, 5, 6, 9, 6], [13, 14, 15, 20, 1]]
[[1, 6, 7, 8, 49]]
[]
[[8, 9, 17, 20, 0], [60, 61, 62, 65, 1], [60, 61, 29, 32, 1], [3, 9, 17, 20, 0], [27, 28, 29, 32, 1]]
[[10, 13, 14, 18, 6], [10, 13, 17, 18, 6], [10, 13, 29, 30, 6], [10, 13, 33, 43, 0], [10, 13, 53, 57, 0], [10, 13, 62, 65, 0], [10, 13, 71, 73, 6], [10, 13, 86, 87, 0], [24, 26, 27, 30, 9], [24, 26, 29, 30, 9], [45, 46, 41, 43, 4], [45, 46, 33, 43, 4], [47, 50, 53, 57, 0], [47, 50, 33, 43, 0], [47, 50, 86, 87, 0], [66, 69, 62, 65, 0], [66, 69, 71, 73, 6], [66, 69, 86, 87, 0], [80, 85, 86, 87, 4]]
[[8, 9, 10, 12, 3]]
[[1, 2, 3, 6, 3]]
[[38, 39, 43, 48, 4], [38, 39, 78, 80, 4], [41, 42, 43, 48, 4], [69, 73, 76, 80, 49], [69, 73, 78, 80, 4], [168, 169, 172, 174, 1]]
[[3, 5, 6, 7, 1]]
[[7, 7, 9, 10, 9], [12, 15, 19, 23, 3], [45, 48, 49, 51, 3]]
[[1, 4, 5, 6, 0], [1, 4, 38, 41, 0], [31, 32, 33, 36, 1], [31, 32, 38, 41, 1]]
[[25, 26, 27, 27, 9], [25, 26, 31, 32, 9], [28, 29, 31, 32, 3], [10, 15, 27, 27, 0], [10, 15, 31, 32, 0], [10, 15, 37, 39, 0], [35, 36, 37, 39, 3]]
[[1, 2, 5, 8, 0], [10, 13, 14, 17, 9], [25, 26, 29, 32, 3], [61, 67, 43, 44, 3], [61, 67, 68, 74, 0], [45, 46, 43, 44, 1], [58, 59, 71, 74, 9], [66, 67, 71, 74, 0]]
[[5, 8, 1, 4, 0], [5, 8, 14, 19, 0], [10, 13, 1, 4, 4], [10, 13, 14, 19, 4], [25, 27, 1, 19, 4]]
[[1, 4, 11, 14, 3], [18, 19, 25, 26, 1], [18, 19, 11, 14, 1]]
[[1, 3, 8, 16, 0], [1, 3, 33, 39, 0], [20, 21, 22, 27, 4], [20, 21, 23, 27, 4], [31, 32, 33, 39, 4], [43, 44, 45, 50, 1], [43, 44, 47, 50, 1]]
[[9, 10, 6, 7, 0], [2, 4, 6, 7, 3]]
[[2, 5, 6, 10, 3], [2, 5, 8, 10, 3], [15, 16, 20, 22, 3], [15, 16, 17, 22, 3], [23, 24, 25, 29, 4]]
[[7, 13, 30, 31, 0], [16, 27, 30, 31, 0], [16, 27, 32, 34, 0], [28, 29, 30, 31, 3], [28, 29, 32, 34, 3]]
[[4, 5, 1, 2, 0]]
[[1, 4, 5, 9, 1], [5, 7, 8, 9, 1], [1, 7, 8, 9, 1]]
[[8, 9, 13, 17, 1], [1, 4, 13, 17, 0]]
[[12, 15, 22, 28, 0], [12, 15, 1, 7, 0]]
[[3, 4, 1, 2, 0]]
[[3, 4, 5, 6, 3]]
[[1, 8, 13, 15, 0], [1, 8, 31, 33, 0], [20, 21, 13, 15, 6], [23, 27, 13, 15, 4], [23, 27, 31, 33, 4], [29, 30, 31, 33, 9]]
[[7, 10, 2, 6, 3], [7, 10, 17, 18, 3], [7, 10, 4, 6, 3], [20, 24, 17, 18, 9]]
[[1, 2, 6, 8, 3], [1, 5, 6, 8, 3]]
[[1, 2, 3, 4, 21], [1, 2, 9, 11, 21], [17, 19, 3, 4, 3], [17, 19, 14, 16, 21]]
[[11, 12, 15, 19, 6], [11, 12, 17, 19, 6], [11, 12, 21, 23, 6], [18, 19, 17, 19, 6], [18, 19, 21, 23, 6]]
[[1, 4, 5, 7, 0]]
[[18, 19, 22, 28, 3]]
[[6, 11, 2, 3, 0]]
[[4, 5, 6, 10, 0]]
[[29, 32, 34, 40, 3]]
[[1, 2, 3, 8, 3], [1, 2, 11, 15, 3]]
[[7, 10, 13, 16, 3], [21, 22, 28, 30, 4], [35, 42, 28, 30, 0], [52, 54, 56, 57, 0]]
[[21, 22, 18, 20, 3], [1, 11, 18, 20, 6], [14, 16, 18, 20, 3]]
[[6, 9, 10, 15, 0], [48, 48, 55, 59, 9], [53, 54, 55, 59, 3]]
[[6, 10, 17, 20, 0], [23, 23, 29, 33, 49], [25, 28, 29, 33, 4]]
[[1, 2, 3, 5, 4], [11, 12, 13, 15, 0]]
[[10, 11, 12, 16, 0], [10, 11, 36, 39, 0]]
[[8, 11, 12, 15, 0], [24, 26, 31, 36, 49], [28, 30, 31, 36, 49]]
[[9, 11, 14, 16, 3]]
[[7, 13, 3, 4, 3], [7, 13, 15, 17, 3], [19, 20, 15, 17, 1], [19, 20, 22, 24, 1], [19, 20, 25, 27, 1]]
[[1, 2, 3, 5, 9], [7, 9, 10, 12, 12], [7, 9, 10, 15, 12]]
[[24, 25, 26, 28, 6], [24, 25, 27, 28, 6]]
[[1, 4, 5, 8, 0], [11, 48, 5, 8, 0], [11, 48, 51, 63, 0], [49, 50, 51, 63, 54]]
[[1, 3, 4, 5, 6], [7, 8, 4, 5, 6], [7, 8, 10, 11, 6], [13, 16, 10, 11, 3], [22, 23, 18, 19, 0], [1, 16, 18, 19, 6]]
[[10, 11, 12, 15, 3], [29, 30, 33, 33, 6], [29, 30, 36, 40, 0], [44, 45, 46, 47, 3], [44, 45, 48, 51, 3], [53, 54, 57, 60, 9], [1, 6, 12, 15, 0], [1, 6, 21, 23, 0], [1, 30, 36, 40, 0]]
[[14, 15, 25, 27, 3], [21, 22, 25, 27, 6], [37, 38, 36, 44, 4], [14, 22, 25, 27, 6], [1, 22, 28, 30, 3], [1, 30, 31, 44, 6]]
[[1, 10, 16, 17, 0], [13, 15, 16, 17, 0], [13, 15, 30, 34, 0], [19, 20, 25, 26, 4], [22, 23, 25, 26, 3], [27, 28, 30, 34, 3], [19, 23, 25, 26, 3]]
[[26, 29, 30, 34, 6], [26, 29, 21, 25, 0], [5, 6, 21, 25, 0]]
[[1, 4, 5, 7, 3], [1, 4, 8, 9, 3]]
[[9, 11, 5, 7, 6], [9, 11, 12, 13, 4], [19, 22, 5, 7, 6], [19, 22, 15, 18, 0], [19, 22, 37, 43, 0], [31, 33, 34, 35, 9], [31, 33, 37, 43, 9]]
[[1, 2, 8, 11, 3], [26, 27, 28, 29, 1]]
[[1, 2, 6, 8, 3], [4, 5, 6, 8, 3], [19, 20, 21, 22, 1]]
[[4, 5, 6, 8, 3], [14, 15, 16, 19, 3]]
[[1, 2, 3, 4, 3], [1, 2, 8, 9, 3], [1, 2, 17, 18, 3], [5, 6, 3, 4, 1], [5, 6, 8, 9, 1]]
[[9, 13, 16, 20, 9]]
[[5, 6, 7, 8, 3], [5, 6, 12, 13, 3], [10, 11, 5, 8, 3], [10, 11, 12, 13, 4], [15, 16, 5, 8, 3], [15, 16, 10, 13, 0], [15, 16, 7, 8, 0], [15, 16, 12, 13, 0], [19, 22, 24, 25, 4]]
[[11, 12, 13, 18, 58]]
[[1, 2, 5, 8, 103], [11, 16, 5, 8, 0], [1, 4, 5, 8, 4]]
[[17, 27, 93, 95, 0], [77, 81, 93, 95, 0]]
[[3, 4, 1, 2, 6], [3, 4, 6, 11, 0], [1, 4, 6, 11, 3]]
[]
[[6, 7, 4, 5, 3], [6, 7, 9, 12, 3]]
[[4, 5, 7, 8, 6], [4, 5, 36, 38, 6], [13, 14, 15, 17, 3], [13, 14, 15, 27, 3], [19, 23, 7, 8, 6], [19, 23, 24, 27, 6], [36, 38, 40, 43, 6], [45, 46, 48, 53, 6]]
[[1, 4, 6, 8, 3], [1, 4, 13, 15, 3], [9, 12, 6, 8, 3], [9, 12, 13, 15, 3]]
[[1, 6, 7, 9, 3], [12, 15, 16, 17, 9], [12, 15, 27, 29, 9], [21, 25, 27, 29, 0]]
[[1, 5, 6, 10, 1]]
[[1, 22, 37, 39, 0], [26, 29, 37, 39, 0], [30, 31, 37, 39, 3], [33, 35, 37, 39, 4], [44, 50, 53, 57, 4]]
[[1, 3, 4, 6, 9], [1, 3, 12, 14, 9]]
[[14, 15, 16, 17, 4], [14, 15, 19, 21, 4], [22, 22, 19, 21, 4]]
[[25, 29, 33, 34, 0], [3, 4, 8, 12, 3]]
[[1, 2, 3, 12, 6], [15, 17, 10, 12, 0], [27, 28, 25, 26, 3]]
[[5, 8, 15, 19, 3], [13, 14, 15, 19, 3]]
[[1, 3, 4, 9, 0]]
[[10, 13, 21, 22, 0], [15, 16, 21, 22, 3], [15, 16, 24, 27, 3], [18, 19, 21, 22, 3], [18, 19, 24, 27, 3]]
[[1, 5, 21, 25, 0], [14, 19, 21, 25, 0], [1, 19, 21, 25, 0]]
[[5, 7, 8, 10, 0], [5, 7, 9, 10, 0], [1, 3, 9, 10, 0]]
[[44, 48, 49, 51, 1]]
[[1, 2, 7, 11, 3], [13, 18, 25, 30, 4], [21, 22, 25, 30, 54]]
[[2, 8, 14, 16, 3]]
[[1, 6, 7, 9, 3], [4, 6, 7, 9, 3]]
[[134, 152, 155, 157, 49], [86, 90, 82, 84, 49], [86, 90, 155, 157, 49], [151, 152, 82, 84, 4], [151, 152, 155, 157, 4]]
[[1, 8, 16, 19, 3], [24, 25, 26, 28, 9], [39, 39, 44, 45, 1], [9, 14, 16, 19, 0]]
[[1, 4, 5, 6, 0], [1, 4, 16, 17, 0], [1, 4, 22, 24, 0], [27, 38, 22, 24, 0], [14, 15, 16, 17, 3]]
[[1, 2, 5, 8, 0]]
[[1, 5, 9, 12, 0], [1, 5, 11, 12, 0]]
[[1, 5, 9, 10, 6], [1, 5, 37, 40, 0], [7, 8, 9, 10, 6], [28, 29, 30, 31, 4], [33, 36, 37, 40, 6]]
[[4, 5, 6, 13, 3], [18, 19, 23, 27, 3], [2, 5, 6, 13, 3], [2, 5, 23, 27, 3]]
[[3, 4, 5, 9, 0], [19, 22, 24, 26, 3], [19, 22, 28, 35, 3], [12, 13, 5, 9, 3]]
[[3, 6, 13, 17, 3], [8, 9, 13, 17, 1], [5, 6, 13, 17, 3]]
[[12, 13, 14, 18, 9], [14, 15, 17, 18, 4], [12, 15, 17, 18, 9]]
[[10, 13, 33, 36, 9], [30, 32, 33, 36, 9]]
[[1, 2, 5, 8, 3], [1, 2, 5, 6, 3], [10, 11, 5, 8, 3], [10, 11, 12, 17, 0], [1, 4, 7, 8, 3], [10, 15, 16, 17, 1]]
[[18, 22, 25, 27, 0], [18, 22, 24, 27, 0]]
[[1, 3, 4, 8, 3]]
[[1, 2, 3, 4, 0], [1, 2, 7, 9, 0]]
[[54, 58, 59, 64, 0]]
[[5, 8, 2, 3, 4], [5, 8, 15, 16, 3], [11, 13, 15, 16, 6], [17, 19, 15, 16, 3]]
[[1, 3, 4, 9, 0], [1, 3, 7, 9, 0], [11, 11, 12, 14, 49], [11, 11, 13, 14, 49]]
[[22, 55, 56, 58, 0], [22, 55, 119, 123, 0], [59, 90, 56, 58, 0], [113, 117, 119, 123, 0], [113, 117, 119, 120, 0], [54, 55, 56, 58, 0]]
[[4, 7, 9, 11, 21], [4, 7, 21, 23, 21]]
[[1, 2, 5, 6, 0], [1, 4, 5, 6, 4], [1, 4, 10, 12, 4], [1, 4, 15, 19, 4], [13, 14, 15, 19, 6]]
[[8, 11, 13, 14, 6], [8, 11, 15, 16, 6], [8, 11, 17, 18, 6], [8, 11, 21, 22, 6], [8, 11, 58, 60, 0], [19, 20, 13, 14, 6], [19, 20, 15, 16, 4], [19, 20, 21, 22, 4], [19, 20, 17, 18, 4], [19, 20, 58, 60, 4], [49, 52, 53, 54, 6], [49, 52, 21, 22, 0], [49, 52, 56, 56, 0], [49, 52, 58, 60, 0], [13, 14, 15, 16, 6], [13, 16, 17, 18, 6]]
[[1, 2, 3, 4, 3], [1, 2, 8, 9, 3], [6, 7, 8, 9, 1], [6, 7, 18, 19, 1], [11, 12, 13, 16, 6], [11, 12, 18, 19, 6]]
[[22, 23, 24, 25, 3], [27, 28, 29, 30, 4]]
[[1, 3, 4, 6, 0]]
[[1, 3, 4, 4, 1], [8, 8, 9, 11, 49], [13, 16, 20, 22, 9], [18, 19, 20, 22, 9], [30, 31, 35, 37, 54], [33, 34, 35, 37, 3], [1, 19, 35, 37, 3]]
[[7, 9, 10, 14, 3], [7, 9, 13, 14, 3], [7, 9, 15, 16, 3]]
[[1, 7, 17, 19, 3], [11, 13, 17, 19, 3], [1, 13, 17, 19, 3]]
[[1, 2, 3, 3, 3], [5, 6, 7, 7, 6], [9, 10, 3, 3, 1], [9, 10, 11, 14, 1]]
[[7, 9, 1, 2, 0], [7, 9, 10, 12, 0]]
[[5, 8, 14, 16, 0], [10, 11, 14, 16, 4], [19, 20, 22, 22, 9], [24, 25, 27, 29, 1]]
[[1, 3, 10, 14, 0], [7, 8, 10, 14, 1], [26, 27, 30, 32, 0], [26, 27, 38, 41, 0], [33, 37, 38, 41, 0]]
[[1, 2, 8, 9, 3], [5, 6, 8, 9, 3], [14, 15, 17, 18, 4]]
[[8, 11, 21, 28, 1], [3, 11, 21, 28, 1]]
[[10, 15, 16, 18, 1], [10, 15, 34, 36, 0], [31, 32, 34, 36, 9]]
[[1, 4, 5, 7, 0], [1, 4, 9, 11, 6], [1, 4, 28, 34, 0], [1, 4, 39, 41, 0], [36, 37, 39, 41, 1], [25, 27, 28, 34, 0]]
[[1, 4, 5, 9, 3], [1, 4, 10, 11, 0], [1, 4, 13, 13, 0]]
[[1, 2, 3, 4, 3], [6, 7, 3, 4, 0], [13, 14, 15, 17, 1]]
[[16, 17, 18, 18, 4], [16, 17, 33, 36, 4], [31, 32, 33, 36, 1]]
[[1, 2, 3, 6, 3], [1, 2, 11, 15, 3], [1, 2, 20, 22, 3], [1, 2, 24, 28, 3], [8, 9, 11, 15, 1]]
[[1, 9, 10, 12, 9], [1, 9, 14, 16, 9], [1, 9, 18, 23, 9]]
[[3, 4, 5, 8, 58], [10, 12, 14, 17, 49]]
[[9, 13, 30, 33, 0], [16, 20, 30, 33, 58], [23, 26, 30, 33, 58], [9, 20, 32, 33, 58], [23, 31, 32, 33, 4]]
[[1, 4, 6, 14, 0], [19, 23, 24, 27, 3], [46, 47, 48, 56, 3], [57, 58, 59, 65, 3]]
[[5, 6, 1, 4, 3], [5, 6, 8, 8, 3], [10, 11, 13, 13, 4], [17, 18, 27, 30, 3], [23, 26, 27, 30, 4]]
[[3, 4, 5, 5, 4], [3, 4, 14, 21, 54], [19, 20, 5, 5, 3]]
[[11, 18, 23, 25, 0]]
[[6, 7, 8, 10, 1], [14, 15, 16, 17, 4], [22, 26, 27, 28, 0]]
[[5, 8, 10, 12, 0], [5, 8, 92, 93, 0], [5, 8, 20, 25, 0], [5, 8, 38, 44, 0], [5, 8, 54, 55, 0], [5, 8, 74, 76, 0], [5, 8, 90, 93, 0], [17, 19, 20, 25, 49], [17, 19, 38, 44, 49], [32, 35, 20, 25, 49], [32, 35, 38, 44, 49], [46, 48, 49, 55, 49], [46, 48, 54, 55, 4]]
[[1, 5, 15, 17, 0], [20, 23, 28, 54, 4], [24, 25, 53, 54, 4]]
[[17, 22, 23, 37, 49], [17, 22, 36, 37, 49]]
[[1, 2, 3, 9, 6], [1, 2, 3, 5, 6], [1, 2, 8, 9, 6]]
[[7, 12, 14, 15, 3], [29, 33, 25, 28, 0], [17, 23, 25, 28, 1]]
[[6, 7, 1, 4, 3], [6, 7, 12, 18, 3], [8, 11, 1, 4, 3], [8, 11, 12, 18, 3]]
[[1, 5, 34, 35, 1], [32, 33, 34, 35, 1]]
[[5, 8, 1, 3, 0], [5, 8, 10, 11, 6]]
[[1, 8, 9, 12, 0], [1, 8, 21, 43, 6], [13, 18, 21, 24, 6], [13, 18, 38, 43, 0], [19, 20, 21, 24, 6], [13, 20, 21, 24, 6]]
[]
[[1, 2, 3, 5, 3], [7, 8, 9, 11, 6], [14, 15, 18, 20, 3], [12, 17, 18, 20, 3]]
[[1, 2, 3, 4, 6], [9, 10, 11, 13, 4], [17, 18, 19, 22, 1]]
[[1, 2, 3, 4, 9], [1, 2, 8, 10, 9], [12, 15, 16, 17, 6], [30, 33, 34, 35, 21], [30, 33, 42, 44, 21]]
[[4, 5, 6, 7, 9], [4, 5, 12, 14, 9]]
[[1, 5, 6, 11, 6], [1, 5, 8, 11, 6], [26, 29, 30, 31, 0]]
[[24, 25, 26, 28, 1], [24, 25, 29, 30, 1], [31, 34, 29, 30, 3], [35, 41, 26, 30, 1], [45, 47, 54, 56, 75], [45, 53, 54, 56, 75]]
[[3, 3, 6, 9, 0], [28, 30, 33, 40, 0]]
[[6, 8, 9, 11, 3], [6, 8, 14, 20, 3], [22, 27, 28, 30, 3], [22, 27, 14, 20, 3]]
[[12, 28, 29, 32, 3], [12, 28, 33, 40, 3], [60, 61, 66, 67, 9]]
[[15, 16, 18, 21, 3], [15, 16, 24, 26, 3]]
[[5, 12, 14, 16, 3], [5, 12, 22, 27, 3], [19, 20, 22, 27, 1]]
[[4, 21, 103, 105, 0], [61, 64, 69, 72, 6], [98, 102, 103, 105, 21]]
[[1, 3, 4, 6, 9], [1, 3, 9, 12, 9]]
[[18, 21, 33, 38, 4], [28, 29, 33, 38, 4]]
[[6, 9, 54, 56, 21], [6, 9, 17, 25, 6], [6, 9, 46, 48, 21], [51, 53, 54, 56, 4], [13, 16, 17, 25, 6]]
[[1, 2, 3, 4, 4], [8, 9, 10, 13, 6]]
[[4, 5, 1, 2, 0], [4, 5, 7, 10, 0]]
[[42, 43, 45, 52, 4], [42, 43, 54, 58, 4]]
[[15, 16, 22, 24, 1], [62, 63, 57, 60, 0], [72, 75, 77, 79, 3]]
[[8, 9, 10, 14, 0], [18, 20, 21, 25, 0], [27, 30, 31, 34, 3], [6, 9, 10, 14, 6]]
[[1, 3, 5, 9, 0]]
[[1, 8, 9, 16, 6]]
[[3, 4, 5, 7, 3], [23, 28, 30, 32, 1]]
[[4, 5, 8, 11, 6]]
[[7, 8, 9, 17, 4]]
[[130, 145, 66, 67, 0], [130, 145, 84, 86, 0], [130, 145, 146, 149, 0], [224, 229, 231, 232, 1], [62, 65, 66, 67, 1], [195, 197, 199, 200, 4]]
[[3, 7, 8, 12, 3], [3, 7, 15, 20, 3]]
[[1, 3, 4, 7, 1], [1, 3, 12, 15, 1], [9, 10, 12, 17, 0], [9, 10, 4, 7, 0], [9, 10, 12, 15, 0]]
[[1, 2, 3, 3, 6], [1, 2, 5, 6, 6], [7, 10, 5, 6, 4]]
[[2, 7, 1, 1, 0], [2, 7, 14, 14, 0], [2, 7, 22, 24, 0], [9, 10, 14, 14, 6], [11, 12, 14, 14, 6], [16, 17, 22, 24, 9], [19, 21, 22, 24, 9], [9, 12, 14, 14, 6]]
[[1, 2, 5, 7, 3], [3, 4, 5, 7, 3], [1, 4, 10, 10, 3]]
[[8, 9, 10, 13, 3], [19, 20, 21, 21, 4], [31, 37, 38, 39, 0], [43, 44, 45, 46, 1], [43, 44, 38, 39, 1], [5, 9, 10, 13, 0]]
[[7, 8, 9, 11, 0], [7, 8, 24, 28, 0], [17, 20, 9, 11, 0], [17, 20, 24, 28, 0], [41, 46, 9, 11, 3], [41, 46, 24, 28, 3], [41, 46, 47, 52, 3], [59, 61, 64, 64, 0], [17, 22, 24, 28, 3], [17, 46, 47, 52, 3], [59, 63, 64, 64, 3]]
[[60, 65, 66, 74, 0], [85, 87, 88, 95, 49], [85, 87, 104, 108, 45], [85, 87, 88, 99, 49]]
[[3, 4, 7, 8, 1], [3, 4, 15, 21, 1], [10, 11, 7, 8, 0]]
[[16, 18, 13, 14, 1], [22, 23, 24, 57, 3], [48, 52, 53, 57, 9]]
[[1, 4, 5, 7, 3], [1, 4, 17, 21, 3], [11, 12, 17, 21, 9]]
[[1, 5, 6, 10, 3], [33, 35, 36, 45, 9], [12, 13, 24, 25, 3]]
[[9, 12, 6, 19, 21], [9, 12, 18, 19, 21], [14, 17, 18, 19, 6]]
[[12, 22, 30, 31, 0], [12, 22, 48, 53, 0], [77, 81, 83, 84, 4], [25, 29, 30, 31, 1], [33, 40, 48, 53, 9]]
[[5, 6, 1, 3, 3], [5, 6, 7, 11, 3]]
[[1, 2, 3, 4, 6], [6, 7, 9, 10, 4], [15, 16, 17, 18, 1]]
[[19, 21, 27, 30, 0], [19, 21, 35, 39, 0], [43, 45, 35, 39, 0]]
[[31, 31, 27, 28, 49]]
[[1, 3, 7, 9, 9], [5, 6, 7, 9, 3], [10, 11, 7, 9, 4], [10, 11, 12, 17, 4], [1, 6, 7, 9, 3]]
[[1, 3, 4, 8, 0]]
[[1, 5, 12, 13, 1], [1, 5, 14, 16, 0], [1, 5, 61, 62, 0], [23, 24, 12, 32, 6], [55, 57, 12, 13, 1], [55, 57, 61, 62, 0]]
[[1, 4, 7, 11, 0], [5, 6, 7, 11, 4], [15, 16, 18, 21, 6], [1, 6, 7, 11, 4]]
[[7, 8, 1, 4, 6], [7, 8, 9, 15, 6], [17, 18, 19, 24, 1]]
[]
[[1, 2, 5, 8, 3], [10, 11, 5, 8, 1], [10, 11, 12, 15, 1], [1, 4, 5, 8, 3]]
[[1, 4, 5, 9, 0], [1, 4, 12, 15, 0]]
[[1, 2, 3, 4, 6], [7, 11, 3, 4, 4], [29, 29, 30, 31, 0], [29, 29, 34, 38, 0], [33, 33, 30, 31, 0], [33, 33, 34, 38, 0]]
[[16, 17, 10, 14, 3]]
[[1, 4, 7, 10, 0], [13, 14, 15, 18, 1], [1, 6, 7, 10, 3]]
[[1, 10, 11, 14, 0], [16, 19, 11, 14, 0], [16, 19, 21, 29, 0], [16, 19, 30, 33, 0]]
[[3, 5, 8, 10, 3], [28, 33, 8, 10, 3], [28, 33, 37, 39, 0], [28, 33, 34, 39, 0], [3, 7, 34, 39, 3]]
[[2, 6, 1, 1, 0], [2, 6, 25, 27, 0], [11, 14, 25, 27, 9], [18, 18, 25, 27, 9]]
[[12, 16, 21, 23, 9], [19, 20, 21, 23, 3], [12, 20, 21, 23, 3], [44, 46, 47, 50, 3]]
[[10, 13, 14, 17, 9], [18, 30, 14, 17, 3], [18, 30, 34, 38, 3], [18, 19, 21, 28, 3], [29, 30, 21, 28, 3], [29, 30, 31, 38, 3]]
[[1, 2, 3, 4, 3], [8, 9, 10, 11, 3], [23, 24, 10, 11, 3], [23, 24, 25, 26, 3], [23, 24, 25, 27, 3]]
[[3, 8, 11, 16, 0]]
[[1, 3, 4, 9, 4]]
[[25, 28, 31, 32, 3], [29, 30, 31, 32, 3], [3, 4, 7, 8, 3], [25, 30, 31, 32, 3]]
[[1, 8, 11, 13, 0], [14, 18, 11, 13, 4], [14, 18, 23, 24, 4], [14, 18, 23, 25, 4], [20, 20, 11, 13, 49], [20, 20, 23, 25, 49], [27, 28, 11, 13, 0], [27, 28, 31, 57, 0]]
[[1, 2, 3, 5, 0], [7, 13, 15, 17, 3], [23, 24, 26, 28, 4]]
[[37, 40, 42, 44, 6], [37, 40, 47, 47, 6], [45, 46, 42, 44, 4], [45, 46, 47, 47, 4]]
[[1, 2, 3, 4, 0]]
[[55, 55, 52, 53, 1], [55, 55, 46, 53, 1], [5, 6, 7, 8, 1], [11, 12, 13, 15, 1], [41, 44, 46, 53, 1]]
[[1, 2, 5, 7, 3], [1, 2, 8, 9, 3], [11, 15, 8, 9, 3]]
[[12, 13, 9, 10, 3], [6, 7, 9, 10, 3]]
[[5, 17, 23, 28, 0], [22, 22, 23, 28, 0]]
[[14, 15, 29, 30, 1], [23, 26, 29, 30, 1]]
[[13, 14, 3, 5, 0]]
[[6, 11, 12, 14, 0]]
[[1, 3, 4, 5, 49], [13, 16, 19, 23, 4], [13, 16, 17, 25, 4]]
[[17, 18, 22, 25, 1]]
[[42, 43, 51, 56, 4], [45, 48, 51, 56, 9], [61, 62, 63, 65, 1]]
[[1, 12, 19, 21, 3], [14, 15, 19, 21, 3], [1, 15, 19, 21, 3]]
[[1, 7, 8, 13, 54], [1, 7, 20, 21, 58], [15, 18, 20, 21, 4]]
[[1, 7, 11, 12, 0], [9, 10, 11, 12, 3], [14, 15, 17, 21, 1], [23, 24, 25, 31, 4], [1, 10, 11, 12, 3], [46, 49, 50, 55, 6]]
[[1, 3, 6, 10, 3], [1, 5, 6, 10, 3]]
[[1, 4, 5, 7, 0]]
[[3, 11, 12, 14, 21], [3, 11, 20, 23, 21], [17, 19, 12, 14, 21], [17, 19, 20, 23, 21]]
[[3, 4, 5, 8, 0], [3, 4, 21, 23, 3], [10, 11, 14, 15, 1], [19, 20, 21, 23, 0], [17, 20, 21, 23, 0]]
[[1, 2, 3, 6, 3]]
[[1, 2, 3, 6, 3], [11, 16, 18, 24, 49], [11, 16, 20, 24, 49]]
[[19, 21, 25, 28, 3], [31, 36, 38, 38, 1], [31, 36, 25, 28, 0], [41, 42, 46, 48, 1]]
[[1, 2, 5, 7, 3], [9, 10, 14, 15, 9], [27, 30, 34, 37, 0], [1, 4, 5, 7, 4]]
[[2, 4, 7, 11, 0], [2, 4, 16, 17, 0], [2, 4, 5, 11, 0], [15, 15, 16, 17, 3], [22, 24, 16, 17, 4]]
[[1, 2, 3, 4, 3], [1, 2, 9, 15, 3], [7, 8, 9, 15, 1]]
[[1, 2, 3, 4, 3], [9, 14, 3, 4, 3], [9, 14, 16, 18, 3]]
[[1, 3, 6, 10, 3]]
[[16, 25, 40, 46, 0], [16, 25, 8, 10, 0], [34, 35, 40, 46, 3], [37, 38, 40, 46, 4]]
[[6, 8, 13, 15, 0], [10, 11, 13, 15, 21], [10, 11, 19, 25, 21]]
[[8, 8, 5, 7, 0], [8, 8, 25, 26, 6], [10, 12, 5, 7, 0], [10, 12, 25, 26, 3], [1, 4, 5, 7, 0]]
[[1, 4, 7, 11, 0], [1, 4, 15, 19, 0]]
[[3, 4, 5, 7, 0]]
[[8, 10, 13, 15, 0], [11, 12, 13, 15, 4], [49, 50, 13, 48, 4], [8, 12, 13, 15, 4]]
[[5, 7, 9, 12, 3]]
[[3, 8, 9, 11, 3], [15, 16, 18, 19, 1], [35, 38, 42, 45, 21], [64, 65, 9, 11, 9], [64, 65, 67, 71, 9]]
[[106, 107, 108, 109, 3]]
[[1, 2, 3, 4, 3], [5, 6, 3, 4, 6], [5, 6, 7, 12, 6], [16, 20, 21, 26, 12], [34, 39, 40, 42, 0]]
[[4, 8, 1, 15, 3], [10, 11, 13, 15, 3]]
[[1, 2, 3, 4, 0]]
[[1, 2, 3, 5, 3], [7, 8, 3, 5, 1], [7, 8, 11, 14, 1]]
[[4, 7, 1, 2, 0], [4, 7, 8, 13, 0]]
[[1, 5, 8, 10, 3], [12, 13, 14, 18, 3], [20, 25, 26, 32, 3], [1, 7, 8, 10, 3]]
[[1, 7, 8, 11, 9], [1, 7, 9, 11, 9], [15, 18, 19, 30, 0], [37, 38, 39, 40, 6], [42, 43, 44, 45, 3], [42, 43, 47, 50, 3], [52, 53, 54, 55, 4]]
[[1, 4, 5, 8, 3], [1, 4, 18, 23, 3], [1, 4, 27, 34, 3]]
[[25, 26, 32, 34, 3], [27, 28, 32, 34, 3], [29, 30, 32, 34, 4], [36, 37, 41, 43, 3]]
[[3, 4, 5, 7, 3], [3, 4, 18, 20, 3]]
[[3, 14, 31, 33, 0], [26, 29, 31, 33, 1]]
[[1, 2, 3, 5, 3], [1, 2, 7, 8, 3]]
[[4, 5, 13, 15, 0], [4, 5, 33, 34, 0], [19, 21, 24, 27, 4], [19, 21, 13, 15, 4], [28, 30, 33, 34, 4], [28, 30, 13, 15, 4], [51, 51, 58, 61, 49]]
[[1, 3, 12, 16, 0], [5, 11, 12, 16, 3], [1, 25, 20, 22, 6], [1, 11, 26, 29, 3]]
[[1, 2, 3, 6, 3], [1, 2, 3, 4, 3], [1, 2, 5, 6, 3], [10, 14, 3, 6, 3], [10, 14, 17, 19, 0], [10, 11, 15, 19, 3], [12, 14, 15, 19, 0], [1, 14, 23, 23, 3], [1, 14, 25, 25, 3], [1, 14, 27, 29, 3]]
[[1, 6, 7, 9, 49], [11, 12, 14, 14, 3]]
[[2, 3, 4, 7, 3], [15, 16, 18, 21, 3], [23, 24, 25, 26, 58], [23, 24, 32, 33, 58], [34, 35, 37, 38, 58]]
[[3, 4, 5, 11, 3]]
[[1, 2, 5, 7, 0], [1, 4, 5, 7, 1], [9, 10, 5, 7, 1]]
[[49, 53, 58, 60, 9], [69, 71, 73, 74, 4], [3, 8, 1, 2, 6], [1, 8, 3, 4, 6], [16, 22, 25, 31, 4]]
[[15, 23, 25, 27, 3], [15, 23, 37, 38, 3], [35, 36, 37, 38, 1], [22, 23, 25, 27, 3]]
[[15, 16, 17, 18, 6], [20, 21, 22, 22, 6], [24, 25, 35, 37, 9], [29, 30, 31, 31, 12], [24, 30, 31, 31, 9], [8, 13, 37, 37, 0], [33, 36, 37, 37, 9]]
[[1, 2, 4, 7, 3], [11, 12, 4, 7, 0]]
[[1, 2, 5, 8, 0], [3, 4, 5, 8, 3], [10, 26, 5, 8, 3], [10, 26, 27, 36, 3], [1, 4, 5, 8, 3], [1, 4, 27, 34, 3]]
[[3, 4, 5, 10, 1]]
[[3, 11, 12, 16, 0]]
[[1, 3, 4, 7, 75], [1, 18, 45, 49, 0]]
[[63, 64, 65, 73, 21], [80, 81, 85, 87, 3], [19, 21, 23, 25, 4], [76, 76, 23, 25, 0]]
[[1, 7, 8, 29, 0], [1, 7, 28, 29, 0], [17, 18, 28, 29, 103]]
[[1, 2, 3, 4, 3], [1, 2, 9, 10, 3], [6, 7, 3, 4, 1], [6, 7, 9, 10, 1]]
[[1, 2, 3, 4, 3], [1, 2, 6, 7, 3], [8, 9, 3, 4, 3], [8, 9, 6, 7, 3], [17, 18, 3, 4, 6], [19, 20, 21, 23, 54], [17, 20, 21, 23, 58]]
[[7, 11, 15, 16, 1], [12, 14, 15, 16, 1]]
[[13, 14, 15, 18, 4], [24, 25, 28, 30, 1]]
[[2, 5, 6, 9, 3], [2, 5, 14, 18, 3], [11, 13, 14, 18, 1]]
[[1, 7, 12, 13, 1], [1, 7, 15, 16, 0], [9, 10, 12, 13, 1], [9, 10, 15, 16, 1]]
[[3, 8, 9, 16, 4], [12, 13, 14, 16, 4], [30, 32, 33, 34, 3]]
[[3, 4, 8, 11, 6], [3, 4, 21, 22, 6], [19, 20, 21, 22, 4]]
[[9, 10, 11, 15, 4], [17, 18, 21, 24, 58]]
[[5, 8, 15, 17, 6], [10, 12, 15, 17, 9], [19, 24, 32, 34, 3], [26, 27, 30, 34, 54], [26, 29, 32, 34, 4]]
[[15, 18, 13, 33, 12], [15, 18, 28, 33, 0], [21, 22, 23, 26, 9], [21, 22, 28, 33, 9]]
[[1, 5, 6, 8, 0]]
[[1, 2, 3, 5, 0], [1, 2, 10, 11, 6], [1, 2, 12, 14, 3]]
[[1, 5, 9, 11, 0], [1, 5, 14, 16, 0], [1, 5, 18, 26, 0], [7, 8, 9, 11, 3]]
[[1, 2, 12, 14, 1], [4, 5, 12, 14, 3], [8, 9, 12, 14, 0], [25, 26, 29, 31, 6]]
[[1, 4, 14, 22, 1], [1, 4, 16, 19, 0], [1, 4, 21, 22, 1]]
[[13, 14, 1, 2, 6], [13, 14, 4, 5, 6]]
[[14, 21, 34, 35, 49], [36, 39, 34, 35, 3], [36, 39, 45, 46, 3], [41, 44, 34, 35, 4], [41, 44, 45, 46, 4], [50, 51, 48, 49, 4], [1, 11, 52, 59, 0], [48, 51, 52, 59, 4]]
[]
[[8, 9, 4, 6, 0], [8, 9, 1, 6, 0], [8, 9, 11, 16, 0]]
[[66, 67, 60, 64, 0], [66, 67, 68, 71, 0], [90, 91, 93, 96, 1], [90, 91, 93, 100, 1]]
[[6, 10, 12, 14, 4], [17, 19, 20, 22, 4], [17, 19, 29, 30, 4], [17, 19, 32, 36, 4]]
[[4, 5, 3, 3, 3], [4, 5, 7, 8, 3], [9, 10, 3, 8, 3], [9, 10, 3, 5, 3], [9, 10, 7, 8, 3], [14, 17, 3, 5, 6], [3, 5, 7, 8, 3]]
[[1, 10, 17, 19, 9]]
[[15, 17, 18, 21, 9], [22, 22, 18, 21, 9], [22, 22, 27, 31, 9], [45, 46, 50, 55, 0]]
[[1, 1, 6, 8, 1], [12, 13, 6, 8, 1], [12, 13, 10, 10, 1], [12, 13, 15, 20, 1]]
[[1, 4, 7, 18, 0], [34, 37, 38, 39, 3], [40, 41, 42, 45, 1], [40, 41, 38, 39, 1], [27, 28, 38, 39, 3], [31, 37, 38, 39, 3]]
[[4, 5, 6, 12, 3], [16, 17, 19, 24, 1], [16, 17, 21, 24, 1]]
[[1, 2, 3, 6, 4], [1, 2, 5, 6, 4]]
[[4, 7, 8, 10, 0], [18, 22, 15, 16, 4], [18, 22, 23, 25, 4], [26, 27, 23, 25, 0], [26, 27, 28, 39, 54], [26, 27, 36, 39, 4], [34, 35, 36, 39, 54], [34, 35, 56, 61, 54], [49, 50, 56, 61, 4]]
[[4, 5, 3, 3, 3]]
[[1, 14, 17, 19, 0], [1, 14, 22, 23, 6], [1, 14, 31, 37, 0], [1, 14, 50, 52, 0], [1, 14, 63, 66, 6], [1, 14, 67, 69, 6], [26, 29, 17, 23, 6], [26, 29, 31, 37, 58], [26, 29, 50, 52, 58], [26, 29, 63, 66, 6], [48, 49, 17, 23, 6], [48, 49, 31, 37, 54], [48, 49, 50, 52, 4], [48, 49, 17, 19, 54], [60, 61, 63, 66, 6], [60, 61, 22, 23, 6], [60, 61, 31, 37, 6], [60, 61, 67, 69, 6]]
[[3, 4, 5, 6, 3]]
[[1, 9, 11, 13, 3]]
[[1, 2, 5, 6, 9], [1, 4, 5, 6, 3], [1, 4, 9, 12, 3]]
[[3, 6, 16, 19, 6], [11, 14, 16, 19, 6], [22, 23, 16, 19, 1]]
[[3, 4, 6, 7, 3], [20, 21, 17, 19, 6], [20, 21, 33, 36, 6]]
[[1, 5, 10, 11, 3], [6, 7, 10, 11, 3], [1, 9, 10, 11, 3], [13, 14, 17, 26, 3]]
[[3, 4, 7, 10, 0], [11, 12, 7, 10, 0]]
[[21, 25, 26, 27, 1], [29, 33, 35, 36, 1]]
[[1, 2, 3, 5, 9], [7, 8, 12, 14, 0], [7, 10, 12, 14, 3]]
[[1, 4, 5, 6, 4], [1, 4, 83, 85, 4]]
[[7, 8, 9, 12, 3]]
[[1, 6, 7, 8, 3], [13, 14, 16, 17, 1], [13, 14, 29, 32, 1], [23, 24, 29, 32, 3]]
[[1, 1, 2, 3, 9]]
[]
[[1, 2, 3, 4, 3], [1, 2, 9, 11, 3], [13, 13, 14, 16, 3]]
[[7, 14, 15, 17, 0], [27, 28, 30, 31, 0]]
[[5, 9, 2, 4, 0], [13, 20, 2, 4, 0], [5, 20, 26, 28, 0], [22, 24, 26, 28, 0], [22, 24, 33, 50, 0], [112, 116, 109, 110, 0]]
[[3, 4, 9, 11, 3], [14, 15, 9, 11, 1]]
[[1, 2, 3, 7, 1], [1, 2, 18, 21, 1]]
[[22, 23, 24, 25, 1], [26, 31, 24, 25, 0], [48, 49, 50, 52, 6], [48, 49, 54, 60, 3], [76, 77, 78, 80, 4], [76, 77, 72, 74, 4]]
[[30, 31, 32, 38, 4], [14, 18, 32, 38, 0]]
[[20, 23, 24, 30, 3], [20, 23, 48, 52, 3], [20, 23, 76, 81, 3], [56, 58, 62, 64, 3]]
[[4, 9, 10, 11, 0], [13, 14, 15, 16, 3], [13, 14, 10, 11, 3], [18, 19, 20, 27, 12]]
[[25, 37, 56, 59, 0], [49, 50, 56, 59, 0], [25, 45, 56, 59, 0]]
[[1, 2, 10, 16, 3], [1, 2, 10, 14, 3], [18, 22, 10, 16, 3], [26, 27, 29, 34, 3]]
[[3, 5, 6, 10, 0], [3, 5, 9, 10, 0], [15, 18, 19, 22, 0], [15, 18, 9, 10, 0]]
[[1, 5, 6, 12, 0], [1, 5, 11, 12, 0]]
[[23, 24, 25, 27, 3], [4, 6, 11, 14, 49]]
[[1, 5, 11, 15, 49]]
[[1, 2, 3, 8, 1], [1, 2, 5, 8, 1], [12, 15, 16, 26, 3]]
[[1, 6, 7, 8, 0]]
[[1, 2, 3, 8, 3], [9, 10, 11, 13, 3], [16, 17, 19, 23, 1], [16, 17, 49, 51, 1], [26, 27, 30, 39, 3]]
[[4, 7, 1, 2, 0], [4, 7, 11, 20, 0]]
[[1, 3, 4, 10, 3], [1, 3, 7, 10, 3]]
[[27, 33, 35, 64, 0], [55, 56, 62, 64, 3], [58, 60, 62, 64, 3]]
[[93, 94, 100, 101, 1], [98, 99, 100, 101, 1], [105, 108, 100, 101, 49], [105, 108, 112, 114, 49], [119, 122, 123, 128, 3], [1, 17, 100, 101, 0], [103, 104, 100, 101, 3]]
[[7, 8, 13, 15, 0], [10, 11, 13, 15, 3]]
[[1, 6, 11, 13, 0], [18, 19, 28, 30, 1], [1, 9, 11, 13, 3]]
[[1, 9, 10, 11, 0]]
[[22, 24, 26, 27, 4], [16, 16, 17, 21, 49]]
[[15, 16, 17, 21, 0], [109, 110, 111, 119, 1], [98, 99, 102, 103, 3], [100, 101, 102, 103, 3]]
[[1, 4, 8, 10, 0], [5, 6, 8, 10, 3], [15, 16, 19, 22, 1], [1, 6, 8, 10, 3], [1, 6, 19, 22, 3]]
[[23, 26, 33, 35, 0], [27, 28, 33, 35, 3], [30, 31, 33, 35, 3], [23, 28, 33, 35, 3]]
[[1, 3, 4, 8, 49], [1, 3, 7, 8, 49]]
[[2, 3, 1, 1, 0], [2, 3, 6, 7, 6], [2, 3, 11, 18, 0], [4, 5, 6, 7, 6], [4, 5, 11, 18, 6], [2, 5, 6, 7, 6]]
[[4, 5, 1, 2, 0], [4, 5, 7, 9, 0], [4, 5, 12, 16, 0], [11, 11, 1, 2, 0], [11, 11, 12, 16, 0], [11, 11, 7, 9, 0]]
[[20, 21, 24, 26, 1], [22, 23, 24, 26, 1]]
[[1, 2, 3, 4, 3], [1, 2, 22, 23, 3], [14, 15, 3, 4, 1], [14, 15, 22, 23, 1]]
[[6, 10, 12, 14, 0], [29, 30, 32, 34, 1]]
[[16, 17, 18, 20, 4], [22, 23, 26, 27, 4], [40, 41, 42, 46, 49], [3, 4, 5, 7, 3]]
[[40, 44, 37, 39, 0]]
[[1, 3, 4, 7, 0], [1, 3, 26, 29, 0], [11, 14, 4, 7, 3], [11, 14, 26, 29, 3], [16, 19, 4, 7, 3], [16, 19, 26, 29, 3], [22, 23, 25, 29, 3], [22, 23, 37, 40, 3], [22, 23, 26, 29, 3], [34, 35, 37, 40, 1]]
[[3, 11, 19, 21, 49], [17, 18, 19, 21, 49]]
[[7, 8, 9, 10, 4], [7, 8, 11, 13, 4]]
[[1, 1, 2, 8, 0], [1, 1, 21, 24, 0], [14, 15, 19, 24, 1], [28, 29, 21, 24, 12]]
[[8, 9, 10, 11, 1], [8, 9, 1, 4, 1]]
[[5, 6, 20, 21, 6], [26, 27, 28, 31, 6], [55, 56, 57, 60, 4], [61, 62, 57, 60, 4], [61, 62, 63, 64, 4], [85, 86, 88, 89, 1], [55, 62, 63, 64, 4]]
[[1, 4, 11, 12, 0], [6, 9, 11, 12, 0], [22, 23, 24, 25, 6], [22, 25, 26, 28, 6]]
[[9, 12, 13, 15, 49], [9, 12, 14, 15, 49], [18, 19, 24, 26, 49], [22, 23, 24, 26, 0]]
[[37, 42, 50, 51, 0], [76, 83, 84, 87, 0], [76, 83, 221, 222, 12], [104, 105, 107, 110, 1], [219, 220, 221, 222, 12], [219, 220, 84, 87, 12]]
[[4, 9, 1, 3, 0], [4, 9, 10, 13, 0], [4, 9, 11, 13, 0]]
[[1, 2, 3, 4, 0], [6, 6, 3, 4, 0]]
[[16, 17, 18, 20, 1]]
[]
[[1, 5, 6, 14, 3], [1, 5, 22, 27, 0], [17, 18, 22, 27, 3], [20, 21, 22, 27, 4]]
[[7, 7, 8, 10, 0], [19, 20, 28, 30, 3]]
[[6, 10, 11, 14, 3]]
[[1, 3, 15, 22, 49], [19, 20, 21, 22, 4]]
[[11, 13, 57, 69, 0], [11, 13, 36, 43, 0], [53, 55, 57, 69, 4]]
[[7, 14, 1, 2, 0], [7, 14, 9, 10, 0], [7, 14, 24, 26, 0]]
[[3, 4, 8, 9, 3]]
[[7, 10, 5, 6, 0], [12, 13, 15, 16, 3]]
[[6, 7, 1, 4, 3], [6, 7, 11, 16, 3], [6, 7, 18, 20, 3], [9, 10, 11, 16, 1], [9, 10, 18, 20, 1]]
[[23, 29, 30, 33, 0], [23, 29, 38, 38, 0], [35, 36, 30, 33, 1], [35, 36, 38, 38, 1]]
[[6, 8, 10, 24, 1], [20, 21, 22, 22, 1], [20, 21, 22, 23, 1]]
[[4, 12, 1, 3, 3]]
[[12, 13, 15, 16, 1], [12, 13, 5, 10, 1], [12, 13, 95, 100, 1], [104, 105, 106, 111, 3], [1, 1, 5, 10, 0]]
[[5, 7, 2, 3, 3], [5, 7, 8, 10, 3], [5, 7, 17, 20, 3], [14, 15, 17, 20, 1]]
[[51, 54, 55, 58, 49], [48, 49, 55, 58, 4]]
[[4, 5, 6, 7, 3]]
[[5, 7, 16, 17, 0], [12, 15, 16, 17, 0], [12, 15, 55, 57, 0], [12, 15, 70, 73, 0], [20, 24, 31, 32, 0], [34, 37, 31, 32, 3], [40, 42, 55, 57, 6], [64, 67, 70, 73, 3], [20, 37, 55, 57, 3]]
[[25, 29, 44, 53, 12], [1, 1, 6, 7, 0], [4, 5, 6, 7, 0], [18, 21, 44, 53, 0]]
[[1, 2, 3, 4, 3], [8, 11, 3, 4, 3], [8, 11, 12, 16, 3], [21, 22, 23, 27, 3], [37, 38, 34, 35, 0]]
[[3, 6, 10, 13, 0], [22, 23, 35, 38, 1], [31, 34, 35, 38, 0]]
[[84, 95, 99, 102, 0]]
[[1, 2, 117, 122, 0], [27, 28, 36, 38, 0], [27, 28, 117, 122, 0], [115, 116, 117, 122, 3], [115, 116, 124, 136, 3]]
[[8, 15, 1, 2, 0], [8, 15, 54, 55, 0], [8, 15, 28, 30, 0], [8, 15, 33, 34, 6], [26, 27, 28, 30, 3], [37, 44, 54, 55, 0], [37, 44, 33, 34, 6], [46, 52, 54, 55, 0]]
[[62, 63, 64, 67, 4], [112, 114, 115, 119, 0]]
[[1, 9, 13, 15, 0], [11, 12, 13, 15, 1], [17, 18, 13, 15, 3], [24, 25, 13, 15, 1], [24, 25, 26, 28, 1], [24, 25, 29, 31, 1], [34, 37, 38, 44, 3], [1, 12, 13, 15, 1], [1, 12, 26, 28, 1], [1, 12, 29, 31, 1]]
[[3, 6, 14, 15, 3], [9, 12, 14, 15, 3], [19, 20, 22, 28, 3]]
[[34, 35, 36, 42, 0], [56, 56, 66, 68, 49]]
[[1, 2, 3, 4, 3]]
[]
[[2, 3, 17, 19, 1], [2, 3, 66, 70, 0], [7, 16, 17, 19, 0], [39, 41, 57, 60, 49], [54, 55, 57, 60, 49], [62, 64, 66, 70, 3], [62, 64, 17, 19, 12], [33, 41, 57, 60, 0]]
[[3, 4, 5, 8, 1], [15, 17, 22, 24, 0], [18, 19, 22, 24, 12], [15, 21, 22, 24, 3]]
[[123, 130, 131, 132, 0], [216, 217, 218, 223, 0], [233, 234, 235, 236, 4], [109, 113, 114, 119, 0]]
[[1, 3, 4, 7, 1], [9, 10, 4, 7, 1], [9, 10, 11, 15, 1]]
[[7, 9, 10, 11, 0], [7, 9, 27, 27, 0], [13, 17, 18, 22, 0], [13, 17, 27, 27, 0], [24, 25, 27, 27, 4]]
[[1, 3, 7, 11, 0], [1, 3, 23, 25, 0], [28, 29, 30, 31, 4]]
[[22, 25, 29, 32, 0], [35, 36, 29, 32, 4]]
[[4, 7, 1, 2, 0], [4, 7, 10, 14, 0], [4, 7, 13, 14, 0]]
[[5, 6, 7, 8, 3], [11, 12, 13, 16, 1], [18, 19, 7, 8, 0], [18, 19, 13, 16, 0]]
[[1, 4, 5, 6, 0]]
[[1, 2, 3, 5, 1], [15, 16, 12, 13, 0]]
[[1, 5, 6, 12, 0], [1, 5, 11, 12, 0], [1, 5, 15, 19, 0]]
[[1, 5, 6, 10, 0]]
[[49, 51, 59, 61, 0], [56, 58, 59, 61, 0]]
[[1, 2, 20, 22, 0], [24, 28, 20, 22, 12], [24, 28, 29, 30, 12], [24, 25, 29, 30, 12]]
[[1, 2, 3, 5, 6], [1, 2, 20, 22, 6], [7, 18, 3, 5, 6], [7, 18, 20, 22, 0]]
[[1, 1, 3, 7, 49]]
[[29, 32, 27, 28, 3], [29, 32, 38, 41, 3], [34, 37, 38, 41, 3], [45, 46, 43, 44, 4], [45, 46, 47, 52, 4], [1, 8, 27, 28, 0], [1, 8, 43, 44, 0], [1, 8, 47, 52, 0], [43, 46, 47, 52, 4]]
[[3, 4, 6, 10, 0]]
[[12, 19, 60, 61, 0], [58, 59, 60, 61, 4], [75, 78, 60, 61, 0], [75, 78, 80, 87, 0]]
[[1, 2, 7, 9, 3], [4, 5, 7, 9, 1]]
[]
[[2, 3, 6, 7, 1], [11, 17, 22, 25, 0], [19, 21, 22, 25, 3]]
[[1, 3, 4, 11, 0], [1, 3, 9, 11, 0], [13, 16, 17, 18, 12], [13, 16, 22, 23, 12], [20, 21, 22, 23, 3], [13, 40, 33, 36, 0]]
[[1, 4, 5, 10, 0], [5, 7, 8, 10, 3], [14, 19, 20, 22, 0], [1, 7, 8, 10, 3], [1, 7, 20, 22, 3]]
[[4, 5, 11, 12, 1], [8, 9, 11, 12, 1]]
[[1, 1, 5, 9, 49], [3, 4, 5, 9, 49]]
[[1, 3, 6, 10, 0], [4, 5, 6, 10, 4], [55, 56, 6, 10, 49], [55, 56, 57, 61, 58], [1, 5, 6, 10, 0]]
[[50, 52, 57, 58, 0], [54, 55, 32, 58, 0], [50, 55, 57, 57, 58]]
[[1, 4, 7, 14, 3], [16, 23, 24, 25, 4], [1, 2, 7, 14, 3]]
[[21, 22, 31, 34, 49], [24, 25, 31, 34, 12], [28, 29, 31, 34, 4]]
[]
[[13, 14, 1, 4, 3], [21, 25, 26, 30, 0]]
[[16, 17, 1, 3, 0], [16, 17, 6, 7, 3], [9, 9, 1, 3, 3], [9, 9, 6, 7, 3]]
[[3, 6, 9, 10, 0]]
[[8, 9, 1, 2, 3], [11, 12, 1, 2, 3], [22, 23, 26, 28, 4], [40, 43, 1, 2, 1], [40, 43, 44, 49, 1], [42, 43, 44, 49, 1]]
[[5, 10, 31, 32, 0], [5, 18, 31, 32, 0], [5, 18, 34, 37, 0], [27, 30, 31, 32, 6]]
[[1, 6, 7, 9, 0], [1, 6, 42, 43, 0], [20, 24, 42, 43, 0], [40, 41, 42, 43, 1]]
[[4, 5, 6, 9, 12], [4, 5, 119, 122, 12], [92, 93, 96, 98, 3], [18, 33, 6, 9, 0], [18, 33, 119, 122, 0], [4, 33, 96, 98, 0], [92, 95, 96, 98, 3]]
[[3, 4, 15, 19, 49], [11, 12, 15, 19, 4]]
[[19, 20, 21, 22, 1], [27, 30, 31, 35, 0]]
[[1, 4, 11, 12, 6], [9, 10, 11, 12, 6], [1, 10, 11, 12, 6]]
[[8, 9, 10, 13, 3], [29, 32, 34, 37, 0], [6, 9, 10, 13, 3]]
[[1, 2, 5, 6, 4], [1, 2, 10, 11, 4], [8, 9, 5, 6, 4], [8, 9, 10, 11, 4]]
[[1, 11, 12, 17, 3]]
[[23, 27, 28, 29, 0], [23, 27, 34, 38, 0], [32, 33, 34, 38, 6]]
[[1, 2, 3, 9, 3], [11, 11, 13, 15, 3], [1, 11, 13, 15, 3]]
[[3, 43, 1, 2, 0], [96, 98, 1, 2, 49], [96, 98, 99, 103, 49], [106, 107, 1, 2, 3]]
[[1, 3, 6, 7, 0], [4, 5, 6, 7, 1], [1, 5, 6, 7, 1]]
[[1, 4, 7, 8, 0]]
[[3, 7, 8, 11, 0]]
[[3, 4, 5, 9, 4], [11, 12, 14, 16, 4]]
[[1, 5, 6, 10, 0], [1, 5, 9, 10, 0]]
[[1, 3, 4, 6, 12], [8, 12, 14, 19, 12], [22, 23, 26, 29, 6], [1, 12, 14, 19, 0]]
[[1, 2, 6, 7, 0], [1, 2, 6, 9, 0], [12, 13, 15, 17, 1]]
[[6, 14, 15, 17, 0], [19, 20, 15, 17, 49], [39, 40, 41, 50, 12]]
[[1, 5, 6, 11, 0], [1, 5, 9, 11, 0], [1, 5, 20, 22, 0], [1, 5, 28, 31, 0], [24, 27, 28, 31, 4], [18, 19, 20, 22, 3]]
[[1, 2, 3, 3, 6], [10, 11, 12, 13, 1]]
[[3, 4, 5, 14, 3], [3, 4, 21, 23, 3], [17, 18, 21, 23, 0], [25, 28, 29, 32, 3]]
[[18, 19, 21, 25, 4], [18, 19, 27, 32, 4], [4, 8, 21, 25, 49], [4, 8, 27, 32, 49]]
[[5, 8, 9, 12, 0], [5, 8, 13, 16, 0], [17, 20, 13, 16, 3]]
[[23, 26, 27, 30, 0], [23, 26, 16, 21, 0]]
[[1, 2, 5, 6, 6], [22, 23, 24, 25, 4], [7, 8, 5, 6, 6], [1, 8, 9, 25, 0], [1, 8, 29, 37, 0], [26, 28, 29, 37, 0]]
[[29, 31, 33, 37, 49], [41, 49, 33, 37, 49], [41, 49, 50, 51, 49]]
[[1, 6, 7, 11, 1]]
[[3, 4, 5, 9, 0], [3, 4, 7, 9, 0]]
[[9, 10, 13, 14, 0]]
[[40, 41, 46, 49, 0]]
[[1, 2, 8, 12, 0], [33, 34, 36, 38, 1], [64, 65, 67, 68, 4], [64, 65, 66, 68, 4], [4, 5, 8, 12, 3]]
[[3, 7, 18, 20, 12], [15, 16, 18, 20, 3], [3, 16, 18, 20, 3]]
[[8, 9, 10, 12, 0]]
[[6, 7, 8, 10, 0], [6, 7, 12, 15, 0], [5, 7, 8, 10, 0]]
[[1, 2, 3, 4, 0], [6, 7, 15, 16, 12]]
[[6, 6, 7, 8, 49], [6, 6, 20, 26, 0]]
[[3, 6, 12, 16, 0], [8, 11, 12, 16, 3], [18, 21, 12, 16, 3], [18, 21, 23, 26, 3], [8, 9, 12, 16, 3], [3, 11, 23, 26, 3]]
[[3, 4, 1, 2, 3]]
[[16, 18, 20, 22, 4], [23, 24, 25, 30, 3], [40, 41, 52, 54, 3], [1, 18, 20, 22, 0], [1, 18, 25, 30, 0], [23, 41, 20, 22, 3], [1, 41, 52, 54, 3], [45, 50, 52, 54, 0]]
[[38, 54, 55, 59, 0], [74, 80, 81, 87, 3], [93, 94, 70, 87, 0], [93, 94, 98, 99, 0], [50, 54, 55, 59, 12], [65, 68, 70, 87, 4]]
[[9, 10, 13, 14, 4]]
[[1, 1, 4, 7, 0]]
[[5, 8, 14, 19, 0], [10, 11, 14, 19, 3], [37, 38, 39, 42, 6], [37, 38, 44, 51, 6], [54, 57, 58, 62, 3], [54, 57, 60, 62, 3], [10, 13, 14, 19, 3]]
[[6, 9, 17, 19, 0], [12, 13, 17, 19, 0], [22, 27, 29, 32, 3], [12, 16, 17, 19, 0]]
[[1, 2, 7, 10, 3], [4, 5, 7, 10, 3], [13, 14, 16, 18, 4], [22, 23, 24, 30, 1]]
[[1, 10, 11, 17, 0], [1, 10, 13, 14, 0]]
[[1, 4, 5, 8, 49]]
[[1, 5, 7, 9, 3], [16, 20, 7, 9, 0], [21, 22, 28, 30, 1]]
[[1, 1, 6, 7, 3], [3, 4, 6, 7, 0]]
[[1, 4, 5, 10, 0], [1, 4, 11, 16, 0], [1, 4, 7, 10, 0]]
[[6, 7, 9, 32, 12], [16, 19, 26, 32, 49], [3, 25, 26, 32, 0]]
[[3, 4, 6, 26, 12], [3, 4, 6, 6, 12], [7, 8, 6, 6, 12]]
[[6, 10, 13, 14, 0], [8, 10, 6, 7, 0], [16, 16, 13, 14, 0]]
[[2, 6, 7, 10, 0]]
[[2, 3, 11, 14, 6], [9, 10, 11, 14, 3], [18, 19, 11, 14, 3]]
[[3, 6, 7, 9, 12]]
[[3, 4, 5, 7, 3], [15, 18, 19, 22, 0]]
[[7, 11, 30, 35, 0], [30, 31, 32, 35, 3], [25, 31, 32, 35, 3]]
[[1, 3, 4, 7, 12]]
[[1, 2, 3, 4, 3], [1, 2, 8, 11, 3]]
[[14, 15, 19, 21, 0], [14, 15, 23, 24, 0], [17, 17, 19, 21, 49], [17, 17, 23, 24, 49]]
[[23, 24, 25, 28, 6], [23, 24, 37, 41, 6], [35, 36, 37, 41, 4], [32, 36, 37, 41, 4]]
[[47, 51, 52, 60, 0], [55, 57, 59, 60, 4]]
[[53, 54, 55, 56, 6], [58, 61, 53, 56, 0], [58, 61, 62, 67, 0]]
[[13, 17, 18, 23, 0], [13, 17, 30, 33, 6], [26, 27, 28, 28, 6], [26, 27, 30, 33, 6], [10, 17, 18, 23, 0]]
[[16, 20, 21, 25, 4], [99, 102, 103, 106, 49]]
[[2, 4, 8, 15, 0], [6, 7, 8, 15, 0], [2, 7, 8, 15, 0]]
[[5, 8, 1, 3, 0], [5, 8, 9, 15, 0], [16, 19, 1, 3, 0], [16, 19, 9, 15, 0], [16, 19, 20, 23, 0]]
[[7, 8, 1, 3, 3], [7, 8, 13, 14, 0], [10, 12, 13, 14, 0], [1, 8, 13, 14, 0]]
[[3, 19, 1, 2, 0], [23, 26, 1, 2, 0]]
[[1, 2, 3, 4, 1], [1, 2, 12, 21, 1], [9, 11, 3, 4, 3], [9, 11, 12, 21, 3]]
[[14, 15, 17, 18, 1], [6, 10, 1, 5, 3]]
[[12, 22, 33, 37, 0], [24, 27, 33, 37, 3], [29, 32, 33, 37, 3]]
[[36, 40, 41, 44, 0], [36, 40, 141, 148, 0], [36, 40, 190, 194, 0], [138, 140, 41, 44, 3], [138, 140, 141, 148, 3], [158, 160, 41, 44, 0], [38, 40, 41, 44, 0], [138, 138, 141, 148, 3]]
[[7, 8, 9, 11, 0], [53, 54, 55, 56, 58], [75, 78, 55, 56, 4], [75, 78, 79, 86, 4]]
[[7, 10, 11, 13, 0], [7, 10, 36, 38, 0], [30, 34, 36, 38, 12]]
[[14, 15, 19, 22, 3]]
[[1, 5, 14, 20, 0], [1, 5, 14, 17, 0], [7, 10, 14, 17, 0], [7, 12, 14, 17, 0]]
[[30, 32, 39, 41, 49], [30, 32, 53, 64, 49], [44, 46, 53, 67, 49], [44, 46, 53, 64, 49], [8, 9, 15, 17, 0], [37, 38, 39, 41, 4], [48, 51, 53, 64, 0]]
[[56, 57, 69, 71, 0], [65, 66, 69, 71, 4]]
[[28, 29, 30, 33, 0]]
[[3, 4, 5, 7, 6], [3, 4, 13, 15, 6], [3, 4, 22, 24, 6], [8, 11, 13, 15, 3], [16, 18, 22, 24, 0], [20, 21, 22, 24, 4]]
[[3, 4, 5, 6, 0]]
[[28, 31, 32, 33, 0]]
[[41, 51, 55, 62, 0], [53, 54, 55, 62, 1], [64, 66, 68, 69, 4], [64, 66, 68, 70, 4], [41, 54, 55, 62, 1], [41, 54, 68, 70, 1]]
[[1, 2, 3, 4, 4], [1, 2, 11, 14, 4], [15, 16, 3, 4, 0], [15, 16, 11, 14, 0]]
[[1, 2, 6, 9, 12], [13, 14, 15, 18, 6], [13, 14, 15, 22, 6]]
[[23, 26, 31, 33, 0], [27, 28, 31, 33, 12]]
[[19, 23, 24, 27, 1], [30, 34, 37, 40, 3]]
[[4, 5, 1, 2, 0], [4, 5, 6, 7, 0], [9, 10, 1, 2, 3], [9, 10, 6, 7, 3]]
[[4, 5, 6, 11, 4], [21, 21, 22, 23, 0], [45, 49, 50, 55, 0], [45, 49, 50, 58, 0]]
[[1, 12, 59, 62, 0], [1, 12, 77, 80, 0], [74, 75, 59, 62, 1], [74, 75, 77, 80, 1]]
[[6, 7, 3, 4, 0], [6, 7, 9, 12, 0]]
[[1, 2, 3, 4, 3], [1, 2, 11, 12, 3], [1, 2, 17, 18, 3], [7, 8, 3, 4, 1], [7, 8, 11, 12, 1], [13, 14, 17, 18, 3]]
[[1, 2, 7, 11, 3], [4, 5, 7, 11, 3], [17, 18, 7, 11, 1], [17, 18, 19, 27, 1], [17, 18, 24, 27, 1]]
[[25, 26, 31, 32, 6], [28, 30, 31, 32, 4]]
[[8, 9, 1, 2, 0], [3, 9, 1, 2, 0]]
[[1, 5, 6, 9, 12]]
[[10, 11, 13, 14, 3], [18, 19, 20, 24, 3]]
[[1, 2, 5, 6, 3], [3, 4, 5, 6, 3], [7, 8, 5, 6, 3], [7, 8, 10, 11, 3], [7, 8, 12, 13, 3], [16, 17, 14, 15, 3], [16, 17, 19, 19, 3], [16, 17, 20, 23, 3], [1, 4, 5, 6, 3], [1, 4, 10, 11, 3], [1, 4, 12, 13, 3], [1, 17, 14, 15, 3]]
[[9, 12, 13, 17, 3]]
[[1, 3, 4, 5, 12], [1, 3, 21, 22, 12], [11, 12, 13, 15, 0], [17, 19, 4, 5, 3], [17, 19, 21, 22, 3]]
[[1, 11, 12, 26, 3], [1, 11, 12, 12, 0], [1, 11, 37, 37, 0], [20, 21, 22, 26, 3], [35, 36, 37, 37, 1]]
[[1, 5, 6, 8, 0], [10, 36, 44, 47, 0], [42, 43, 44, 47, 0]]
[[1, 9, 14, 20, 3], [11, 12, 14, 20, 3], [1, 12, 14, 20, 3]]
[[1, 14, 15, 19, 0], [21, 22, 23, 25, 4], [21, 22, 17, 19, 4]]
[[3, 5, 6, 8, 49]]
[[1, 4, 5, 8, 0], [10, 11, 12, 13, 1], [10, 11, 15, 16, 1]]
[[1, 4, 6, 9, 6], [1, 4, 12, 13, 6]]
[[1, 4, 10, 13, 0], [1, 4, 20, 27, 0], [15, 19, 20, 27, 12], [6, 9, 10, 13, 0]]
[[1, 2, 6, 9, 3], [4, 5, 6, 9, 6], [13, 14, 15, 20, 1]]
[[1, 3, 7, 8, 0], [1, 6, 7, 8, 49]]
[]
[[60, 61, 62, 65, 1], [3, 9, 17, 20, 0]]
[[10, 13, 17, 21, 0], [10, 13, 17, 18, 0], [10, 13, 29, 30, 0], [10, 13, 53, 57, 0], [10, 13, 71, 73, 6], [10, 13, 86, 87, 0], [24, 26, 27, 30, 12], [24, 26, 29, 30, 12], [47, 50, 17, 21, 0], [47, 50, 51, 57, 0], [47, 50, 53, 57, 0], [66, 69, 71, 73, 0], [66, 69, 62, 65, 0], [80, 85, 86, 87, 4]]
[[8, 9, 10, 12, 3]]
[[1, 2, 3, 6, 3]]
[[38, 39, 43, 48, 4], [41, 42, 43, 48, 4], [61, 73, 74, 83, 0], [168, 169, 172, 174, 1], [146, 151, 43, 48, 0], [69, 73, 74, 83, 0]]
[[3, 5, 6, 7, 1]]
[[7, 7, 9, 10, 12], [12, 15, 19, 23, 3], [28, 48, 49, 51, 0], [45, 48, 49, 51, 0]]
[[1, 4, 5, 6, 0], [1, 4, 38, 45, 0], [31, 32, 33, 36, 1], [31, 32, 38, 45, 1]]
[[25, 26, 27, 27, 12], [25, 26, 31, 32, 12], [28, 29, 31, 32, 3], [10, 15, 27, 27, 0], [10, 15, 31, 32, 0]]
[[1, 2, 5, 8, 0], [10, 13, 14, 17, 12], [25, 26, 29, 32, 3]]
[[5, 8, 1, 4, 0], [5, 8, 14, 19, 0], [12, 13, 1, 4, 4], [12, 13, 14, 19, 4], [25, 27, 1, 4, 0], [37, 39, 1, 4, 0], [10, 13, 14, 19, 4]]
[[1, 4, 11, 14, 3], [18, 19, 25, 26, 1]]
[[1, 3, 5, 6, 0], [1, 3, 8, 16, 0], [1, 3, 33, 39, 0], [20, 21, 22, 27, 4], [31, 32, 33, 39, 4], [43, 44, 45, 50, 1], [43, 44, 45, 78, 1]]
[[2, 4, 6, 7, 3], [9, 10, 6, 7, 0]]
[[2, 5, 6, 10, 3], [2, 5, 8, 10, 3], [15, 16, 6, 10, 3], [15, 16, 17, 22, 3], [23, 24, 25, 29, 4]]
[[7, 13, 30, 31, 0], [16, 27, 30, 31, 0], [16, 27, 32, 34, 0], [28, 29, 30, 31, 3], [28, 29, 32, 34, 3]]
[[4, 5, 1, 2, 0]]
[[1, 4, 5, 9, 0], [5, 7, 8, 9, 1], [1, 7, 8, 9, 1]]
[[1, 4, 5, 17, 1], [1, 4, 13, 17, 1], [8, 9, 13, 17, 1]]
[[12, 15, 1, 7, 0], [12, 15, 22, 28, 0]]
[[3, 4, 1, 2, 0]]
[[3, 4, 5, 6, 3]]
[[1, 8, 13, 15, 0], [1, 8, 31, 33, 0], [20, 21, 13, 15, 6], [23, 27, 13, 15, 6], [23, 27, 31, 33, 6], [29, 30, 13, 15, 12], [29, 30, 31, 33, 12]]
[[7, 10, 2, 6, 3], [7, 10, 17, 18, 3], [20, 24, 17, 18, 3]]
[[1, 2, 6, 8, 3], [1, 5, 6, 8, 3]]
[[1, 2, 3, 4, 3], [1, 2, 7, 11, 0], [1, 2, 14, 16, 0], [17, 19, 14, 16, 0]]
[[11, 12, 15, 19, 6], [11, 12, 17, 19, 6]]
[[1, 4, 5, 7, 0]]
[[18, 19, 22, 28, 3], [18, 19, 24, 28, 3], [10, 14, 24, 28, 0], [33, 36, 24, 28, 3]]
[[8, 11, 2, 3, 0]]
[[4, 5, 6, 10, 0], [1, 5, 6, 10, 0]]
[[20, 23, 37, 40, 3], [29, 32, 34, 40, 3]]
[[1, 2, 3, 8, 3], [1, 2, 11, 15, 3]]
[[7, 8, 9, 16, 3], [7, 8, 13, 16, 3], [52, 54, 56, 57, 0]]
[[21, 22, 18, 20, 3], [1, 11, 18, 20, 0], [14, 16, 18, 20, 3]]
[[6, 9, 10, 15, 0], [48, 48, 55, 59, 12], [53, 54, 55, 59, 3]]
[[6, 10, 17, 20, 0], [23, 23, 29, 33, 49], [25, 28, 29, 33, 4]]
[[1, 2, 3, 5, 4], [1, 2, 13, 15, 4], [11, 12, 3, 5, 0], [11, 12, 13, 15, 0]]
[[10, 11, 12, 16, 0], [10, 11, 36, 39, 0]]
[[8, 11, 12, 15, 0], [8, 11, 3, 4, 6], [6, 7, 3, 4, 6], [24, 26, 31, 36, 49], [28, 30, 31, 36, 0]]
[[9, 11, 12, 16, 3]]
[[7, 10, 3, 4, 0], [7, 10, 15, 17, 0], [12, 13, 15, 17, 3], [19, 20, 15, 17, 1], [19, 20, 22, 24, 1], [19, 20, 25, 27, 1], [7, 13, 15, 17, 3]]
[[1, 2, 3, 5, 12], [7, 9, 10, 12, 12], [7, 9, 10, 15, 12]]
[[4, 7, 1, 30, 0], [20, 22, 16, 19, 12], [20, 22, 27, 28, 12], [24, 25, 26, 28, 3]]
[[1, 4, 5, 8, 0], [11, 15, 17, 27, 0], [49, 50, 51, 63, 3]]
[[1, 3, 4, 5, 6], [7, 8, 4, 5, 6], [7, 8, 10, 11, 6], [13, 16, 10, 11, 3], [13, 16, 18, 19, 3], [22, 23, 18, 19, 0], [1, 16, 18, 19, 3]]
[[10, 11, 12, 15, 3], [29, 30, 33, 33, 6], [29, 30, 36, 42, 0], [44, 45, 46, 47, 3], [44, 45, 48, 51, 3], [44, 45, 46, 51, 3], [53, 54, 57, 60, 12], [1, 6, 12, 15, 0], [1, 6, 21, 23, 0], [1, 30, 36, 40, 0]]
[[21, 22, 25, 27, 3], [14, 22, 25, 27, 3], [14, 22, 28, 30, 3]]
[[13, 15, 16, 17, 0], [13, 15, 30, 34, 0], [19, 20, 25, 26, 4], [22, 23, 25, 26, 3], [27, 28, 30, 34, 3]]
[[26, 29, 30, 34, 0], [26, 29, 21, 25, 0]]
[[3, 4, 5, 7, 3], [14, 14, 5, 7, 49], [1, 4, 5, 7, 3], [1, 4, 8, 9, 3]]
[[9, 11, 5, 7, 6], [9, 11, 12, 13, 4], [19, 22, 5, 7, 0], [19, 22, 15, 18, 0], [19, 22, 12, 13, 0], [19, 22, 34, 35, 0], [19, 22, 37, 43, 0], [31, 33, 34, 35, 12], [31, 33, 37, 43, 12]]
[[1, 2, 8, 11, 3], [26, 27, 28, 29, 1]]
[[1, 2, 6, 8, 3], [4, 5, 6, 8, 3], [13, 20, 21, 22, 1], [19, 20, 21, 22, 1]]
[[4, 5, 6, 8, 3], [14, 15, 16, 19, 3]]
[[1, 2, 3, 4, 3], [1, 2, 8, 9, 3], [1, 2, 17, 18, 3], [5, 6, 3, 4, 1], [5, 6, 8, 9, 1]]
[[9, 13, 16, 20, 12]]
[[5, 6, 7, 8, 3], [5, 6, 12, 13, 3], [10, 11, 5, 8, 3], [10, 11, 12, 13, 3], [15, 16, 5, 8, 3], [15, 16, 24, 25, 0], [19, 22, 24, 25, 4]]
[[11, 12, 13, 18, 0]]
[[1, 2, 5, 8, 0], [63, 66, 5, 8, 0], [1, 4, 5, 8, 3]]
[[1, 2, 3, 8, 0]]
[[3, 4, 1, 2, 0], [3, 4, 6, 11, 0], [1, 4, 6, 11, 0]]
[]
[[6, 7, 4, 5, 3], [6, 7, 9, 12, 3]]
[[4, 5, 7, 8, 6], [4, 5, 36, 38, 6], [13, 14, 7, 8, 3], [13, 14, 15, 17, 3], [13, 14, 15, 27, 3], [36, 38, 40, 43, 6], [45, 46, 48, 53, 6]]
[[1, 4, 6, 8, 3], [1, 4, 13, 15, 3], [9, 12, 6, 8, 3], [9, 12, 13, 15, 3]]
[[1, 6, 7, 9, 0], [12, 15, 16, 17, 12], [21, 25, 27, 29, 0]]
[[1, 5, 6, 10, 1]]
[[1, 22, 37, 39, 0], [26, 29, 37, 39, 0], [30, 31, 37, 39, 3], [33, 35, 37, 39, 3], [44, 52, 53, 57, 0]]
[[1, 3, 4, 6, 12], [1, 3, 12, 14, 12]]
[[14, 15, 16, 17, 4], [14, 15, 19, 21, 4], [1, 22, 9, 12, 49], [22, 22, 19, 21, 49]]
[[3, 4, 5, 12, 3], [3, 4, 8, 12, 3], [25, 27, 28, 34, 0], [25, 29, 31, 34, 0]]
[[1, 2, 3, 12, 3], [15, 17, 10, 12, 0], [15, 17, 18, 26, 3], [27, 28, 25, 26, 3]]
[[5, 8, 15, 19, 3], [13, 14, 15, 19, 3]]
[[1, 3, 4, 9, 0]]
[[15, 16, 21, 22, 3], [15, 16, 24, 27, 3], [18, 19, 21, 22, 3], [18, 19, 24, 27, 3]]
[[1, 5, 21, 25, 0], [14, 19, 21, 25, 0]]
[[5, 7, 8, 10, 0], [5, 7, 9, 10, 0], [1, 3, 9, 10, 0]]
[[44, 48, 49, 51, 3]]
[[1, 2, 7, 11, 3], [1, 2, 9, 11, 3], [13, 18, 23, 30, 0], [13, 18, 25, 30, 6], [21, 22, 25, 30, 58]]
[[2, 8, 11, 16, 0]]
[[4, 6, 7, 9, 3]]
[[86, 90, 82, 84, 0], [151, 152, 82, 84, 4], [151, 152, 155, 157, 4]]
[[24, 25, 26, 28, 12], [1, 8, 16, 19, 3], [9, 14, 16, 19, 0]]
[[1, 4, 5, 6, 0], [1, 4, 16, 48, 0], [27, 38, 5, 6, 0]]
[[1, 2, 5, 8, 0]]
[[1, 5, 6, 12, 0], [1, 5, 11, 12, 0]]
[[1, 5, 7, 10, 6], [1, 5, 9, 10, 6], [1, 5, 30, 31, 0], [1, 5, 37, 40, 0], [28, 29, 30, 31, 4], [28, 29, 37, 40, 4], [33, 36, 37, 40, 0]]
[[2, 5, 6, 13, 3], [2, 5, 23, 29, 3], [18, 19, 23, 27, 3], [18, 19, 23, 29, 3]]
[[3, 4, 5, 9, 0], [21, 22, 24, 26, 3], [12, 13, 5, 9, 3], [12, 13, 24, 26, 3], [12, 13, 28, 35, 3], [19, 22, 24, 26, 3], [19, 22, 28, 35, 3]]
[[3, 4, 13, 17, 0], [5, 6, 13, 17, 3], [8, 9, 13, 17, 1]]
[[12, 13, 17, 18, 12], [14, 15, 17, 18, 3], [12, 15, 17, 18, 12]]
[[10, 13, 33, 36, 12], [30, 32, 33, 34, 12], [30, 32, 33, 36, 12]]
[[1, 2, 5, 8, 3], [1, 2, 5, 6, 3], [1, 2, 7, 8, 3], [10, 15, 16, 17, 0], [1, 4, 16, 17, 3]]
[]
[[1, 3, 4, 8, 3], [1, 3, 10, 11, 3], [5, 6, 10, 11, 3]]
[[1, 2, 3, 4, 0], [1, 2, 7, 9, 0]]
[[54, 58, 59, 64, 0]]
[[5, 8, 2, 3, 3], [5, 8, 15, 16, 3], [11, 13, 15, 16, 3]]
[[1, 3, 4, 9, 0], [1, 3, 7, 9, 0], [11, 11, 13, 14, 49], [4, 6, 7, 9, 0]]
[[22, 55, 56, 58, 0], [22, 55, 119, 123, 0], [113, 117, 119, 123, 0], [54, 55, 56, 58, 0]]
[[4, 7, 9, 11, 0], [4, 7, 21, 24, 0]]
[[1, 2, 5, 6, 0], [1, 4, 5, 6, 3], [1, 4, 10, 12, 3], [1, 4, 15, 19, 3], [13, 14, 15, 19, 6]]
[[8, 11, 13, 14, 6], [8, 11, 15, 16, 0], [8, 11, 17, 18, 0], [8, 11, 21, 22, 0], [8, 11, 56, 56, 0], [8, 11, 58, 60, 0], [19, 20, 13, 16, 6], [19, 20, 21, 22, 0], [19, 20, 17, 18, 6], [19, 20, 58, 60, 0], [49, 52, 13, 16, 0], [49, 52, 53, 54, 0], [49, 52, 21, 22, 0], [49, 52, 56, 56, 0], [49, 52, 58, 60, 0], [13, 14, 15, 16, 6], [13, 14, 17, 18, 6]]
[[1, 2, 3, 4, 3], [1, 2, 8, 9, 3], [6, 7, 8, 9, 1], [11, 12, 13, 16, 6], [11, 12, 18, 19, 6], [11, 12, 13, 19, 6]]
[[22, 23, 24, 25, 3], [27, 28, 24, 25, 4]]
[[1, 3, 4, 6, 0]]
[[1, 3, 4, 4, 0], [8, 8, 9, 11, 49], [13, 16, 20, 22, 12], [30, 31, 35, 37, 3], [30, 31, 20, 22, 3], [33, 34, 35, 37, 3], [13, 19, 20, 22, 12]]
[[7, 9, 13, 14, 3], [7, 9, 15, 16, 3]]
[[1, 7, 17, 19, 0], [11, 13, 17, 19, 3], [1, 13, 17, 19, 3]]
[[1, 2, 3, 3, 3], [9, 10, 3, 3, 1], [9, 10, 11, 14, 1]]
[[7, 9, 1, 2, 0], [7, 9, 10, 12, 0]]
[[5, 8, 14, 16, 0], [5, 8, 27, 29, 0], [10, 11, 14, 16, 4], [19, 20, 22, 22, 12], [24, 25, 27, 29, 1]]
[[1, 3, 4, 14, 1], [7, 8, 10, 14, 1], [26, 27, 30, 32, 0], [26, 27, 38, 41, 0], [33, 37, 38, 41, 0]]
[[1, 2, 8, 9, 3], [5, 6, 8, 9, 3]]
[[3, 11, 25, 28, 1]]
[[10, 15, 16, 18, 0], [31, 32, 34, 36, 12]]
[[1, 4, 5, 7, 0], [1, 4, 9, 11, 0], [1, 4, 39, 41, 0], [36, 37, 5, 7, 1], [36, 37, 39, 41, 1]]
[[1, 4, 5, 9, 0], [1, 4, 10, 11, 0]]
[[1, 2, 3, 4, 3], [1, 2, 15, 17, 3], [6, 7, 3, 4, 0], [13, 14, 15, 17, 1]]
[[16, 17, 18, 20, 4], [16, 17, 12, 14, 4], [16, 17, 18, 18, 4], [16, 17, 33, 36, 4], [31, 32, 33, 36, 1]]
[[1, 2, 3, 6, 3], [1, 2, 11, 15, 3], [1, 2, 20, 22, 3], [1, 2, 24, 28, 3], [8, 9, 11, 15, 1]]
[[7, 9, 10, 12, 12], [7, 9, 14, 16, 12]]
[[3, 4, 5, 8, 58], [10, 12, 14, 17, 49], [10, 12, 13, 17, 49]]
[[9, 13, 30, 33, 0], [23, 26, 30, 33, 0], [9, 31, 32, 33, 0]]
[[1, 4, 6, 14, 0], [1, 4, 59, 65, 0], [19, 23, 24, 27, 3]]
[[5, 6, 1, 4, 3], [5, 6, 8, 8, 3], [10, 11, 13, 13, 4], [23, 26, 27, 30, 3]]
[[3, 4, 5, 5, 4], [3, 4, 14, 21, 3]]
[[11, 18, 21, 25, 0], [11, 18, 23, 25, 0]]
[[6, 7, 8, 10, 0], [14, 15, 16, 17, 4], [22, 26, 27, 28, 0]]
[[5, 8, 10, 15, 0], [5, 8, 10, 12, 0], [5, 8, 20, 25, 0], [5, 8, 38, 44, 0], [5, 8, 92, 93, 0], [17, 19, 24, 25, 49], [17, 19, 38, 44, 49], [17, 19, 20, 25, 49], [32, 35, 24, 25, 49], [32, 35, 38, 44, 49], [46, 48, 49, 55, 0]]
[[1, 5, 15, 17, 0], [24, 25, 53, 54, 4]]
[[17, 22, 23, 37, 49]]
[[1, 2, 3, 5, 0], [1, 2, 8, 9, 6]]
[[7, 12, 14, 15, 3]]
[[6, 7, 1, 4, 3], [6, 7, 12, 18, 3], [8, 11, 1, 4, 3], [8, 11, 12, 18, 3]]
[[1, 5, 34, 35, 0], [32, 33, 34, 35, 1]]
[[5, 8, 1, 3, 0], [5, 8, 10, 11, 0]]
[[1, 8, 21, 43, 6], [13, 18, 21, 24, 6], [13, 18, 38, 43, 0], [19, 20, 21, 24, 6], [13, 20, 21, 22, 6]]
[]
[[1, 2, 3, 5, 3], [1, 2, 9, 11, 3], [7, 8, 9, 11, 6], [14, 15, 18, 20, 3], [14, 17, 18, 20, 3]]
[[1, 2, 3, 4, 0], [9, 10, 11, 13, 4], [17, 18, 3, 4, 1], [17, 18, 19, 22, 1], [1, 10, 19, 22, 4]]
[[1, 2, 3, 4, 12], [12, 15, 3, 10, 6], [12, 15, 16, 17, 6], [30, 33, 34, 35, 6], [30, 33, 42, 44, 6], [71, 72, 16, 17, 6], [71, 72, 85, 86, 6]]
[[4, 5, 6, 7, 12], [4, 5, 12, 14, 12]]
[[1, 5, 6, 11, 3], [1, 5, 8, 11, 3]]
[[5, 6, 26, 30, 0], [24, 25, 26, 28, 1], [24, 25, 29, 30, 1], [31, 34, 26, 30, 3], [35, 41, 26, 30, 0], [45, 53, 54, 56, 0]]
[[3, 3, 6, 9, 0], [28, 30, 33, 40, 0], [44, 47, 6, 9, 0]]
[[6, 8, 9, 11, 3], [6, 8, 14, 20, 3], [22, 25, 28, 30, 0], [26, 27, 28, 30, 3], [22, 27, 28, 30, 3]]
[[35, 36, 37, 40, 3], [27, 28, 29, 67, 3]]
[[15, 16, 18, 21, 3], [15, 16, 24, 26, 3]]
[[5, 12, 14, 16, 3], [5, 12, 22, 27, 3], [19, 20, 22, 27, 1]]
[[61, 64, 69, 72, 3], [98, 102, 103, 105, 0], [4, 21, 69, 72, 0], [4, 21, 103, 105, 0]]
[[1, 3, 5, 6, 12], [1, 3, 9, 12, 12]]
[[28, 29, 35, 38, 4], [28, 31, 33, 38, 4]]
[[6, 9, 54, 56, 0], [6, 9, 17, 25, 0], [51, 53, 54, 56, 3], [13, 16, 17, 25, 6]]
[[1, 2, 3, 4, 3], [1, 2, 10, 13, 3], [8, 9, 10, 13, 6]]
[[4, 5, 1, 2, 0], [4, 5, 7, 10, 0]]
[[9, 14, 15, 16, 49], [42, 43, 45, 52, 4], [42, 43, 54, 58, 4]]
[[15, 16, 22, 24, 1]]
[[8, 9, 10, 14, 0], [8, 9, 6, 7, 6], [18, 20, 21, 25, 0], [6, 9, 10, 14, 0], [6, 9, 21, 25, 0], [6, 9, 31, 34, 0], [27, 30, 31, 34, 3]]
[[1, 3, 5, 9, 0], [20, 22, 5, 9, 0]]
[[1, 8, 9, 16, 6], [1, 8, 9, 11, 6], [1, 8, 13, 16, 0]]
[[3, 4, 5, 7, 3], [23, 28, 30, 32, 3]]
[[4, 5, 8, 11, 0]]
[]
[[13, 14, 11, 12, 4], [13, 14, 231, 232, 4], [224, 229, 231, 232, 1], [195, 197, 199, 200, 49], [224, 227, 231, 232, 1]]
[[6, 7, 8, 12, 3], [3, 7, 8, 12, 3]]
[[1, 3, 4, 7, 1], [1, 3, 12, 17, 1], [9, 10, 4, 7, 0], [9, 10, 12, 17, 0]]
[[1, 2, 3, 3, 6], [1, 2, 6, 6, 6], [7, 10, 6, 6, 4]]
[[2, 7, 1, 1, 0], [2, 7, 14, 14, 0], [2, 7, 22, 24, 0], [9, 10, 14, 14, 3], [11, 12, 14, 14, 6], [16, 17, 22, 24, 12], [19, 21, 22, 24, 12]]
[[1, 2, 5, 7, 3], [3, 4, 5, 7, 3], [1, 4, 10, 10, 3]]
[[8, 9, 10, 13, 3], [15, 17, 10, 13, 0], [19, 20, 21, 21, 4], [43, 44, 45, 46, 1], [43, 44, 38, 39, 1]]
[[3, 8, 9, 11, 0], [17, 20, 9, 11, 0], [17, 20, 24, 28, 0], [7, 8, 9, 11, 0], [17, 22, 24, 28, 3], [17, 46, 47, 52, 3], [59, 63, 64, 64, 3]]
[[38, 39, 40, 44, 1], [85, 87, 88, 99, 49], [85, 87, 102, 108, 49], [85, 87, 88, 108, 49]]
[[3, 4, 7, 8, 1], [3, 4, 15, 21, 1], [10, 11, 7, 8, 0]]
[[16, 18, 13, 14, 0], [22, 23, 24, 25, 3], [48, 52, 53, 57, 12]]
[[1, 4, 5, 7, 3], [1, 4, 17, 21, 3]]
[[4, 5, 6, 10, 3], [12, 13, 6, 10, 3], [12, 13, 24, 25, 3], [33, 35, 36, 45, 12], [1, 5, 6, 10, 3]]
[[9, 12, 6, 8, 0], [9, 12, 18, 19, 0], [14, 17, 18, 19, 0]]
[[12, 22, 30, 31, 0], [12, 22, 48, 53, 0], [28, 29, 30, 31, 1], [77, 81, 83, 84, 49], [25, 29, 30, 31, 1], [33, 40, 48, 53, 0]]
[[5, 6, 1, 3, 3], [5, 6, 7, 11, 3]]
[[1, 2, 3, 4, 6], [6, 7, 1, 4, 4], [6, 7, 9, 10, 4], [15, 16, 17, 18, 1], [15, 16, 17, 19, 1]]
[[19, 21, 27, 30, 0]]
[[1, 2, 3, 14, 49], [10, 11, 14, 14, 4]]
[[1, 3, 7, 9, 12], [5, 6, 7, 9, 3], [10, 11, 7, 9, 4], [10, 11, 12, 17, 4], [1, 6, 7, 9, 3], [1, 6, 12, 17, 3]]
[[1, 3, 4, 8, 0]]
[[1, 5, 6, 13, 0], [1, 5, 12, 13, 0], [1, 5, 14, 16, 0], [1, 5, 61, 62, 0], [55, 57, 12, 13, 1], [55, 57, 61, 62, 0]]
[[1, 4, 7, 11, 0], [5, 6, 7, 11, 4], [15, 16, 18, 21, 6], [1, 6, 7, 11, 4]]
[[7, 8, 1, 4, 3], [7, 8, 9, 15, 3], [17, 18, 19, 24, 1]]
[[18, 20, 21, 27, 0]]
[[1, 2, 5, 8, 3], [10, 11, 5, 8, 1], [10, 11, 12, 15, 1]]
[[1, 4, 5, 9, 0], [1, 4, 12, 15, 0]]
[[1, 2, 3, 4, 6], [29, 29, 30, 31, 0], [29, 29, 34, 38, 0], [33, 33, 30, 31, 0], [33, 33, 34, 38, 0]]
[[16, 17, 10, 14, 3]]
[[1, 4, 7, 10, 0], [5, 6, 7, 10, 3], [13, 14, 15, 18, 1], [1, 6, 7, 10, 3]]
[[1, 5, 11, 14, 0], [9, 10, 11, 14, 0], [16, 19, 11, 14, 0], [16, 19, 21, 29, 0], [1, 10, 11, 14, 0]]
[[3, 5, 8, 10, 3]]
[[2, 6, 1, 1, 0], [2, 6, 23, 27, 0]]
[[12, 16, 21, 23, 12], [19, 20, 21, 23, 3], [12, 20, 21, 23, 3], [44, 46, 47, 50, 3]]
[[6, 13, 14, 17, 0], [29, 30, 31, 38, 3], [29, 30, 24, 28, 3], [10, 13, 14, 17, 12], [18, 19, 24, 28, 3]]
[[1, 2, 3, 4, 3], [1, 2, 10, 11, 3], [8, 9, 10, 11, 3], [23, 24, 10, 11, 3], [23, 24, 25, 26, 3], [23, 24, 25, 27, 3]]
[[3, 10, 11, 16, 0], [3, 8, 11, 16, 0]]
[[1, 3, 4, 9, 4]]
[[25, 28, 31, 32, 0], [29, 30, 31, 32, 3], [25, 30, 31, 32, 3]]
[[1, 8, 11, 13, 0], [1, 8, 29, 57, 0], [14, 18, 11, 13, 4], [27, 28, 29, 57, 0]]
[[1, 2, 3, 5, 0], [12, 13, 15, 17, 3], [23, 24, 26, 28, 4], [7, 13, 15, 17, 3]]
[[37, 40, 42, 44, 0], [37, 40, 47, 47, 6], [45, 46, 42, 44, 6], [45, 46, 47, 47, 6]]
[[1, 2, 3, 4, 0], [1, 2, 14, 14, 0]]
[[5, 6, 7, 8, 3], [11, 12, 13, 15, 1], [55, 55, 46, 53, 49]]
[[1, 2, 3, 7, 3], [1, 2, 5, 7, 3], [1, 2, 8, 9, 3], [11, 15, 5, 7, 3], [11, 15, 8, 9, 3]]
[[6, 7, 9, 10, 0], [12, 13, 9, 10, 3]]
[[5, 11, 23, 28, 0], [22, 22, 23, 28, 0], [5, 17, 23, 28, 0]]
[[14, 15, 16, 18, 1], [14, 15, 29, 30, 1], [23, 26, 16, 18, 1], [23, 26, 29, 30, 1]]
[[13, 14, 1, 5, 0]]
[[6, 11, 12, 14, 0]]
[[1, 3, 4, 5, 49], [13, 16, 19, 25, 49], [13, 16, 17, 25, 49]]
[[17, 18, 22, 25, 1]]
[[42, 43, 51, 56, 4], [45, 48, 51, 56, 3], [61, 62, 63, 65, 1]]
[[1, 12, 16, 21, 3], [14, 15, 19, 21, 3], [1, 15, 19, 21, 3]]
[[1, 5, 8, 13, 0], [6, 7, 8, 13, 49], [15, 18, 20, 21, 4], [1, 7, 8, 13, 0], [1, 7, 20, 21, 49]]
[[1, 7, 11, 12, 0], [9, 10, 11, 12, 3], [14, 15, 17, 21, 1], [23, 24, 25, 31, 4], [1, 10, 11, 12, 3], [1, 10, 17, 21, 3], [1, 10, 50, 55, 3]]
[[1, 3, 6, 10, 3], [4, 5, 6, 10, 3], [1, 5, 6, 10, 3]]
[[1, 4, 5, 7, 0]]
[[3, 11, 12, 14, 0], [17, 19, 12, 14, 0], [17, 19, 20, 23, 0], [17, 19, 27, 29, 0], [25, 26, 27, 29, 3]]
[[3, 4, 5, 8, 0], [10, 11, 14, 15, 1], [19, 20, 21, 23, 0], [17, 20, 21, 23, 0]]
[[1, 2, 3, 6, 3], [12, 16, 3, 6, 3], [12, 16, 7, 10, 3], [19, 34, 3, 6, 3]]
[[1, 2, 3, 6, 3], [11, 16, 18, 24, 0]]
[[19, 21, 25, 28, 3], [31, 36, 38, 38, 0], [41, 42, 46, 48, 1]]
[[1, 2, 5, 7, 12], [9, 10, 11, 15, 12], [9, 10, 14, 15, 12], [27, 30, 34, 37, 0], [27, 30, 31, 37, 0], [1, 4, 5, 7, 3]]
[[2, 4, 5, 11, 0], [2, 4, 16, 17, 0], [15, 15, 16, 17, 3], [22, 24, 16, 17, 3]]
[[1, 2, 3, 4, 3], [1, 2, 9, 15, 3], [7, 8, 9, 15, 1]]
[[1, 2, 3, 4, 3], [9, 14, 3, 4, 3], [9, 14, 16, 18, 3]]
[[1, 3, 6, 10, 3]]
[[16, 25, 40, 46, 0], [34, 35, 40, 46, 3], [37, 38, 40, 46, 4]]
[[6, 8, 13, 15, 0], [10, 11, 13, 15, 0], [10, 11, 19, 25, 0]]
[[8, 8, 5, 7, 0], [10, 12, 5, 7, 0], [10, 12, 25, 26, 3], [1, 8, 5, 7, 0]]
[[1, 4, 7, 11, 0], [1, 4, 15, 19, 0], [1, 4, 25, 27, 0], [23, 24, 25, 27, 0]]
[[3, 4, 5, 7, 0]]
[[8, 10, 13, 15, 0], [11, 12, 13, 15, 4], [49, 50, 13, 15, 4], [8, 12, 13, 15, 4]]
[[5, 7, 9, 12, 3]]
[[3, 8, 9, 11, 3], [3, 8, 18, 19, 0], [3, 8, 67, 73, 3], [15, 16, 18, 19, 1], [35, 38, 40, 45, 0], [64, 65, 9, 11, 12], [64, 65, 67, 73, 12]]
[[106, 107, 108, 109, 3], [1, 19, 108, 109, 0]]
[[1, 2, 3, 4, 3], [1, 2, 10, 12, 3], [5, 6, 1, 4, 3], [5, 6, 7, 12, 3], [16, 20, 21, 26, 12], [34, 39, 40, 42, 0]]
[[4, 8, 1, 15, 3], [10, 11, 13, 15, 3]]
[[1, 2, 3, 4, 0], [6, 7, 3, 4, 3], [6, 7, 8, 10, 0]]
[[1, 2, 3, 5, 3], [1, 2, 11, 14, 3], [7, 8, 3, 5, 1], [7, 8, 11, 14, 1]]
[[4, 7, 1, 2, 0], [4, 7, 8, 13, 0]]
[[1, 5, 8, 10, 3], [12, 13, 14, 18, 3], [1, 7, 8, 10, 3], [20, 25, 26, 32, 3]]
[[1, 7, 8, 11, 12], [15, 18, 19, 30, 0], [37, 38, 39, 40, 6], [37, 38, 47, 50, 6], [42, 43, 44, 45, 3], [42, 43, 47, 50, 3], [52, 53, 54, 55, 4]]
[[1, 4, 5, 8, 3], [1, 4, 18, 23, 3], [1, 4, 27, 34, 3], [15, 16, 5, 8, 3], [15, 16, 18, 23, 3]]
[[25, 26, 32, 34, 3], [25, 26, 41, 43, 3], [27, 28, 32, 34, 3], [29, 30, 32, 34, 4]]
[[3, 4, 5, 7, 3], [3, 4, 18, 20, 3]]
[[3, 14, 31, 33, 0], [26, 29, 31, 33, 1]]
[[1, 2, 3, 5, 3], [1, 2, 7, 8, 3]]
[[4, 5, 13, 15, 0], [4, 5, 33, 34, 0], [19, 21, 24, 27, 4], [19, 21, 13, 15, 4], [19, 21, 33, 34, 4], [19, 21, 58, 61, 4], [28, 30, 24, 27, 4], [28, 30, 33, 34, 4], [28, 30, 13, 15, 4], [51, 51, 58, 61, 49]]
[[5, 11, 12, 16, 3], [1, 3, 20, 22, 6]]
[[1, 2, 3, 6, 3], [1, 2, 3, 4, 3], [1, 2, 5, 6, 3], [1, 2, 15, 19, 3], [1, 2, 22, 25, 3], [1, 2, 27, 29, 3], [10, 14, 3, 6, 3], [10, 14, 15, 19, 0]]
[[1, 6, 7, 9, 49], [11, 12, 14, 14, 3]]
[[15, 16, 18, 21, 3], [23, 24, 25, 26, 58], [23, 24, 32, 33, 58], [23, 24, 37, 38, 58], [34, 35, 37, 38, 0], [2, 3, 4, 7, 3]]
[[3, 4, 5, 11, 3]]
[[1, 2, 5, 7, 0], [9, 10, 12, 14, 1], [1, 4, 5, 7, 0]]
[[16, 20, 21, 22, 49], [49, 53, 58, 60, 12], [69, 71, 73, 74, 4], [3, 8, 1, 2, 6], [1, 8, 3, 4, 0], [16, 22, 25, 31, 0]]
[[35, 36, 37, 38, 1], [15, 23, 25, 27, 3]]
[[15, 16, 17, 18, 6], [15, 16, 22, 22, 6], [20, 21, 22, 22, 6], [24, 25, 35, 37, 12], [29, 30, 31, 31, 3], [8, 13, 17, 18, 0], [8, 13, 22, 22, 6], [8, 13, 37, 37, 0], [24, 30, 31, 31, 3], [33, 36, 37, 37, 12]]
[[1, 2, 4, 7, 3], [11, 12, 4, 7, 0]]
[[1, 4, 5, 8, 3], [1, 4, 27, 36, 3], [10, 26, 5, 8, 3]]
[[3, 4, 5, 9, 1], [3, 4, 5, 10, 1]]
[[3, 5, 12, 16, 0], [3, 11, 12, 16, 0]]
[[1, 3, 4, 7, 49], [1, 3, 4, 12, 0]]
[]
[[1, 7, 8, 29, 0], [1, 7, 28, 29, 0], [17, 18, 28, 29, 0]]
[[1, 2, 3, 4, 3], [1, 2, 9, 10, 3], [6, 7, 3, 4, 1], [6, 7, 9, 10, 1]]
[[1, 2, 3, 4, 3], [1, 2, 6, 7, 3], [8, 9, 3, 4, 3], [8, 9, 6, 7, 3], [19, 20, 21, 23, 3], [17, 20, 21, 23, 3]]
[[7, 11, 15, 16, 0], [12, 14, 15, 16, 1]]
[[13, 14, 15, 18, 4], [24, 25, 28, 30, 1]]
[[2, 5, 6, 9, 3], [2, 5, 6, 7, 3], [11, 13, 14, 18, 1], [11, 13, 14, 22, 1]]
[[1, 7, 12, 13, 0], [1, 7, 15, 16, 0], [9, 10, 12, 13, 1], [9, 10, 15, 16, 1]]
[[3, 8, 9, 16, 0], [12, 13, 14, 16, 4], [30, 32, 33, 34, 3]]
[[3, 4, 8, 11, 6], [3, 4, 21, 22, 6], [19, 20, 21, 22, 4]]
[[9, 10, 11, 15, 49], [17, 18, 21, 24, 58]]
[[5, 8, 1, 34, 0], [5, 8, 15, 17, 0], [10, 12, 15, 17, 12], [19, 24, 32, 34, 3], [26, 29, 30, 34, 3], [26, 27, 32, 34, 4]]
[[21, 22, 23, 26, 12], [21, 22, 28, 33, 12]]
[[1, 5, 6, 8, 0]]
[[1, 2, 3, 5, 0], [1, 2, 10, 14, 0], [1, 2, 10, 11, 0]]
[[1, 5, 7, 11, 0], [1, 5, 9, 11, 0], [1, 5, 14, 16, 0], [1, 5, 18, 26, 0]]
[[1, 2, 12, 14, 1], [4, 5, 12, 14, 3], [8, 9, 12, 14, 1]]
[[1, 4, 14, 19, 0]]
[[13, 14, 1, 2, 0], [13, 14, 4, 5, 0]]
[[36, 39, 34, 35, 3], [36, 39, 45, 46, 3], [41, 44, 45, 46, 3], [50, 51, 48, 49, 4], [50, 51, 52, 59, 4], [1, 11, 34, 35, 0], [1, 11, 45, 46, 0], [1, 11, 48, 49, 0], [1, 11, 52, 59, 0], [48, 51, 52, 59, 4]]
[]
[[8, 9, 1, 6, 0], [8, 9, 11, 16, 0]]
[[90, 91, 93, 100, 1], [66, 67, 68, 71, 0]]
[[6, 10, 11, 14, 0], [17, 19, 20, 22, 4], [17, 19, 29, 30, 4], [17, 19, 32, 36, 4]]
[[4, 5, 3, 8, 3], [9, 10, 3, 5, 3], [9, 10, 7, 8, 3], [9, 10, 3, 8, 3], [58, 61, 3, 8, 0], [58, 61, 62, 73, 0]]
[[1, 10, 17, 19, 12]]
[[15, 17, 18, 21, 12], [22, 22, 18, 21, 12], [3, 4, 5, 10, 3], [45, 46, 42, 44, 0], [45, 46, 47, 55, 0]]
[[1, 1, 6, 8, 0], [12, 13, 15, 20, 1], [12, 13, 10, 10, 1]]
[[1, 4, 7, 18, 0], [1, 4, 38, 39, 0], [1, 4, 44, 45, 0], [34, 37, 38, 39, 3], [40, 41, 42, 45, 1], [40, 41, 38, 39, 1], [40, 41, 44, 45, 1], [27, 28, 38, 39, 3], [31, 32, 38, 39, 3]]
[[4, 5, 6, 12, 3], [16, 17, 19, 24, 1], [16, 17, 21, 24, 1]]
[[1, 2, 3, 6, 4], [1, 2, 5, 6, 4]]
[[4, 7, 8, 10, 0], [18, 22, 23, 25, 0], [26, 27, 23, 25, 0], [26, 27, 36, 39, 0], [34, 35, 36, 39, 58]]
[]
[[1, 14, 17, 19, 0], [1, 14, 22, 23, 6], [1, 14, 31, 37, 0], [1, 14, 50, 52, 0], [1, 14, 63, 66, 6], [1, 14, 67, 69, 0], [26, 29, 17, 23, 6], [26, 29, 31, 37, 0], [26, 29, 50, 52, 0], [48, 49, 17, 23, 3], [48, 49, 50, 52, 3], [60, 61, 63, 66, 6], [60, 61, 22, 23, 6], [60, 61, 31, 37, 6], [60, 61, 67, 69, 6]]
[[3, 4, 5, 6, 3]]
[[1, 9, 11, 13, 3]]
[[1, 2, 5, 6, 12], [1, 4, 5, 6, 3], [1, 4, 11, 12, 3]]
[[3, 6, 16, 19, 3], [11, 14, 16, 19, 6], [22, 23, 16, 19, 1]]
[[20, 21, 17, 19, 0], [20, 21, 6, 19, 0]]
[[1, 5, 10, 11, 0], [6, 7, 10, 11, 3], [1, 9, 10, 11, 3]]
[[3, 4, 7, 10, 0], [11, 12, 7, 10, 0]]
[[6, 7, 8, 13, 1], [21, 25, 26, 27, 1], [29, 33, 35, 36, 3]]
[[1, 2, 3, 5, 12], [7, 8, 12, 14, 0], [7, 10, 12, 14, 3]]
[[1, 4, 5, 6, 49], [1, 4, 83, 85, 49]]
[[7, 8, 9, 12, 3]]
[[1, 6, 7, 8, 3], [13, 14, 7, 8, 1], [13, 14, 16, 17, 1], [23, 24, 7, 8, 3], [23, 24, 29, 32, 3]]
[[1, 1, 2, 3, 12], [8, 11, 15, 18, 4], [8, 11, 12, 18, 4]]
[]
[[1, 2, 3, 4, 3], [1, 2, 9, 16, 3], [13, 13, 3, 4, 0], [13, 13, 14, 16, 0]]
[[7, 14, 15, 31, 0]]
[[1, 6, 8, 10, 3]]
[[12, 13, 14, 19, 1]]
[[1, 7, 10, 15, 0], [8, 9, 10, 15, 3], [1, 9, 10, 15, 3]]
[[1, 17, 30, 32, 0], [1, 17, 76, 79, 0], [65, 66, 76, 79, 6]]
[[66, 70, 71, 73, 6]]
[[3, 7, 1, 2, 0], [3, 7, 12, 12, 0], [9, 10, 11, 12, 4], [9, 10, 12, 12, 4], [24, 25, 26, 28, 1]]
[[1, 2, 9, 10, 12], [3, 4, 5, 10, 3], [1, 4, 9, 10, 0]]
[[1, 2, 13, 16, 4], [1, 2, 17, 23, 4], [4, 5, 13, 16, 3], [7, 8, 13, 16, 6], [10, 11, 13, 16, 1]]
[[5, 8, 30, 31, 0], [5, 8, 33, 37, 0], [27, 28, 30, 31, 12], [27, 28, 33, 37, 12]]
[[15, 20, 22, 24, 0], [18, 20, 22, 24, 0], [18, 20, 36, 36, 6], [26, 27, 32, 34, 3]]
[[10, 19, 20, 26, 0], [10, 19, 22, 23, 0]]
[[7, 9, 10, 16, 3], [7, 9, 12, 16, 3]]
[[1, 3, 7, 9, 0], [5, 6, 7, 9, 3], [32, 35, 7, 9, 12], [32, 35, 37, 44, 12], [1, 6, 7, 9, 3]]
[[1, 2, 3, 10, 0]]
[[10, 11, 14, 20, 1]]
[[7, 8, 9, 10, 0], [3, 4, 9, 10, 1]]
[[9, 11, 12, 16, 0]]
[[1, 2, 3, 8, 3]]
[[1, 4, 6, 8, 3], [10, 11, 6, 8, 0], [10, 11, 13, 20, 0], [10, 11, 17, 20, 0]]
[[1, 2, 3, 6, 6], [19, 22, 29, 31, 0], [24, 25, 29, 31, 0], [26, 28, 29, 31, 4]]
[[84, 101, 123, 124, 0], [115, 122, 123, 124, 3], [115, 122, 130, 135, 3], [126, 127, 123, 124, 3], [126, 127, 132, 135, 6], [128, 129, 123, 124, 6], [128, 129, 132, 135, 6], [121, 122, 123, 124, 3], [126, 129, 130, 135, 6]]
[]
[[1, 5, 8, 9, 0], [1, 5, 11, 12, 0], [6, 7, 8, 9, 4], [6, 7, 11, 12, 4], [16, 17, 18, 23, 3], [16, 17, 44, 46, 3], [29, 33, 8, 9, 0], [29, 33, 44, 46, 0], [36, 38, 18, 23, 3], [36, 38, 44, 46, 3], [61, 62, 67, 70, 6], [1, 7, 44, 46, 4], [1, 33, 49, 53, 0], [1, 17, 67, 70, 3]]
[[6, 7, 8, 14, 3], [6, 7, 11, 14, 3], [17, 19, 20, 21, 3], [17, 19, 27, 31, 3], [36, 37, 38, 39, 3], [36, 37, 27, 31, 3], [36, 37, 38, 41, 3]]
[[1, 2, 3, 10, 3], [13, 14, 15, 19, 3]]
[[1, 2, 3, 5, 3], [1, 2, 9, 11, 3], [7, 8, 3, 5, 1], [7, 8, 9, 11, 1]]
[[8, 9, 11, 12, 3]]
[[8, 19, 2, 4, 0], [8, 19, 31, 37, 0], [24, 30, 31, 37, 0], [24, 30, 48, 52, 0], [41, 55, 31, 37, 4], [41, 55, 66, 70, 4], [54, 55, 51, 52, 4]]
[[6, 7, 11, 16, 0], [66, 67, 11, 16, 0], [72, 73, 76, 79, 0], [81, 83, 11, 16, 0], [81, 83, 85, 86, 3], [81, 83, 123, 124, 3], [115, 119, 11, 16, 3], [115, 119, 120, 124, 3], [115, 119, 123, 124, 3], [151, 176, 11, 16, 0], [151, 176, 177, 180, 0], [6, 10, 11, 16, 0], [175, 176, 85, 86, 3], [175, 176, 177, 180, 3], [120, 122, 123, 124, 3]]
[[1, 2, 3, 8, 3], [9, 10, 1, 8, 12], [9, 12, 14, 18, 3]]
[[1, 8, 9, 11, 0], [13, 20, 21, 22, 0]]
[[56, 57, 58, 58, 4], [56, 57, 18, 20, 4], [113, 114, 115, 116, 3], [37, 52, 98, 103, 0]]
[[15, 15, 19, 22, 0]]
[[4, 5, 1, 2, 3], [4, 5, 9, 13, 3], [7, 8, 1, 2, 3], [7, 8, 9, 13, 3]]
[[3, 7, 13, 17, 0], [8, 9, 13, 17, 3], [11, 12, 13, 17, 3], [3, 9, 13, 17, 3]]
[[10, 11, 14, 16, 1]]
[[9, 10, 11, 14, 0], [9, 10, 55, 60, 0], [41, 50, 51, 60, 0], [44, 50, 55, 57, 0]]
[[15, 18, 22, 23, 0], [19, 20, 22, 23, 3]]
[[1, 4, 5, 8, 0], [1, 4, 16, 21, 0], [11, 15, 16, 21, 3]]
[[1, 2, 3, 4, 3], [1, 2, 5, 7, 3], [9, 12, 3, 7, 3], [9, 12, 13, 14, 0], [16, 21, 22, 24, 0]]
[[7, 8, 3, 5, 1], [7, 8, 10, 11, 1]]
[[1, 3, 7, 10, 4]]
[[9, 10, 1, 4, 3], [9, 10, 7, 8, 3], [12, 13, 1, 4, 0], [12, 13, 7, 8, 3]]
[[13, 16, 29, 32, 0], [18, 24, 25, 32, 12], [1, 16, 5, 8, 0], [23, 24, 29, 32, 12]]
[[12, 15, 16, 17, 6], [12, 15, 18, 19, 0], [30, 32, 33, 34, 3], [16, 17, 18, 19, 6], [30, 31, 33, 34, 3]]
[[121, 124, 126, 128, 4], [140, 141, 146, 148, 1]]
[[32, 35, 30, 31, 3], [32, 35, 41, 44, 3], [32, 35, 46, 53, 3], [37, 40, 41, 44, 3], [1, 10, 25, 26, 0], [1, 10, 30, 31, 0], [1, 10, 46, 53, 0], [27, 28, 25, 26, 4]]
[[1, 2, 6, 8, 6], [3, 4, 6, 8, 6], [1, 4, 6, 8, 6]]
[[1, 2, 3, 7, 0], [1, 2, 6, 7, 6], [1, 2, 8, 13, 0]]
[[16, 17, 19, 20, 3], [16, 17, 25, 26, 3], [35, 36, 28, 31, 0], [35, 36, 25, 26, 0]]
[[9, 10, 17, 19, 6], [13, 14, 17, 19, 3]]
[[2, 3, 4, 14, 3], [2, 3, 4, 24, 3], [16, 17, 27, 30, 0]]
[[1, 2, 3, 6, 3], [1, 2, 15, 23, 3], [9, 10, 15, 23, 1], [12, 13, 15, 23, 1]]
[[5, 11, 13, 16, 4]]
[[6, 8, 9, 11, 0], [6, 8, 20, 25, 0], [16, 17, 20, 25, 3], [26, 30, 32, 33, 0], [26, 30, 20, 25, 0], [34, 34, 35, 37, 49], [39, 48, 50, 54, 0]]
[[2, 3, 6, 11, 0], [4, 5, 6, 11, 1], [2, 5, 6, 11, 1]]
[[7, 17, 62, 64, 0], [59, 59, 62, 64, 49], [60, 61, 62, 64, 4], [60, 61, 74, 75, 4], [59, 61, 62, 64, 4], [59, 61, 74, 75, 4]]
[[17, 18, 19, 22, 0], [17, 18, 26, 27, 0]]
[[9, 10, 13, 14, 1], [16, 18, 19, 21, 1]]
[[4, 6, 1, 3, 0], [4, 6, 14, 17, 0], [4, 6, 53, 55, 0], [8, 9, 14, 17, 12], [8, 9, 33, 37, 12], [11, 12, 14, 17, 0], [38, 39, 14, 17, 12], [38, 39, 33, 37, 12], [38, 39, 40, 41, 12], [43, 44, 46, 48, 6], [49, 64, 53, 55, 0]]
[[6, 9, 10, 11, 49], [3, 4, 1, 2, 3]]
[[9, 40, 41, 43, 1], [39, 40, 41, 43, 1]]
[[1, 4, 8, 9, 3], [6, 7, 8, 9, 3], [1, 7, 8, 9, 3], [1, 7, 16, 19, 3], [1, 7, 25, 29, 3]]
[[1, 2, 3, 4, 3], [1, 2, 7, 8, 3], [1, 2, 9, 10, 3]]
[[9, 12, 16, 19, 0], [13, 14, 16, 19, 3], [33, 34, 36, 37, 6], [30, 34, 36, 37, 6]]
[[1, 2, 3, 6, 6], [9, 10, 12, 14, 6]]
[[1, 4, 5, 8, 3], [1, 4, 10, 13, 3], [17, 18, 5, 8, 3], [17, 18, 20, 23, 3]]
[[1, 9, 10, 13, 3], [1, 9, 14, 15, 6]]
[[6, 7, 1, 4, 3], [6, 7, 3, 4, 3], [6, 7, 13, 22, 3], [11, 12, 13, 22, 6], [35, 36, 38, 40, 1]]
[[5, 13, 16, 17, 0], [14, 15, 16, 17, 3], [26, 29, 31, 32, 3], [33, 34, 36, 43, 6], [2, 13, 1, 1, 0], [5, 15, 22, 24, 3], [20, 21, 22, 24, 3]]
[[7, 8, 1, 2, 6], [7, 8, 9, 12, 0], [4, 8, 1, 2, 3], [4, 8, 9, 12, 0]]
[[1, 6, 14, 15, 0]]
[[10, 13, 18, 20, 0], [40, 41, 42, 46, 0], [24, 24, 21, 23, 12]]
[[1, 4, 8, 13, 0], [1, 4, 31, 35, 6]]
[[1, 2, 6, 11, 0]]
[[4, 5, 6, 8, 3], [20, 21, 22, 24, 1]]
[[1, 2, 3, 6, 0], [25, 26, 27, 27, 1]]
[[9, 10, 1, 4, 0], [9, 10, 11, 14, 0], [9, 10, 13, 14, 0]]
[[3, 4, 9, 16, 0], [6, 7, 9, 16, 3], [3, 7, 9, 16, 3]]
[[1, 2, 3, 5, 12]]
[[1, 2, 3, 5, 0], [20, 20, 16, 18, 3]]
[[8, 9, 10, 12, 6], [8, 9, 24, 27, 6], [21, 22, 24, 27, 4], [21, 22, 10, 12, 4]]
[[1, 14, 17, 18, 3], [1, 14, 25, 26, 0], [1, 14, 33, 35, 0], [20, 21, 17, 18, 3], [20, 21, 25, 26, 3], [20, 21, 33, 35, 3], [28, 29, 25, 26, 12], [28, 29, 33, 35, 12]]
[[10, 14, 15, 19, 0], [20, 27, 15, 19, 49]]
[[1, 5, 7, 10, 0], [11, 12, 13, 16, 4]]
[[1, 13, 27, 32, 0], [17, 24, 27, 30, 0], [37, 38, 41, 43, 6], [1, 24, 27, 32, 0], [1, 24, 41, 43, 6], [34, 38, 41, 43, 6]]
[[9, 11, 6, 7, 3], [9, 11, 12, 17, 3], [4, 5, 1, 2, 3], [4, 5, 6, 7, 3], [4, 5, 12, 17, 3]]
[[20, 23, 46, 49, 0], [42, 45, 46, 49, 0], [52, 53, 46, 49, 6], [52, 53, 54, 55, 4]]
[[1, 3, 5, 8, 3], [12, 16, 17, 19, 3]]
[[1, 3, 4, 10, 0]]
[[11, 14, 21, 24, 0], [16, 20, 21, 24, 0]]
[[2, 3, 4, 8, 0]]
[[23, 24, 25, 27, 4], [36, 44, 30, 31, 0], [36, 44, 38, 40, 0]]
[[5, 9, 1, 4, 0], [5, 9, 23, 26, 0], [17, 22, 1, 4, 0], [17, 22, 23, 26, 0], [5, 16, 23, 26, 0]]
[[5, 8, 1, 3, 0]]
[]
[[11, 16, 17, 19, 1], [5, 6, 7, 9, 3]]
[[1, 6, 38, 40, 0], [14, 17, 38, 40, 0], [21, 26, 38, 40, 49], [36, 37, 38, 40, 1]]
[[2, 3, 11, 15, 3], [5, 7, 11, 15, 6], [1, 3, 11, 15, 3]]
[[13, 16, 85, 86, 0], [13, 16, 189, 192, 0], [118, 136, 85, 86, 0], [118, 136, 137, 138, 0], [118, 136, 189, 192, 0], [133, 136, 137, 138, 0], [141, 142, 144, 145, 0]]
[[1, 2, 3, 8, 0], [1, 2, 12, 14, 0]]
[[1, 18, 69, 71, 0], [65, 66, 69, 71, 12], [65, 68, 69, 71, 3]]
[[1, 6, 7, 9, 6]]
[[3, 12, 15, 17, 3], [13, 14, 15, 17, 3], [3, 14, 15, 17, 3], [3, 14, 19, 26, 3]]
[[1, 10, 12, 14, 0], [1, 10, 16, 18, 0], [12, 14, 16, 18, 0]]
[[6, 7, 8, 10, 0], [16, 17, 14, 15, 1], [16, 17, 19, 28, 1], [24, 25, 26, 28, 0]]
[[10, 15, 1, 34, 0], [17, 25, 30, 34, 0], [28, 29, 31, 34, 4], [28, 29, 30, 34, 58]]
[[85, 88, 89, 91, 3], [109, 112, 114, 116, 12], [1, 17, 79, 91, 0]]
[[1, 2, 3, 8, 3]]
[[1, 7, 13, 19, 3], [11, 12, 13, 19, 6], [34, 37, 38, 46, 3], [34, 37, 41, 46, 3]]
[[38, 39, 40, 42, 1], [38, 39, 76, 78, 1], [68, 73, 76, 78, 0]]
[[3, 3, 4, 9, 49]]
[[1, 2, 5, 10, 3]]
[[54, 55, 56, 59, 0], [61, 62, 63, 63, 6]]
[[3, 4, 5, 6, 0], [3, 4, 57, 61, 0], [3, 4, 115, 117, 0], [41, 44, 33, 36, 3], [41, 44, 45, 47, 3], [41, 44, 33, 39, 3], [41, 44, 57, 61, 3], [106, 113, 5, 6, 0], [106, 113, 115, 116, 0], [106, 113, 115, 117, 0], [154, 155, 5, 6, 4], [154, 155, 156, 159, 6], [157, 158, 5, 6, 6], [160, 161, 5, 6, 4], [160, 161, 162, 163, 4], [28, 31, 33, 39, 3]]
[]
[[3, 4, 1, 2, 4], [5, 6, 1, 2, 1]]
[[6, 8, 13, 16, 0], [6, 8, 23, 25, 0], [11, 12, 13, 16, 3], [11, 12, 23, 25, 3], [18, 21, 23, 25, 3]]
[]
[[1, 1, 3, 7, 49], [19, 19, 3, 7, 49], [19, 19, 21, 29, 49], [33, 34, 36, 37, 4]]
[[1, 3, 4, 6, 12]]
[]
[[1, 2, 3, 7, 3], [10, 11, 3, 7, 1]]
[[1, 8, 10, 11, 0], [15, 19, 20, 21, 1]]
[[16, 33, 54, 55, 0], [16, 33, 42, 49, 0], [51, 53, 54, 55, 4]]
[[89, 90, 84, 91, 6], [89, 90, 91, 91, 6], [93, 95, 84, 91, 0], [93, 95, 96, 99, 0], [12, 28, 84, 87, 0], [12, 28, 91, 91, 0], [79, 83, 84, 87, 0]]
[[1, 5, 6, 25, 0], [19, 20, 21, 25, 3]]
[[24, 25, 26, 28, 4], [24, 25, 3, 6, 4], [55, 56, 49, 53, 6], [62, 64, 74, 78, 4], [62, 64, 74, 77, 4], [80, 81, 74, 77, 3]]
[[14, 15, 16, 21, 3], [22, 23, 26, 29, 4], [1, 6, 16, 21, 3]]
[[17, 18, 22, 23, 0], [19, 20, 22, 23, 3], [17, 20, 22, 23, 3], [17, 20, 30, 33, 3]]
[[7, 10, 1, 5, 0]]
[[37, 38, 39, 40, 1]]
[[1, 2, 3, 4, 3], [7, 8, 9, 22, 1]]
[[5, 7, 3, 4, 0], [5, 7, 11, 11, 0], [5, 7, 14, 14, 0], [5, 7, 15, 21, 0], [9, 10, 11, 11, 3], [9, 10, 14, 14, 3], [12, 13, 14, 14, 3], [12, 13, 15, 21, 3]]
[[1, 2, 3, 7, 3], [1, 2, 10, 13, 3]]
[[6, 7, 3, 4, 3], [6, 7, 1, 4, 3], [14, 17, 3, 20, 0]]
[[2, 3, 4, 8, 3], [13, 16, 45, 48, 0], [43, 44, 45, 48, 0]]
[[5, 6, 7, 10, 3], [5, 6, 16, 24, 3], [5, 6, 35, 40, 3], [12, 14, 1, 10, 3], [12, 14, 16, 24, 0], [12, 14, 7, 10, 0], [12, 14, 35, 40, 0], [31, 32, 28, 40, 3], [28, 32, 35, 40, 3]]
[[2, 6, 7, 12, 3], [18, 19, 23, 25, 0], [29, 32, 35, 37, 0], [21, 22, 23, 25, 0]]
[[1, 2, 7, 10, 3], [1, 2, 14, 19, 3], [1, 2, 8, 10, 3], [4, 5, 8, 10, 3], [4, 5, 14, 19, 3]]
[[3, 4, 10, 13, 3], [5, 6, 10, 13, 4], [3, 8, 10, 13, 3]]
[[5, 6, 7, 9, 0], [25, 27, 28, 34, 0]]
[[1, 2, 3, 4, 3]]
[[4, 5, 6, 7, 3], [4, 5, 11, 13, 3], [4, 5, 19, 20, 3], [9, 10, 11, 13, 3], [16, 17, 6, 7, 1], [16, 17, 19, 20, 1]]
[[71, 73, 74, 74, 49]]
[[1, 2, 6, 12, 0], [1, 5, 6, 12, 3]]
[[7, 8, 16, 18, 0], [12, 15, 16, 18, 6], [32, 33, 34, 36, 0]]
[[38, 41, 42, 46, 3], [62, 75, 76, 80, 0]]
[[1, 2, 7, 8, 0]]
[[23, 25, 26, 30, 4], [23, 25, 39, 42, 4], [31, 37, 26, 30, 3], [31, 37, 39, 42, 3]]
[[1, 8, 9, 11, 0]]
[[5, 20, 2, 4, 0], [5, 20, 26, 28, 4], [112, 116, 109, 110, 0], [5, 9, 2, 4, 0], [13, 20, 2, 4, 4], [22, 24, 26, 28, 0], [22, 24, 33, 50, 3]]
[[3, 4, 9, 11, 3], [14, 15, 9, 11, 1]]
[[1, 2, 3, 7, 1], [1, 2, 18, 21, 1]]
[[22, 23, 24, 28, 1], [22, 23, 24, 25, 1], [48, 49, 50, 52, 6], [48, 49, 54, 60, 6], [76, 77, 78, 80, 4]]
[[30, 31, 32, 38, 4], [5, 7, 9, 38, 0]]
[[20, 23, 24, 30, 21], [20, 23, 76, 81, 21], [17, 23, 24, 30, 21]]
[[4, 9, 10, 11, 6], [13, 14, 15, 16, 3], [18, 19, 20, 27, 12]]
[[25, 45, 56, 59, 0], [49, 50, 54, 59, 75], [49, 50, 56, 59, 75]]
[[1, 2, 10, 16, 3], [18, 22, 10, 16, 3], [1, 5, 10, 14, 3]]
[[3, 5, 6, 10, 0], [15, 18, 19, 22, 0]]
[[1, 5, 6, 12, 0]]
[[23, 24, 25, 27, 3], [4, 6, 11, 14, 75]]
[[1, 5, 11, 15, 112]]
[[1, 2, 3, 8, 1], [12, 15, 16, 26, 12]]
[[1, 6, 7, 8, 1]]
[[1, 2, 3, 8, 3], [9, 10, 11, 13, 12], [16, 17, 19, 23, 1], [16, 17, 49, 51, 1]]
[[4, 7, 1, 2, 0], [4, 7, 11, 20, 0]]
[[1, 3, 4, 10, 3], [1, 3, 7, 10, 3]]
[[27, 33, 35, 40, 45], [55, 56, 62, 64, 2], [58, 60, 62, 64, 4]]
[[93, 94, 97, 101, 1], [98, 99, 100, 101, 1], [119, 122, 123, 128, 12]]
[[7, 8, 13, 15, 0], [10, 11, 13, 15, 3], [7, 11, 13, 15, 3]]
[[1, 6, 11, 13, 112], [18, 19, 25, 30, 1], [1, 9, 11, 13, 4]]
[[1, 9, 10, 11, 1]]
[[22, 24, 26, 27, 103], [16, 16, 17, 17, 49]]
[[15, 16, 17, 21, 21], [109, 110, 111, 119, 1], [98, 101, 102, 103, 3]]
[[1, 6, 8, 10, 3], [15, 16, 19, 22, 1]]
[[23, 28, 33, 35, 3], [30, 31, 33, 35, 3]]
[[1, 3, 4, 8, 45], [1, 3, 7, 8, 45]]
[[2, 3, 1, 1, 0], [2, 3, 6, 7, 6], [4, 5, 6, 7, 6], [2, 5, 6, 7, 6], [2, 5, 8, 18, 6]]
[[4, 5, 1, 2, 0], [4, 5, 7, 9, 3], [4, 5, 12, 16, 0], [11, 11, 12, 16, 3]]
[[20, 21, 24, 26, 1], [22, 23, 24, 26, 1], [20, 23, 24, 26, 1]]
[[1, 2, 3, 4, 3], [14, 15, 3, 4, 1], [14, 15, 16, 23, 1]]
[[1, 10, 12, 14, 0], [29, 30, 32, 34, 1]]
[[16, 17, 18, 20, 103], [22, 23, 26, 27, 4], [40, 41, 42, 46, 112]]
[[40, 44, 37, 39, 6]]
[[1, 3, 4, 7, 0], [16, 19, 26, 29, 3], [22, 23, 26, 29, 3], [22, 23, 37, 40, 1], [34, 35, 37, 40, 1], [11, 14, 26, 29, 3]]
[[17, 18, 19, 21, 58], [17, 18, 23, 31, 58]]
[[7, 10, 11, 13, 4]]
[[1, 1, 2, 8, 0], [14, 15, 19, 24, 1], [28, 29, 21, 24, 9]]
[[8, 9, 10, 11, 1], [8, 9, 1, 4, 1]]
[[5, 6, 20, 21, 6], [26, 27, 28, 31, 6], [55, 56, 57, 60, 54], [61, 62, 63, 64, 4], [85, 86, 88, 89, 1]]
[[1, 4, 11, 12, 0], [6, 9, 11, 12, 0], [14, 17, 18, 28, 6], [22, 25, 26, 28, 6], [22, 23, 24, 25, 6]]
[[9, 12, 14, 15, 112], [18, 23, 24, 26, 112]]
[[37, 42, 50, 51, 1], [37, 42, 48, 51, 1], [76, 83, 84, 87, 12], [76, 83, 221, 222, 12], [104, 105, 107, 110, 1], [219, 220, 221, 222, 12], [219, 220, 84, 87, 12], [21, 25, 27, 27, 12]]
[[4, 9, 1, 3, 108], [4, 9, 10, 13, 108], [4, 9, 11, 13, 108]]
[[1, 2, 3, 4, 0]]
[[16, 17, 18, 20, 1], [9, 9, 6, 8, 0]]
[[3, 6, 7, 10, 21], [3, 6, 14, 18, 21]]
[[1, 5, 6, 14, 3], [17, 18, 22, 27, 3], [20, 21, 22, 27, 4]]
[[7, 7, 8, 10, 2], [19, 20, 21, 30, 3]]
[[6, 10, 11, 14, 3]]
[[19, 20, 21, 22, 4], [1, 3, 15, 22, 112]]
[[53, 55, 57, 69, 103], [11, 13, 36, 43, 0]]
[[7, 14, 1, 2, 0], [7, 14, 24, 26, 6]]
[[3, 4, 6, 9, 3], [3, 4, 8, 9, 3]]
[[7, 10, 5, 6, 0], [12, 13, 15, 16, 3]]
[[6, 7, 1, 4, 3], [9, 10, 11, 16, 1]]
[[23, 29, 30, 33, 1], [23, 29, 43, 43, 0], [35, 36, 38, 38, 1]]
[[20, 21, 22, 24, 1], [28, 30, 31, 34, 1]]
[[4, 12, 1, 40, 3]]
[[12, 13, 15, 16, 1], [104, 105, 106, 111, 2], [1, 1, 5, 10, 0]]
[[5, 7, 8, 10, 3], [14, 15, 17, 20, 1]]
[[51, 54, 55, 58, 103]]
[[4, 5, 6, 7, 3]]
[[5, 7, 16, 17, 0], [12, 15, 16, 17, 0], [12, 15, 55, 57, 0], [20, 24, 31, 32, 0], [34, 37, 31, 32, 4], [40, 42, 55, 57, 6], [64, 67, 70, 73, 2], [20, 37, 55, 57, 4]]
[[1, 5, 6, 7, 0], [18, 21, 44, 53, 112], [38, 42, 44, 53, 49]]
[[1, 2, 3, 4, 3], [8, 11, 3, 4, 3], [8, 11, 12, 16, 12], [21, 22, 23, 27, 3], [37, 38, 34, 35, 0]]
[[3, 6, 10, 13, 0], [31, 34, 35, 38, 0]]
[[84, 95, 99, 102, 112]]
[[27, 28, 36, 38, 0], [115, 116, 117, 122, 3], [165, 170, 177, 182, 49], [27, 35, 36, 38, 0], [172, 175, 177, 182, 49]]
[[8, 15, 1, 2, 0], [8, 15, 54, 55, 0], [26, 27, 28, 30, 75], [37, 44, 1, 2, 0], [37, 44, 54, 55, 0], [46, 52, 54, 55, 0], [37, 52, 54, 55, 0]]
[[62, 63, 64, 67, 4], [112, 114, 115, 119, 0]]
[[1, 12, 13, 15, 1], [17, 18, 13, 15, 3], [24, 25, 26, 28, 1], [24, 25, 29, 31, 1], [34, 37, 38, 44, 3]]
[[3, 6, 14, 15, 3], [9, 12, 14, 15, 3], [19, 20, 22, 28, 3]]
[[34, 35, 36, 42, 108], [56, 56, 66, 68, 45], [63, 64, 66, 68, 45], [82, 88, 89, 93, 1]]
[[1, 2, 3, 4, 3], [7, 8, 13, 16, 1], [10, 11, 13, 16, 54]]
[[14, 15, 6, 9, 0], [14, 15, 6, 11, 0]]
[[2, 3, 17, 19, 162], [7, 16, 17, 19, 162], [33, 41, 57, 60, 4], [54, 55, 57, 60, 54], [62, 64, 66, 70, 12]]
[[15, 21, 22, 24, 12]]
[[123, 130, 131, 133, 0], [123, 130, 131, 132, 0], [177, 178, 174, 175, 1], [177, 178, 205, 208, 1], [216, 217, 218, 223, 2], [233, 234, 235, 236, 4], [103, 113, 114, 119, 0]]
[[1, 3, 4, 7, 1], [1, 3, 11, 15, 1], [9, 10, 11, 15, 1]]
[[7, 9, 10, 11, 0], [7, 9, 27, 27, 0], [13, 17, 18, 22, 0], [24, 25, 27, 27, 54]]
[[1, 3, 7, 11, 0], [28, 29, 30, 31, 4]]
[[22, 25, 29, 32, 6]]
[[4, 7, 1, 2, 0], [4, 7, 10, 14, 0], [4, 7, 13, 14, 0]]
[[5, 6, 7, 8, 1], [11, 12, 13, 16, 1], [18, 19, 5, 8, 1], [18, 19, 13, 16, 0]]
[[1, 4, 5, 6, 0]]
[[1, 2, 3, 5, 1], [15, 16, 12, 13, 0]]
[[1, 5, 8, 12, 0], [1, 5, 15, 19, 1]]
[[1, 5, 6, 10, 58]]
[[49, 51, 59, 61, 0], [56, 58, 59, 61, 0]]
[[1, 2, 20, 22, 0], [24, 28, 29, 30, 12], [24, 28, 20, 22, 12], [1, 8, 20, 22, 3]]
[[1, 2, 3, 5, 6], [7, 18, 20, 22, 21], [7, 10, 20, 22, 21]]
[[1, 1, 3, 7, 45]]
[[29, 32, 27, 28, 12], [29, 32, 38, 41, 12], [34, 37, 38, 41, 4], [45, 46, 43, 44, 4], [45, 46, 47, 52, 4]]
[[3, 4, 6, 15, 0], [3, 4, 6, 10, 0]]
[[54, 59, 60, 61, 4], [75, 78, 80, 89, 0]]
[[1, 2, 7, 9, 3], [4, 5, 7, 9, 1]]
[]
[[2, 3, 6, 7, 1], [19, 21, 22, 25, 12]]
[[1, 3, 4, 11, 0], [13, 16, 17, 18, 12], [20, 21, 22, 23, 4], [39, 40, 4, 11, 0], [13, 21, 22, 23, 12]]
[[1, 4, 5, 10, 2], [14, 19, 20, 22, 75], [1, 7, 8, 10, 2]]
[[4, 5, 11, 12, 1], [8, 9, 11, 12, 1]]
[[1, 1, 5, 9, 45], [3, 4, 5, 9, 112]]
[[1, 5, 6, 10, 58], [55, 56, 57, 61, 58]]
[[11, 12, 15, 21, 49], [50, 55, 57, 58, 58]]
[[1, 4, 7, 14, 3], [16, 23, 24, 25, 4]]
[[21, 22, 31, 34, 54], [24, 25, 31, 34, 9], [28, 29, 31, 34, 4]]
[]
[[21, 25, 26, 30, 66], [17, 25, 26, 30, 66]]
[[16, 17, 1, 14, 6], [16, 17, 1, 3, 0], [16, 17, 6, 7, 6], [6, 9, 1, 3, 3], [9, 9, 6, 7, 6]]
[[3, 6, 9, 10, 6]]
[[22, 23, 26, 28, 4], [40, 43, 44, 49, 1]]
[[5, 18, 34, 37, 6], [5, 18, 31, 32, 108], [27, 30, 31, 32, 6]]
[[1, 6, 7, 9, 49], [40, 41, 42, 43, 1]]
[[4, 5, 6, 9, 12], [4, 5, 119, 122, 12], [92, 95, 96, 98, 13]]
[[11, 12, 15, 19, 4]]
[[19, 20, 21, 22, 1], [27, 30, 31, 35, 0]]
[[1, 4, 11, 12, 6], [9, 10, 11, 12, 6], [1, 10, 11, 12, 6]]
[[6, 6, 10, 13, 12], [29, 32, 34, 37, 0], [6, 9, 10, 13, 12]]
[[1, 2, 5, 6, 4], [8, 9, 5, 6, 4], [8, 9, 10, 11, 4], [20, 20, 15, 18, 3]]
[[1, 11, 12, 17, 6]]
[[23, 27, 28, 29, 6], [23, 27, 34, 38, 6], [32, 33, 34, 38, 6], [3, 5, 18, 21, 75], [12, 15, 18, 21, 75]]
[[1, 2, 3, 9, 3], [1, 2, 6, 9, 3], [11, 11, 13, 15, 3], [1, 11, 13, 15, 3]]
[[3, 43, 1, 2, 0], [96, 98, 1, 2, 45], [96, 98, 99, 103, 45], [106, 107, 1, 2, 3], [106, 107, 122, 124, 12], [106, 107, 113, 124, 3]]
[[1, 5, 6, 7, 1]]
[[1, 4, 7, 8, 0]]
[[3, 7, 8, 11, 0]]
[[3, 4, 5, 9, 4], [11, 12, 14, 16, 54]]
[[1, 5, 6, 10, 0], [1, 5, 9, 10, 0]]
[[8, 12, 14, 19, 12], [22, 23, 26, 29, 6], [1, 3, 4, 4, 12], [5, 6, 4, 4, 12], [1, 12, 14, 19, 12]]
[[1, 2, 6, 9, 0], [12, 13, 15, 17, 1]]
[[6, 14, 15, 17, 0], [39, 40, 41, 50, 12]]
[[1, 5, 9, 11, 0], [24, 27, 28, 31, 4], [1, 19, 20, 22, 0]]
[[1, 2, 3, 3, 6], [10, 11, 12, 13, 1]]
[[3, 4, 5, 14, 3], [17, 18, 21, 23, 0], [25, 28, 29, 32, 12], [17, 20, 21, 23, 3]]
[[18, 19, 21, 25, 4], [18, 19, 27, 32, 4], [4, 8, 27, 32, 75]]
[[5, 8, 9, 12, 6], [5, 8, 11, 12, 6], [5, 8, 13, 16, 6], [17, 20, 13, 16, 6]]
[[23, 26, 27, 30, 0], [23, 26, 16, 21, 0]]
[[22, 23, 24, 25, 4], [26, 28, 29, 37, 0], [1, 8, 9, 25, 4]]
[[29, 31, 33, 37, 112], [56, 57, 58, 64, 1]]
[[1, 6, 7, 11, 1], [16, 17, 19, 20, 1]]
[[3, 4, 6, 9, 0]]
[[9, 10, 11, 14, 58], [9, 10, 13, 14, 58]]
[[40, 41, 46, 49, 103]]
[[33, 34, 36, 38, 1], [64, 65, 67, 68, 58], [1, 5, 8, 12, 6]]
[[15, 16, 18, 20, 3], [3, 16, 18, 20, 3]]
[[8, 9, 10, 12, 108]]
[[6, 7, 8, 10, 0], [6, 7, 12, 15, 0]]
[[1, 2, 3, 4, 0], [6, 7, 15, 16, 12]]
[[6, 6, 7, 8, 45], [6, 6, 20, 26, 45]]
[[3, 6, 12, 16, 0], [8, 11, 12, 16, 3], [18, 21, 23, 26, 49], [3, 11, 12, 16, 3], [3, 11, 23, 26, 3]]
[[3, 4, 1, 2, 3]]
[[16, 18, 20, 22, 103], [16, 18, 28, 30, 103], [23, 24, 25, 30, 3], [23, 24, 28, 30, 3], [45, 50, 52, 54, 0]]
[[50, 54, 55, 59, 12], [65, 68, 70, 73, 4], [74, 80, 81, 87, 3], [93, 94, 98, 99, 0], [93, 94, 95, 99, 0]]
[[9, 10, 13, 14, 4]]
[[1, 1, 4, 7, 0]]
[[5, 8, 14, 19, 12], [10, 13, 14, 19, 3], [37, 38, 39, 42, 6], [37, 38, 44, 51, 6], [54, 57, 58, 62, 84], [54, 57, 60, 62, 84], [5, 13, 14, 19, 3], [5, 13, 44, 51, 3]]
[[12, 16, 17, 19, 0], [22, 27, 29, 32, 2]]
[[1, 2, 7, 10, 3], [4, 5, 7, 10, 3], [13, 14, 16, 18, 4], [22, 23, 24, 30, 1]]
[[1, 10, 11, 17, 45], [1, 10, 13, 14, 45]]
[[1, 4, 5, 8, 58]]
[[1, 5, 7, 9, 3], [21, 22, 28, 30, 1]]
[[1, 1, 6, 7, 3], [3, 4, 6, 7, 0]]
[[1, 4, 5, 10, 0], [1, 4, 7, 10, 3], [1, 4, 11, 16, 0]]
[[16, 19, 21, 32, 49], [3, 25, 26, 32, 4]]
[[3, 4, 6, 8, 12], [3, 4, 22, 26, 12], [3, 4, 6, 6, 12]]
[[6, 10, 13, 14, 3], [16, 16, 13, 14, 3], [8, 10, 6, 7, 3]]
[[2, 6, 7, 10, 0], [19, 22, 16, 17, 1]]
[[2, 3, 11, 14, 6], [9, 10, 11, 14, 3], [18, 19, 11, 14, 6]]
[[1, 6, 7, 9, 12]]
[[3, 4, 5, 7, 3], [15, 18, 19, 22, 21]]
[[7, 11, 30, 35, 3], [25, 31, 32, 35, 3]]
[[1, 3, 4, 7, 12]]
[[1, 2, 3, 11, 3]]
[[14, 15, 19, 21, 0], [14, 15, 23, 24, 0], [17, 17, 19, 21, 45]]
[[23, 24, 25, 28, 6], [32, 36, 37, 41, 4]]
[[47, 51, 52, 60, 4], [55, 57, 59, 60, 4]]
[[53, 54, 55, 56, 162], [58, 61, 53, 56, 2], [58, 61, 62, 67, 0], [19, 20, 28, 34, 0]]
[[13, 17, 18, 23, 0], [13, 17, 35, 43, 0], [26, 27, 28, 28, 6], [26, 27, 32, 33, 6], [30, 31, 32, 33, 6], [10, 17, 18, 23, 0]]
[[16, 20, 21, 25, 103], [99, 102, 103, 106, 49]]
[[1, 7, 8, 15, 0]]
[[5, 8, 1, 3, 3], [5, 8, 9, 15, 6]]
[[7, 8, 13, 14, 0], [10, 12, 13, 14, 0]]
[[3, 19, 1, 2, 0]]
[[1, 2, 3, 4, 1], [9, 11, 12, 21, 2]]
[[6, 10, 1, 5, 3], [14, 15, 17, 18, 1]]
[[12, 22, 33, 37, 0], [24, 27, 33, 37, 3], [29, 32, 33, 37, 3]]
[[9, 27, 41, 44, 2], [36, 40, 41, 44, 9], [138, 140, 141, 148, 3]]
[[7, 8, 9, 11, 0], [53, 54, 55, 56, 58], [75, 78, 55, 56, 58], [75, 78, 83, 86, 58]]
[[7, 10, 11, 13, 0], [30, 34, 36, 38, 12]]
[[14, 15, 19, 22, 162]]
[[1, 5, 14, 20, 0], [7, 12, 14, 20, 0], [1, 12, 14, 17, 0]]
[[8, 9, 15, 17, 6], [30, 32, 33, 41, 49], [30, 32, 39, 41, 45], [30, 32, 53, 64, 49], [37, 38, 39, 41, 4], [44, 51, 53, 64, 112]]
[[65, 66, 69, 71, 4]]
[[28, 29, 30, 33, 0]]
[[3, 4, 5, 7, 6], [8, 11, 13, 15, 12], [16, 21, 22, 24, 4], [20, 21, 22, 24, 4]]
[[3, 4, 5, 6, 0]]
[[28, 31, 32, 33, 0]]
[[41, 54, 55, 62, 1], [64, 66, 68, 70, 4]]
[[1, 2, 3, 4, 4], [15, 16, 11, 14, 0]]
[[1, 2, 6, 9, 12], [13, 14, 15, 22, 6]]
[[23, 26, 31, 33, 12], [27, 28, 31, 33, 12], [23, 30, 31, 33, 12]]
[[3, 4, 5, 17, 1], [19, 23, 24, 27, 182], [57, 60, 55, 56, 0], [30, 36, 37, 40, 3]]
[[4, 5, 1, 2, 0], [4, 5, 6, 7, 0], [9, 10, 1, 7, 3], [9, 10, 6, 7, 3]]
[[4, 5, 6, 12, 103], [4, 5, 6, 11, 103], [21, 21, 22, 23, 0], [45, 49, 50, 58, 4]]
[[1, 12, 59, 62, 0], [74, 75, 77, 80, 1]]
[[6, 7, 9, 12, 0]]
[[1, 2, 3, 4, 3], [1, 2, 11, 12, 3], [1, 2, 17, 18, 3], [7, 8, 3, 4, 1], [7, 8, 11, 12, 1], [13, 14, 17, 18, 3]]
[[1, 2, 7, 11, 3], [4, 5, 7, 11, 3], [17, 18, 20, 27, 1], [17, 18, 24, 27, 1]]
[[28, 30, 31, 32, 4]]
[[8, 9, 1, 2, 0], [3, 9, 1, 2, 0]]
[[1, 5, 6, 9, 12]]
[[10, 11, 13, 14, 3], [18, 19, 20, 24, 3]]
[[1, 2, 5, 6, 3], [7, 8, 10, 13, 3], [7, 8, 10, 11, 3], [16, 17, 19, 19, 3], [16, 17, 20, 25, 3], [1, 4, 5, 6, 3], [1, 4, 10, 11, 3], [1, 4, 12, 13, 3]]
[[9, 12, 13, 17, 12]]
[[1, 3, 4, 5, 12], [1, 3, 21, 22, 12], [11, 12, 13, 15, 1], [17, 19, 21, 22, 3]]
[[1, 11, 12, 12, 0], [20, 21, 22, 26, 3], [29, 30, 34, 40, 1], [35, 36, 37, 37, 1]]
[[10, 11, 15, 21, 0], [34, 36, 44, 47, 0], [42, 43, 44, 47, 108]]
[[1, 12, 14, 20, 3]]
[[21, 22, 23, 25, 4]]
[[3, 5, 6, 8, 45]]
[[1, 2, 5, 8, 0], [10, 11, 12, 13, 1], [10, 11, 15, 16, 1], [1, 4, 5, 8, 0]]
[[1, 4, 6, 9, 6], [1, 4, 12, 19, 6]]
[[1, 4, 10, 13, 0], [15, 19, 20, 27, 12]]
[[1, 2, 6, 9, 3], [4, 5, 6, 9, 6], [13, 14, 15, 20, 1]]
[[1, 6, 7, 8, 75]]
[]
[[60, 61, 62, 65, 1], [3, 9, 17, 20, 0]]
[[10, 13, 17, 21, 6], [10, 13, 17, 18, 6], [24, 26, 27, 30, 6], [66, 69, 71, 73, 6], [66, 69, 62, 65, 0], [80, 85, 86, 87, 4]]
[[8, 9, 10, 12, 3]]
[[1, 2, 3, 6, 3]]
[[38, 39, 43, 48, 103], [41, 42, 43, 48, 4], [69, 73, 76, 83, 49], [168, 169, 172, 174, 1], [101, 113, 122, 125, 1]]
[[3, 5, 6, 7, 1]]
[[3, 7, 9, 10, 12], [12, 15, 19, 23, 3], [45, 48, 49, 51, 0], [7, 7, 9, 10, 12]]
[[1, 4, 5, 6, 0], [1, 4, 38, 43, 0], [31, 32, 33, 36, 1], [31, 32, 38, 43, 1]]
[[25, 26, 27, 27, 12], [25, 26, 31, 32, 12], [28, 29, 31, 32, 4], [10, 15, 8, 9, 0], [10, 15, 31, 32, 0], [10, 15, 37, 41, 0]]
[[1, 2, 5, 8, 0], [10, 13, 14, 17, 12], [25, 26, 29, 32, 3], [58, 67, 68, 74, 12]]
[[5, 8, 1, 4, 0], [10, 13, 1, 4, 4], [10, 13, 14, 19, 4]]
[[1, 4, 11, 14, 3], [1, 4, 5, 14, 3], [18, 19, 25, 26, 1]]
[[1, 3, 5, 6, 0], [1, 3, 8, 16, 0], [20, 21, 22, 27, 4], [31, 32, 33, 39, 4], [43, 44, 45, 50, 1], [43, 44, 45, 56, 1]]
[[2, 4, 6, 7, 3], [9, 10, 6, 7, 0]]
[[2, 5, 6, 10, 3], [2, 5, 8, 10, 3], [23, 24, 25, 29, 4], [15, 16, 17, 22, 3]]
[[7, 13, 30, 31, 0], [16, 29, 30, 31, 3], [16, 29, 32, 34, 3]]
[[4, 5, 1, 2, 0], [4, 5, 7, 10, 0]]
[[1, 4, 5, 9, 1], [5, 7, 8, 9, 1], [1, 7, 8, 9, 1]]
[[1, 9, 11, 17, 1], [1, 9, 13, 17, 1]]
[[12, 15, 22, 28, 0]]
[[3, 4, 1, 2, 0]]
[[3, 4, 5, 6, 3]]
[[1, 8, 13, 15, 0], [20, 21, 13, 15, 6], [29, 30, 31, 33, 12]]
[[7, 10, 2, 6, 3], [7, 10, 17, 18, 3], [7, 10, 4, 6, 3], [20, 24, 17, 18, 12]]
[[1, 5, 6, 8, 3]]
[[1, 2, 3, 4, 21], [1, 2, 7, 11, 21], [1, 2, 14, 16, 21], [17, 19, 14, 16, 21]]
[[11, 12, 15, 19, 6], [11, 12, 17, 19, 6], [11, 12, 21, 23, 6], [18, 19, 21, 23, 6]]
[[1, 4, 5, 7, 0]]
[[18, 19, 22, 28, 3]]
[[8, 11, 2, 3, 0], [4, 11, 2, 3, 0]]
[[1, 5, 6, 10, 1]]
[[20, 23, 34, 40, 12], [29, 32, 34, 40, 3]]
[[1, 2, 3, 8, 3], [1, 2, 11, 15, 3]]
[[7, 8, 9, 16, 3], [7, 8, 13, 16, 3], [52, 54, 56, 57, 0]]
[[21, 22, 18, 20, 3], [14, 16, 18, 20, 3]]
[[6, 9, 10, 15, 0], [48, 48, 55, 59, 12], [53, 54, 55, 59, 3]]
[[6, 10, 17, 20, 0], [23, 23, 29, 33, 45], [25, 28, 29, 33, 112]]
[[1, 2, 3, 5, 4], [11, 12, 13, 15, 0]]
[[10, 11, 12, 16, 0]]
[[8, 11, 12, 15, 0], [24, 26, 31, 36, 49], [28, 30, 31, 36, 49]]
[[9, 11, 12, 16, 3]]
[[7, 10, 15, 17, 0], [12, 13, 15, 17, 3], [19, 20, 22, 24, 1], [19, 20, 25, 27, 1], [7, 13, 15, 17, 3]]
[[1, 2, 3, 5, 12], [7, 9, 10, 12, 12], [7, 9, 10, 15, 12]]
[[9, 12, 16, 20, 12], [24, 25, 26, 30, 6], [24, 25, 26, 28, 6], [20, 22, 16, 19, 12]]
[[1, 4, 5, 8, 6], [11, 15, 17, 27, 0], [49, 50, 51, 63, 54]]
[[7, 8, 4, 5, 6], [7, 8, 10, 11, 6], [13, 16, 10, 11, 3], [22, 23, 18, 19, 0], [1, 3, 4, 5, 6]]
[[1, 6, 12, 15, 0], [1, 6, 21, 23, 0], [10, 11, 12, 15, 0], [29, 30, 33, 33, 6], [29, 30, 36, 42, 0], [44, 45, 46, 51, 3], [44, 45, 46, 47, 3], [44, 45, 48, 51, 3], [53, 54, 57, 60, 12]]
[[21, 22, 25, 27, 6], [14, 22, 28, 30, 6]]
[[13, 15, 16, 17, 0], [13, 15, 30, 34, 0], [19, 20, 25, 26, 54], [22, 23, 25, 26, 3], [27, 28, 30, 34, 162]]
[[26, 29, 30, 34, 6]]
[[1, 4, 5, 7, 3]]
[[9, 11, 12, 13, 4], [19, 22, 5, 7, 6], [19, 22, 15, 18, 0], [19, 22, 37, 43, 0], [31, 33, 34, 35, 12], [31, 33, 37, 43, 12]]
[[1, 2, 8, 11, 3], [26, 27, 28, 29, 1]]
[[1, 2, 6, 8, 3], [4, 5, 6, 8, 3], [19, 20, 21, 22, 1]]
[[4, 5, 6, 8, 3], [14, 15, 16, 19, 3], [12, 15, 16, 19, 3]]
[[1, 2, 3, 4, 3], [1, 2, 8, 9, 3], [1, 2, 12, 18, 3], [5, 6, 3, 4, 1], [5, 6, 8, 9, 1]]
[[9, 13, 16, 20, 12]]
[[5, 6, 7, 8, 3], [5, 6, 10, 13, 3], [10, 11, 12, 13, 4], [15, 16, 5, 8, 3], [15, 16, 10, 13, 0], [19, 22, 24, 25, 4]]
[[11, 12, 13, 18, 58]]
[[1, 4, 5, 8, 2], [63, 66, 69, 74, 103]]
[[1, 2, 3, 8, 0], [17, 27, 93, 95, 0]]
[[3, 4, 1, 2, 6], [3, 4, 6, 11, 0], [1, 4, 6, 11, 0]]
[]
[[6, 7, 4, 5, 3], [6, 7, 9, 12, 3]]
[[4, 5, 7, 8, 6], [13, 14, 15, 17, 3], [36, 38, 40, 43, 6], [45, 46, 48, 53, 6]]
[[1, 4, 6, 8, 3], [1, 4, 13, 15, 3], [9, 12, 13, 15, 3]]
[[1, 6, 7, 9, 12], [12, 15, 16, 17, 12], [21, 25, 27, 29, 0]]
[[1, 5, 6, 10, 1]]
[[1, 22, 37, 39, 0], [26, 31, 37, 39, 0], [33, 35, 37, 39, 4], [44, 52, 53, 57, 103]]
[[1, 3, 4, 6, 12], [1, 3, 12, 14, 12]]
[[14, 15, 16, 17, 4], [22, 22, 19, 21, 49]]
[[3, 4, 5, 12, 3], [25, 27, 28, 34, 0], [25, 29, 31, 34, 0]]
[[1, 2, 3, 12, 6], [27, 28, 25, 26, 3]]
[[5, 8, 15, 19, 3], [13, 14, 15, 19, 3]]
[[1, 3, 4, 9, 0]]
[[15, 16, 21, 22, 3], [15, 16, 24, 27, 3], [18, 19, 21, 22, 3]]
[[1, 5, 21, 25, 0], [14, 19, 21, 25, 84], [1, 19, 21, 25, 84]]
[[5, 7, 8, 10, 0], [5, 7, 9, 10, 0], [1, 3, 9, 10, 0]]
[[44, 48, 49, 51, 1]]
[[1, 2, 7, 11, 3], [21, 22, 23, 30, 58]]
[[2, 8, 11, 16, 12], [2, 8, 14, 16, 12]]
[[4, 6, 7, 9, 3]]
[[151, 152, 155, 157, 4], [86, 90, 82, 84, 4]]
[[24, 25, 26, 28, 12], [39, 39, 40, 45, 1], [1, 8, 16, 19, 3], [9, 14, 16, 19, 108]]
[[1, 4, 5, 6, 0], [1, 15, 16, 24, 0]]
[[1, 2, 5, 8, 0]]
[[1, 5, 6, 12, 0]]
[[1, 5, 7, 10, 6], [1, 5, 9, 10, 6], [1, 5, 37, 40, 0], [28, 29, 30, 31, 103], [33, 36, 37, 40, 4]]
[[2, 5, 6, 13, 3], [2, 5, 23, 29, 3], [18, 19, 23, 27, 3], [18, 19, 23, 29, 3]]
[[19, 22, 24, 26, 3], [19, 22, 28, 35, 3], [3, 4, 5, 9, 0]]
[[3, 6, 13, 17, 3], [8, 9, 13, 17, 1]]
[[12, 13, 17, 18, 12], [12, 15, 17, 18, 12]]
[[10, 13, 33, 36, 12], [30, 32, 33, 36, 12]]
[[1, 2, 5, 8, 3], [1, 2, 5, 6, 3], [10, 11, 12, 17, 0], [10, 15, 16, 17, 0]]
[]
[[1, 3, 4, 8, 3], [1, 3, 10, 11, 3], [1, 8, 10, 11, 3]]
[[1, 2, 3, 4, 0], [1, 2, 7, 9, 0]]
[[54, 58, 59, 64, 0]]
[[5, 8, 2, 3, 58], [5, 8, 15, 16, 58], [11, 19, 15, 16, 58]]
[[1, 3, 4, 9, 0], [11, 11, 13, 14, 49]]
[[113, 117, 119, 123, 0], [49, 55, 56, 58, 0]]
[[4, 7, 9, 11, 21], [4, 7, 21, 24, 21]]
[[1, 2, 5, 6, 0], [1, 4, 5, 6, 4], [1, 4, 10, 12, 4], [1, 14, 15, 19, 6]]
[[8, 11, 13, 14, 6], [8, 11, 15, 16, 6], [8, 11, 56, 56, 6], [19, 20, 13, 18, 6], [19, 20, 21, 22, 4], [19, 20, 58, 60, 103], [49, 52, 53, 54, 6], [49, 52, 21, 22, 0], [49, 52, 56, 56, 6], [49, 52, 58, 60, 6], [13, 14, 15, 16, 6], [13, 14, 17, 18, 6]]
[[1, 2, 3, 4, 3], [6, 7, 8, 9, 1], [11, 12, 13, 19, 6]]
[[22, 23, 24, 25, 3]]
[[1, 3, 4, 6, 0]]
[[1, 3, 4, 4, 1], [8, 8, 9, 11, 45], [13, 16, 20, 22, 12], [30, 31, 35, 37, 58], [33, 34, 35, 37, 3]]
[[7, 9, 10, 14, 3], [7, 9, 13, 14, 3], [7, 9, 15, 16, 3]]
[[1, 13, 17, 19, 3]]
[[1, 2, 3, 3, 3], [5, 6, 7, 7, 6], [9, 10, 11, 14, 1]]
[[7, 9, 1, 2, 0], [7, 9, 10, 12, 0]]
[[5, 8, 14, 16, 4], [10, 11, 14, 16, 4], [19, 20, 22, 22, 12], [24, 25, 27, 29, 1]]
[[1, 3, 10, 14, 0], [7, 8, 10, 14, 1], [26, 27, 30, 32, 45], [26, 27, 38, 41, 0], [33, 37, 38, 41, 0]]
[[1, 2, 8, 9, 3], [5, 6, 8, 9, 3], [14, 15, 17, 18, 112]]
[[3, 11, 12, 28, 1], [3, 11, 25, 28, 1]]
[[10, 15, 16, 18, 1], [31, 32, 34, 36, 12]]
[[1, 4, 5, 7, 0], [1, 4, 9, 11, 6], [36, 37, 39, 41, 1]]
[[1, 4, 5, 11, 3], [1, 4, 5, 9, 3], [1, 4, 13, 13, 0]]
[[1, 2, 3, 4, 3], [6, 7, 1, 4, 3], [13, 14, 15, 17, 1]]
[[16, 17, 18, 20, 4], [16, 17, 18, 18, 4], [31, 32, 33, 36, 1], [3, 8, 12, 14, 1]]
[[1, 2, 3, 6, 3], [1, 2, 24, 28, 3], [8, 9, 11, 15, 1]]
[[1, 9, 10, 12, 12], [1, 9, 14, 16, 12], [1, 9, 18, 23, 12]]
[[3, 4, 5, 8, 58], [10, 12, 14, 17, 58]]
[[9, 13, 30, 33, 4], [23, 26, 30, 33, 58], [9, 31, 32, 33, 58]]
[[1, 4, 6, 14, 2], [19, 23, 24, 27, 3]]
[[5, 6, 1, 4, 3], [5, 6, 8, 8, 3], [10, 11, 13, 13, 4], [23, 26, 27, 30, 4], [21, 26, 27, 30, 58]]
[[3, 4, 5, 5, 54]]
[[11, 18, 19, 25, 0], [11, 18, 21, 25, 0]]
[[6, 7, 8, 10, 1], [14, 15, 16, 17, 4]]
[[5, 8, 10, 15, 0], [5, 8, 90, 93, 1], [17, 19, 24, 25, 45], [17, 19, 38, 44, 45], [17, 19, 20, 25, 45], [32, 35, 38, 44, 45], [46, 48, 49, 55, 112]]
[[49, 50, 53, 54, 4], [1, 5, 15, 17, 4]]
[[17, 22, 23, 37, 112]]
[[1, 2, 3, 5, 6], [1, 2, 8, 9, 6]]
[[7, 12, 14, 15, 3], [29, 33, 25, 28, 0]]
[[6, 7, 1, 4, 3], [6, 7, 12, 18, 3], [8, 11, 1, 4, 3], [8, 11, 12, 18, 3]]
[[32, 33, 34, 35, 1], [1, 33, 34, 35, 162]]
[[5, 8, 10, 11, 6], [5, 8, 1, 3, 6]]
[[13, 20, 21, 24, 6], [13, 20, 38, 43, 6], [13, 20, 38, 40, 6]]
[]
[[1, 2, 3, 5, 3], [7, 8, 9, 11, 6], [14, 15, 18, 20, 3], [14, 17, 18, 20, 3]]
[[1, 2, 3, 4, 6], [9, 10, 11, 13, 4], [17, 18, 19, 22, 1]]
[[1, 2, 3, 4, 12], [12, 15, 16, 17, 103], [12, 15, 97, 100, 6], [30, 33, 34, 35, 21]]
[[4, 5, 6, 7, 12], [4, 5, 12, 14, 12]]
[[1, 5, 6, 11, 130], [1, 5, 8, 11, 130]]
[[24, 25, 26, 28, 1], [24, 25, 29, 30, 1], [31, 34, 29, 30, 1], [45, 47, 54, 56, 75], [5, 6, 2, 2, 0], [45, 53, 54, 56, 75]]
[[3, 3, 6, 9, 0], [28, 30, 33, 37, 0], [28, 30, 33, 40, 0]]
[[6, 8, 9, 11, 3], [6, 8, 14, 20, 3], [22, 27, 28, 30, 3]]
[[35, 36, 37, 40, 2]]
[[15, 16, 18, 21, 3], [15, 16, 17, 21, 3], [15, 16, 24, 26, 3]]
[[5, 12, 14, 16, 3], [19, 20, 22, 27, 1]]
[[61, 64, 69, 72, 6], [98, 102, 103, 105, 21]]
[[1, 3, 5, 6, 12], [1, 3, 9, 12, 12]]
[[28, 29, 35, 38, 4], [28, 31, 33, 38, 4]]
[[51, 53, 54, 56, 2], [6, 9, 17, 25, 6], [6, 9, 54, 56, 21], [13, 16, 17, 25, 6]]
[[1, 2, 3, 4, 4], [8, 9, 10, 13, 6]]
[[4, 5, 1, 2, 0], [4, 5, 7, 10, 0]]
[[42, 43, 45, 52, 4]]
[[15, 16, 22, 24, 1], [72, 75, 77, 79, 3]]
[[8, 9, 10, 14, 0], [18, 20, 21, 25, 84], [6, 9, 10, 14, 6], [27, 30, 31, 34, 2]]
[[1, 3, 5, 9, 0], [1, 3, 25, 32, 108], [20, 22, 25, 32, 108]]
[[1, 8, 9, 16, 6], [1, 8, 9, 11, 6], [1, 8, 13, 16, 6]]
[[3, 4, 5, 7, 3], [23, 28, 30, 32, 182]]
[[4, 5, 8, 11, 6]]
[[1, 8, 9, 17, 4]]
[[13, 14, 11, 12, 4], [186, 188, 189, 193, 45], [224, 227, 231, 232, 1], [195, 197, 199, 200, 45]]
[[6, 7, 8, 12, 12], [3, 7, 8, 12, 12]]
[[1, 3, 4, 7, 1], [1, 3, 12, 17, 1], [9, 10, 12, 17, 0]]
[[1, 2, 3, 3, 6], [1, 2, 6, 6, 6], [7, 10, 6, 6, 4]]
[[2, 7, 1, 1, 0], [9, 10, 14, 14, 6], [11, 12, 14, 14, 6], [16, 17, 22, 24, 12], [19, 21, 22, 24, 12]]
[[1, 2, 5, 7, 3], [3, 4, 5, 7, 3], [1, 4, 10, 10, 3]]
[[8, 9, 10, 13, 4], [19, 20, 21, 21, 4], [43, 44, 45, 46, 1], [43, 44, 38, 39, 1], [5, 9, 10, 13, 4]]
[[7, 8, 9, 11, 0], [17, 22, 24, 28, 3], [59, 63, 24, 28, 3], [59, 63, 64, 64, 3], [17, 46, 47, 52, 3], [55, 63, 64, 64, 3]]
[[38, 39, 40, 44, 1], [60, 65, 66, 74, 1], [85, 87, 88, 99, 108], [85, 87, 88, 100, 108]]
[[3, 4, 7, 8, 1], [3, 4, 15, 21, 1], [10, 11, 7, 8, 0], [10, 11, 15, 21, 0]]
[[48, 52, 53, 57, 12]]
[[1, 4, 5, 7, 3], [1, 4, 17, 21, 3], [11, 12, 14, 21, 12]]
[[1, 5, 6, 10, 3], [12, 13, 14, 25, 3], [12, 13, 24, 25, 3], [33, 35, 36, 45, 12], [27, 35, 36, 45, 12]]
[[9, 12, 6, 8, 21], [9, 12, 14, 19, 21]]
[[12, 22, 28, 31, 0], [12, 22, 48, 53, 0], [33, 40, 42, 53, 12], [33, 40, 48, 53, 12], [77, 81, 83, 84, 4], [12, 29, 30, 31, 0]]
[[5, 6, 1, 3, 3], [5, 6, 7, 11, 3]]
[[1, 2, 3, 4, 6], [6, 7, 9, 10, 4], [15, 16, 17, 19, 1]]
[[19, 21, 27, 30, 0], [19, 21, 35, 39, 0], [43, 45, 35, 39, 0]]
[[1, 11, 12, 14, 4], [31, 31, 27, 28, 49]]
[[1, 3, 7, 9, 12], [10, 11, 12, 17, 4], [1, 6, 7, 9, 3]]
[[1, 3, 4, 8, 0]]
[[1, 5, 12, 13, 1], [23, 24, 29, 32, 6], [29, 30, 31, 32, 1], [55, 57, 12, 13, 1], [55, 57, 61, 62, 0]]
[[1, 6, 7, 11, 4], [15, 16, 18, 21, 6]]
[[7, 8, 9, 15, 6], [17, 18, 19, 24, 1]]
[[18, 20, 21, 27, 0]]
[[1, 2, 5, 8, 3], [10, 11, 5, 8, 1], [10, 11, 12, 15, 1], [1, 4, 5, 8, 3]]
[[1, 4, 5, 9, 0], [1, 4, 12, 15, 0]]
[[7, 11, 3, 4, 12], [29, 29, 30, 31, 45], [33, 33, 34, 38, 0], [1, 2, 3, 4, 12]]
[[16, 17, 10, 14, 3]]
[[1, 4, 7, 10, 0], [1, 6, 7, 10, 3], [13, 14, 15, 18, 1]]
[[1, 10, 11, 14, 0], [16, 19, 21, 29, 112]]
[[3, 5, 8, 10, 3], [3, 7, 8, 10, 3]]
[[2, 6, 1, 1, 0], [2, 14, 23, 27, 12], [18, 18, 23, 27, 12]]
[[12, 20, 21, 23, 12], [44, 46, 47, 50, 3]]
[[10, 13, 14, 17, 12], [29, 30, 31, 38, 12]]
[[1, 2, 3, 4, 3], [8, 9, 10, 11, 3], [23, 24, 10, 11, 12], [23, 24, 25, 27, 12]]
[[3, 10, 11, 16, 182], [3, 8, 11, 16, 182]]
[[1, 3, 4, 9, 103]]
[[25, 28, 31, 32, 3], [29, 30, 31, 32, 3], [25, 30, 31, 32, 3]]
[[1, 8, 11, 13, 0], [14, 18, 11, 13, 4], [27, 28, 29, 57, 0]]
[[1, 2, 3, 5, 1], [7, 13, 15, 17, 3], [23, 24, 26, 28, 58]]
[[37, 40, 42, 44, 6], [45, 46, 42, 44, 103], [45, 46, 47, 47, 103]]
[[1, 2, 3, 4, 3], [1, 2, 14, 14, 0]]
[[55, 55, 52, 53, 1], [55, 55, 46, 53, 1], [5, 6, 7, 8, 1], [11, 12, 13, 15, 1]]
[[1, 2, 5, 7, 3], [1, 2, 8, 9, 3], [11, 15, 8, 9, 3]]
[[12, 13, 9, 10, 3], [6, 7, 9, 10, 0]]
[[5, 17, 23, 28, 0], [22, 22, 23, 28, 0]]
[[23, 26, 29, 30, 1]]
[[13, 14, 1, 5, 0], [13, 14, 3, 5, 0]]
[[6, 11, 12, 14, 0]]
[[1, 3, 4, 5, 49], [13, 16, 19, 25, 103], [13, 16, 17, 25, 103]]
[[17, 18, 22, 25, 1]]
[[42, 43, 51, 56, 4], [45, 48, 51, 56, 12], [61, 62, 63, 65, 1]]
[[1, 15, 16, 21, 3], [1, 15, 19, 21, 3]]
[[1, 7, 8, 13, 54], [1, 7, 20, 21, 54], [15, 18, 20, 21, 4]]
[[1, 7, 11, 12, 0], [9, 10, 11, 12, 3], [14, 15, 17, 21, 1], [23, 24, 25, 31, 4], [1, 10, 11, 12, 3]]
[[1, 3, 6, 10, 3], [1, 5, 6, 10, 3]]
[[1, 4, 5, 7, 0]]
[[3, 11, 12, 14, 21], [17, 19, 12, 14, 21]]
[[3, 4, 5, 8, 0], [10, 11, 14, 15, 1], [19, 20, 21, 23, 0], [17, 20, 21, 23, 0]]
[[1, 2, 3, 6, 3]]
[[1, 2, 3, 6, 3], [11, 16, 18, 24, 58]]
[[19, 21, 25, 28, 0], [31, 36, 38, 38, 182], [41, 42, 46, 48, 1]]
[[1, 2, 5, 7, 130], [9, 10, 14, 15, 12], [27, 30, 34, 37, 0], [27, 30, 31, 37, 0], [1, 4, 5, 7, 58]]
[[2, 4, 5, 11, 0], [15, 15, 16, 17, 0], [1, 4, 5, 11, 0]]
[[1, 2, 3, 4, 3], [7, 8, 9, 15, 1]]
[[1, 2, 3, 4, 3], [9, 14, 16, 18, 3]]
[[1, 3, 6, 10, 3]]
[[16, 25, 40, 46, 0], [16, 25, 8, 10, 0], [34, 35, 40, 46, 3], [37, 38, 40, 46, 4]]
[[6, 8, 13, 15, 0], [10, 11, 13, 15, 21], [10, 11, 19, 25, 21]]
[[8, 8, 5, 7, 0], [10, 12, 5, 7, 0]]
[[1, 4, 7, 11, 0], [1, 4, 15, 19, 0], [1, 4, 25, 27, 2], [23, 24, 25, 27, 2]]
[[3, 4, 5, 7, 0]]
[[8, 12, 13, 15, 103]]
[[5, 7, 9, 12, 3]]
[[3, 8, 9, 11, 3], [15, 16, 18, 19, 1], [35, 38, 40, 45, 21], [64, 65, 9, 11, 12], [64, 65, 67, 73, 12]]
[[106, 107, 108, 109, 3]]
[[1, 2, 3, 4, 3], [1, 2, 10, 12, 3], [5, 6, 7, 12, 6], [16, 20, 21, 26, 12], [34, 39, 40, 42, 66]]
[[4, 8, 1, 15, 3], [10, 11, 13, 15, 3]]
[[1, 2, 3, 4, 0]]
[[1, 2, 3, 5, 3], [7, 8, 3, 5, 1], [7, 8, 11, 14, 1]]
[[4, 7, 1, 2, 0], [4, 7, 8, 13, 0]]
[[1, 5, 8, 10, 3], [12, 13, 14, 18, 3], [20, 25, 26, 32, 3], [1, 7, 8, 10, 3]]
[[1, 7, 8, 11, 12], [15, 18, 19, 30, 0], [37, 38, 39, 40, 6], [42, 43, 44, 45, 3], [42, 43, 47, 50, 3], [52, 53, 54, 55, 103]]
[[1, 4, 5, 8, 3], [1, 4, 18, 23, 3], [1, 4, 27, 34, 3]]
[[25, 26, 32, 34, 3], [25, 26, 41, 43, 3], [27, 28, 32, 34, 3], [29, 30, 32, 34, 4], [36, 37, 41, 43, 0]]
[[3, 4, 5, 7, 3]]
[[26, 29, 31, 33, 1]]
[[1, 2, 3, 5, 3], [1, 2, 7, 8, 3]]
[[4, 5, 13, 15, 0], [19, 21, 24, 27, 49], [28, 30, 33, 34, 4], [51, 51, 58, 61, 75]]
[[5, 11, 12, 16, 3], [23, 25, 26, 29, 6], [1, 3, 20, 22, 6], [1, 11, 26, 29, 3]]
[[1, 2, 3, 6, 3], [1, 2, 23, 23, 3], [1, 2, 25, 25, 3], [1, 2, 27, 29, 3], [10, 14, 15, 19, 75], [10, 14, 27, 29, 3]]
[[1, 6, 7, 9, 75], [11, 12, 14, 14, 3]]
[[15, 16, 18, 21, 2], [23, 24, 25, 26, 58], [34, 35, 37, 38, 58], [2, 3, 4, 7, 3]]
[[3, 4, 5, 11, 3], [3, 4, 5, 7, 3]]
[[1, 4, 5, 7, 0], [9, 10, 12, 14, 1]]
[[16, 20, 21, 22, 4], [49, 53, 54, 60, 12], [49, 53, 58, 60, 12], [69, 71, 73, 74, 4], [3, 8, 1, 2, 6], [1, 8, 3, 4, 6], [16, 22, 25, 31, 4]]
[[35, 36, 37, 38, 1], [15, 19, 21, 27, 3]]
[[15, 16, 17, 18, 6], [20, 21, 22, 22, 6], [29, 30, 31, 31, 12], [33, 36, 37, 37, 12], [24, 30, 31, 31, 12]]
[[1, 2, 4, 7, 3], [11, 12, 4, 7, 0]]
[[1, 4, 5, 8, 3], [1, 4, 27, 36, 3], [10, 26, 5, 8, 3]]
[[3, 4, 5, 10, 1]]
[[3, 11, 12, 16, 0], [1, 11, 12, 16, 0]]
[[1, 3, 4, 7, 75], [1, 3, 31, 49, 75], [1, 3, 4, 12, 75], [1, 18, 45, 49, 75]]
[[1, 4, 5, 15, 75]]
[[1, 7, 8, 29, 103], [1, 7, 28, 29, 4], [17, 18, 19, 21, 103], [17, 18, 28, 29, 103]]
[[1, 2, 3, 4, 3], [1, 2, 9, 10, 3], [6, 7, 3, 4, 1], [6, 7, 9, 10, 1]]
[[1, 2, 3, 4, 3], [1, 2, 6, 7, 3], [19, 20, 21, 23, 54], [8, 9, 6, 7, 3], [17, 20, 21, 23, 54]]
[[7, 11, 15, 16, 1], [7, 14, 15, 16, 1]]
[[13, 14, 15, 18, 4], [24, 25, 28, 30, 1]]
[[2, 5, 6, 9, 0], [11, 13, 14, 22, 1]]
[[1, 7, 12, 13, 1], [9, 10, 12, 13, 1], [9, 10, 15, 16, 1]]
[[3, 8, 9, 16, 4], [12, 13, 14, 16, 4], [30, 32, 33, 34, 12]]
[[3, 4, 8, 11, 6], [19, 20, 21, 22, 4]]
[[9, 10, 11, 15, 4], [17, 18, 21, 24, 58]]
[[26, 29, 30, 34, 58], [26, 29, 32, 34, 58], [5, 8, 15, 17, 6], [10, 12, 15, 17, 12]]
[[21, 22, 23, 26, 12], [21, 22, 28, 33, 12], [13, 18, 11, 12, 75]]
[[1, 5, 6, 8, 0]]
[[1, 2, 3, 5, 0], [1, 2, 10, 11, 6]]
[[1, 5, 9, 11, 0], [1, 5, 14, 16, 0], [1, 5, 18, 26, 0], [7, 8, 9, 11, 3], [1, 8, 9, 11, 3]]
[[1, 2, 12, 14, 1], [8, 9, 12, 14, 112], [25, 26, 27, 31, 6]]
[[1, 4, 14, 22, 1], [1, 4, 21, 22, 1], [1, 6, 14, 19, 1]]
[[13, 14, 1, 2, 6], [13, 14, 4, 5, 6]]
[[36, 39, 34, 35, 12], [36, 39, 45, 46, 12], [41, 44, 45, 46, 4], [50, 51, 48, 49, 4], [50, 51, 52, 59, 4]]
[[1, 2, 3, 6, 4]]
[[8, 9, 1, 6, 0], [8, 9, 11, 16, 0]]
[[66, 67, 68, 71, 0], [66, 67, 60, 64, 0], [90, 91, 93, 100, 1]]
[[17, 19, 20, 22, 103], [17, 19, 24, 30, 103]]
[[4, 5, 3, 3, 3], [9, 10, 3, 8, 3], [58, 61, 62, 73, 0]]
[[1, 10, 17, 19, 12]]
[[15, 17, 18, 21, 12], [22, 22, 18, 21, 12], [45, 46, 50, 55, 0], [45, 46, 34, 44, 0], [45, 46, 47, 55, 0], [1, 4, 5, 10, 3]]
[[1, 1, 6, 8, 1], [12, 13, 15, 20, 1], [12, 13, 10, 10, 1]]
[[1, 4, 7, 18, 0], [34, 37, 38, 39, 4], [40, 41, 42, 45, 1], [40, 41, 44, 45, 1], [27, 28, 38, 39, 3]]
[[4, 5, 6, 12, 3], [16, 17, 19, 24, 1], [16, 17, 21, 24, 1]]
[[1, 2, 3, 6, 4], [1, 2, 5, 6, 4]]
[[4, 7, 8, 10, 0], [18, 22, 23, 25, 103], [34, 35, 36, 39, 58]]
[[4, 5, 3, 3, 3]]
[[1, 14, 17, 19, 0], [1, 14, 22, 23, 6], [1, 14, 50, 52, 0], [26, 29, 31, 37, 54], [60, 61, 63, 66, 6], [60, 61, 22, 23, 6], [60, 61, 67, 69, 6]]
[[3, 4, 5, 6, 3], [11, 12, 13, 19, 1]]
[[1, 9, 11, 13, 3]]
[[1, 4, 5, 6, 12], [1, 4, 9, 12, 12]]
[[3, 6, 16, 19, 6], [11, 14, 16, 19, 6], [22, 23, 16, 19, 1]]
[[20, 21, 17, 19, 6], [17, 21, 33, 36, 6]]
[[1, 7, 10, 11, 3], [1, 9, 10, 11, 3]]
[[3, 4, 7, 10, 0], [11, 12, 7, 10, 0]]
[[21, 25, 26, 27, 162], [29, 33, 35, 36, 162]]
[[1, 2, 3, 5, 12], [7, 8, 12, 14, 3], [7, 10, 12, 14, 3]]
[[1, 4, 5, 6, 49]]
[[7, 8, 9, 12, 3]]
[[1, 6, 7, 8, 3], [13, 14, 16, 17, 1], [23, 24, 26, 32, 0], [23, 24, 29, 32, 3]]
[[1, 1, 2, 3, 12], [6, 11, 12, 18, 4]]
[[5, 11, 13, 17, 0]]
[[1, 2, 3, 4, 3], [1, 2, 9, 16, 3]]
[[7, 14, 15, 17, 0]]
[[1, 6, 8, 10, 3]]
[[12, 13, 14, 19, 1]]
[[1, 9, 10, 15, 3]]
[[1, 17, 30, 32, 0], [1, 17, 76, 79, 1], [65, 66, 76, 79, 6], [25, 26, 30, 32, 4]]
[[51, 52, 56, 61, 58], [66, 70, 71, 73, 6]]
[[3, 7, 1, 2, 0], [9, 10, 11, 12, 4], [9, 10, 12, 12, 4], [24, 25, 26, 28, 1]]
[[1, 2, 9, 10, 12], [1, 4, 9, 10, 12]]
[[1, 2, 13, 23, 4], [7, 8, 13, 23, 6], [10, 11, 13, 16, 1]]
[[24, 28, 30, 31, 12], [27, 28, 33, 37, 12]]
[[15, 20, 22, 24, 87], [26, 27, 32, 34, 3], [18, 20, 36, 36, 6]]
[[10, 19, 20, 26, 0], [10, 19, 22, 26, 0], [10, 19, 30, 48, 3]]
[[7, 9, 10, 16, 3], [7, 9, 12, 16, 3]]
[[1, 6, 7, 9, 3], [32, 35, 37, 44, 12]]
[[1, 2, 3, 10, 108]]
[[10, 11, 14, 20, 1]]
[[3, 4, 6, 10, 1], [7, 8, 9, 10, 1]]
[[9, 11, 12, 16, 0]]
[[1, 2, 3, 8, 3]]
[[1, 4, 6, 8, 3], [10, 11, 13, 20, 0], [10, 11, 17, 20, 0]]
[[1, 2, 3, 6, 6], [19, 22, 29, 31, 4], [24, 25, 29, 31, 4], [26, 28, 29, 31, 103]]
[[121, 122, 123, 124, 3], [126, 127, 132, 135, 6], [128, 129, 132, 135, 6], [126, 129, 130, 135, 6]]
[]
[[1, 7, 8, 9, 4], [1, 7, 11, 12, 4], [16, 17, 18, 23, 3], [29, 33, 44, 46, 4], [61, 62, 63, 70, 6], [61, 62, 67, 70, 6], [74, 75, 8, 9, 4], [1, 33, 49, 53, 4]]
[[6, 7, 8, 14, 3], [6, 7, 11, 14, 3], [17, 19, 20, 21, 12], [36, 37, 38, 41, 3], [32, 37, 27, 31, 3]]
[[1, 2, 3, 10, 3], [13, 14, 15, 19, 3]]
[[1, 2, 3, 5, 3], [7, 8, 3, 5, 1], [7, 8, 9, 11, 1]]
[[8, 9, 11, 12, 3]]
[[8, 19, 2, 4, 0], [24, 30, 31, 37, 0], [41, 55, 31, 37, 4], [41, 55, 66, 70, 4], [54, 55, 51, 52, 4]]
[[6, 10, 11, 16, 103], [6, 10, 70, 70, 103], [81, 83, 85, 86, 2], [115, 119, 120, 124, 6], [151, 176, 177, 180, 6], [72, 73, 76, 79, 6], [175, 176, 85, 86, 4], [175, 176, 177, 180, 2], [115, 122, 123, 124, 2]]
[[1, 2, 3, 8, 6], [9, 12, 14, 18, 6]]
[[13, 20, 21, 22, 75]]
[[56, 57, 58, 58, 4], [113, 114, 115, 116, 12]]
[[15, 15, 17, 22, 0]]
[[4, 5, 1, 2, 3], [4, 5, 9, 13, 3], [7, 8, 9, 13, 2]]
[[3, 9, 13, 17, 3], [11, 12, 13, 17, 3]]
[[10, 11, 14, 16, 1]]
[[41, 50, 51, 60, 0], [41, 50, 55, 60, 0]]
[[13, 18, 19, 23, 2]]
[[1, 4, 5, 8, 0], [1, 4, 16, 21, 0], [11, 15, 16, 21, 0]]
[[1, 2, 3, 4, 3], [1, 2, 5, 7, 3], [9, 12, 13, 14, 0], [16, 21, 22, 24, 12]]
[[7, 8, 10, 11, 1]]
[[1, 3, 7, 10, 4]]
[[9, 10, 3, 4, 3], [9, 10, 7, 8, 3], [12, 13, 3, 4, 0], [12, 13, 7, 10, 3], [12, 13, 7, 8, 3], [7, 10, 3, 4, 3]]
[[13, 16, 29, 32, 0], [18, 24, 25, 32, 12], [18, 24, 29, 32, 12], [1, 16, 5, 8, 0]]
[[12, 15, 16, 17, 6], [12, 15, 18, 19, 6], [30, 32, 33, 34, 3], [16, 17, 18, 19, 6]]
[[119, 124, 126, 128, 58], [140, 141, 146, 148, 1], [121, 124, 126, 128, 58]]
[[1, 22, 23, 26, 4], [27, 28, 25, 26, 103], [27, 28, 30, 31, 103], [32, 35, 30, 31, 12], [32, 35, 41, 44, 12], [37, 40, 41, 44, 4], [1, 35, 46, 53, 4]]
[[1, 4, 6, 8, 6]]
[[1, 2, 6, 7, 6], [1, 2, 8, 13, 6]]
[[16, 17, 19, 20, 2], [16, 17, 25, 26, 2], [35, 36, 28, 31, 0], [35, 36, 25, 26, 6]]
[[9, 10, 17, 19, 6], [13, 14, 17, 19, 3]]
[[2, 3, 4, 14, 3]]
[[1, 2, 3, 6, 3], [9, 10, 15, 23, 1], [12, 13, 15, 23, 1]]
[[5, 11, 13, 16, 4]]
[[6, 8, 9, 11, 0], [16, 17, 20, 25, 2], [26, 30, 32, 33, 0], [34, 34, 35, 37, 45], [47, 48, 50, 54, 0]]
[[2, 5, 6, 11, 1]]
[[59, 59, 62, 64, 49], [60, 61, 62, 64, 4], [60, 61, 74, 75, 4], [59, 61, 62, 64, 4]]
[[17, 18, 19, 22, 21], [17, 18, 26, 27, 21]]
[[9, 10, 13, 14, 1], [16, 18, 19, 21, 1]]
[[4, 6, 1, 3, 0], [8, 9, 14, 17, 12], [8, 9, 33, 37, 12], [11, 12, 14, 17, 4], [38, 39, 40, 41, 12], [43, 44, 46, 48, 6], [43, 44, 49, 55, 6]]
[[3, 4, 1, 2, 6], [6, 9, 10, 11, 58]]
[[39, 40, 41, 43, 1]]
[[1, 4, 8, 9, 3], [1, 7, 8, 9, 3], [1, 7, 16, 19, 3], [1, 7, 20, 29, 3]]
[[1, 2, 3, 4, 3], [1, 2, 7, 8, 3], [1, 2, 9, 10, 3]]
[[9, 12, 16, 19, 0], [13, 14, 16, 19, 3], [33, 34, 36, 37, 6], [9, 14, 16, 19, 3], [30, 34, 36, 37, 6]]
[[1, 2, 3, 6, 103], [9, 10, 12, 14, 6]]
[[1, 4, 5, 8, 3], [1, 4, 7, 8, 3], [1, 4, 10, 13, 3], [17, 18, 20, 23, 3]]
[[1, 9, 10, 13, 6], [1, 9, 14, 15, 6]]
[[6, 7, 3, 4, 3], [11, 12, 15, 22, 6], [35, 36, 38, 40, 1]]
[[5, 13, 16, 17, 0], [14, 15, 16, 17, 3], [26, 29, 31, 32, 3], [33, 34, 36, 43, 6]]
[[7, 8, 1, 2, 6], [7, 8, 9, 12, 0], [4, 8, 1, 2, 6], [1, 8, 9, 12, 6]]
[]
[[10, 13, 18, 20, 0], [40, 41, 42, 46, 0], [24, 24, 21, 23, 4], [33, 34, 35, 38, 4]]
[[1, 4, 8, 13, 6]]
[[1, 2, 6, 11, 108]]
[[4, 5, 6, 8, 3], [4, 5, 10, 14, 3], [20, 21, 22, 24, 1]]
[[1, 2, 3, 6, 1], [25, 26, 27, 27, 1]]
[[9, 10, 13, 14, 0]]
[[3, 4, 9, 17, 0], [3, 7, 9, 16, 3]]
[[1, 2, 3, 5, 12]]
[[1, 2, 3, 5, 1], [20, 20, 16, 18, 3]]
[[8, 9, 10, 12, 6], [21, 22, 24, 27, 103]]
[[1, 14, 17, 18, 3], [20, 21, 17, 18, 3], [28, 29, 25, 26, 12], [28, 29, 33, 35, 12], [1, 21, 17, 18, 3], [1, 21, 25, 26, 3], [1, 21, 33, 35, 3]]
[[10, 14, 15, 19, 0], [20, 27, 15, 19, 58]]
[[1, 5, 7, 10, 0], [11, 12, 13, 16, 4]]
[[1, 24, 27, 30, 0], [34, 38, 41, 43, 6]]
[[9, 11, 12, 17, 3], [1, 5, 6, 7, 3]]
[[20, 23, 24, 49, 6], [42, 45, 46, 49, 6], [52, 53, 54, 55, 103]]
[[1, 3, 5, 8, 3], [12, 16, 17, 19, 3]]
[[1, 3, 4, 10, 3]]
[[11, 14, 21, 24, 45], [16, 20, 21, 24, 108]]
[[2, 3, 4, 8, 0]]
[[23, 24, 25, 27, 4], [36, 44, 30, 31, 0], [36, 44, 38, 40, 1]]
[[5, 9, 1, 4, 0], [5, 9, 23, 26, 6], [17, 22, 23, 26, 6], [5, 16, 23, 26, 6]]
[[5, 8, 1, 3, 0]]
[]
[[11, 16, 17, 19, 1]]
[[36, 37, 38, 40, 1]]
[[1, 3, 11, 15, 54], [5, 7, 11, 15, 6]]
[[118, 136, 137, 138, 0], [67, 84, 85, 86, 0], [141, 142, 144, 145, 4], [161, 186, 189, 192, 0]]
[[1, 2, 3, 8, 0], [1, 2, 12, 14, 0]]
[[65, 66, 67, 71, 12], [65, 68, 69, 71, 12]]
[[1, 6, 7, 9, 75]]
[[3, 14, 15, 17, 3], [3, 14, 19, 26, 3]]
[[1, 10, 12, 14, 0], [1, 10, 16, 18, 0], [12, 14, 16, 18, 0]]
[[6, 7, 8, 10, 189], [6, 7, 14, 15, 1], [16, 17, 14, 15, 1], [16, 17, 18, 28, 1], [24, 25, 26, 28, 0]]
[[28, 29, 31, 34, 58], [28, 29, 30, 34, 58]]
[[85, 88, 89, 91, 12], [109, 112, 114, 116, 12]]
[[1, 2, 3, 8, 3]]
[[1, 7, 13, 19, 6], [11, 12, 13, 19, 6], [34, 37, 38, 46, 21], [34, 37, 41, 46, 21]]
[[38, 39, 40, 42, 1], [68, 73, 76, 78, 1]]
[[3, 3, 7, 9, 45], [3, 3, 4, 9, 45]]
[[1, 2, 5, 10, 58]]
[[54, 55, 56, 59, 58], [61, 62, 63, 63, 58]]
[[3, 4, 5, 6, 0], [3, 4, 57, 61, 0], [41, 44, 33, 39, 12], [41, 44, 45, 47, 12], [154, 155, 156, 156, 4], [154, 155, 159, 159, 103], [157, 158, 159, 159, 6], [160, 161, 162, 163, 4], [187, 190, 192, 194, 0], [28, 31, 33, 39, 3], [106, 113, 115, 142, 66]]
[]
[[3, 4, 1, 2, 4], [5, 6, 1, 2, 1], [3, 6, 1, 2, 1]]
[[6, 8, 13, 16, 3], [11, 12, 13, 16, 3], [18, 21, 23, 25, 12], [6, 12, 23, 25, 3]]
[[53, 55, 52, 52, 45]]
[[1, 1, 3, 7, 75], [19, 19, 21, 29, 75], [33, 34, 36, 37, 4]]
[[1, 3, 4, 6, 12]]
[]
[[1, 2, 3, 7, 3], [10, 11, 13, 16, 1]]
[[1, 8, 10, 11, 0], [15, 19, 20, 21, 1]]
[[51, 53, 54, 55, 4], [16, 41, 42, 49, 1]]
[[89, 90, 91, 91, 4], [93, 95, 96, 99, 108], [12, 28, 84, 87, 0], [79, 83, 84, 87, 3]]
[[19, 20, 21, 25, 3]]
[[24, 25, 26, 28, 4], [55, 56, 49, 53, 6], [62, 64, 65, 78, 4], [62, 64, 74, 78, 103], [80, 81, 74, 78, 3]]
[[9, 15, 16, 21, 3], [22, 23, 26, 29, 4], [1, 6, 16, 21, 3]]
[[17, 18, 22, 23, 0], [19, 20, 22, 23, 3], [17, 20, 22, 23, 3]]
[[7, 10, 1, 5, 0], [7, 10, 1, 6, 0], [7, 10, 24, 27, 0], [20, 22, 24, 27, 1]]
[[37, 38, 39, 40, 1], [24, 25, 21, 22, 3]]
[[1, 2, 3, 4, 3], [7, 8, 9, 22, 1], [7, 8, 16, 22, 1], [12, 15, 16, 22, 1]]
[[5, 7, 3, 4, 0], [5, 7, 15, 21, 0], [9, 10, 11, 11, 3], [9, 10, 14, 14, 3], [12, 13, 14, 14, 3], [12, 13, 15, 21, 3]]
[[1, 2, 3, 7, 3], [14, 22, 10, 13, 0]]
[[6, 7, 3, 4, 3], [14, 17, 9, 20, 0]]
[[2, 3, 4, 8, 3], [43, 44, 45, 48, 2]]
[[5, 6, 7, 10, 3], [5, 6, 16, 24, 3], [12, 14, 1, 10, 3], [12, 14, 16, 24, 0], [12, 14, 7, 10, 3], [31, 32, 28, 40, 3], [28, 32, 35, 40, 3]]
[[2, 6, 7, 12, 3], [18, 19, 20, 25, 0], [18, 19, 23, 25, 0], [29, 32, 35, 37, 2], [29, 32, 33, 37, 2]]
[[1, 2, 7, 10, 3], [4, 5, 7, 10, 3]]
[[3, 4, 10, 13, 4], [5, 6, 10, 13, 4], [3, 8, 10, 13, 4]]
[[1, 6, 7, 9, 0], [1, 6, 10, 15, 1], [25, 27, 28, 34, 0], [17, 18, 10, 15, 1]]
[[1, 2, 3, 4, 3]]
[[4, 5, 6, 7, 3], [4, 5, 11, 13, 3], [9, 10, 11, 13, 3], [16, 17, 19, 20, 1]]
[[71, 73, 74, 74, 1]]
[[1, 5, 6, 12, 3]]
[[12, 15, 16, 18, 102], [25, 30, 34, 36, 103], [32, 33, 34, 36, 0]]
[[38, 41, 42, 46, 75], [62, 75, 76, 80, 4]]
[[1, 2, 7, 8, 0]]
[[23, 25, 26, 30, 4], [23, 25, 39, 42, 4], [31, 37, 39, 42, 3]]
[[1, 8, 9, 11, 103]]
[[5, 20, 2, 4, 0], [5, 20, 26, 28, 4], [5, 9, 2, 4, 0], [13, 20, 2, 4, 3], [22, 24, 26, 28, 0], [22, 24, 33, 35, 3]]
[[3, 4, 9, 15, 1], [3, 4, 9, 11, 3], [14, 15, 9, 11, 1]]
[[1, 2, 3, 7, 1], [1, 2, 18, 21, 1]]
[[22, 23, 24, 28, 1], [22, 23, 24, 25, 1], [48, 49, 50, 52, 6], [48, 49, 54, 60, 6], [76, 77, 78, 80, 4]]
[[30, 31, 32, 38, 4], [5, 7, 9, 38, 0]]
[[20, 23, 24, 30, 21], [20, 23, 76, 81, 21], [17, 23, 24, 30, 21]]
[[4, 9, 10, 11, 6], [13, 14, 15, 16, 3], [18, 19, 20, 27, 12]]
[[25, 45, 56, 59, 0], [49, 50, 56, 59, 72]]
[[1, 2, 10, 16, 3], [1, 2, 10, 14, 3], [18, 22, 10, 16, 3], [26, 27, 29, 34, 58]]
[[3, 5, 6, 10, 0], [15, 18, 19, 22, 0]]
[[1, 5, 6, 12, 0]]
[[23, 24, 25, 27, 3], [4, 6, 11, 16, 75]]
[[1, 5, 11, 15, 112]]
[[1, 2, 3, 8, 1], [12, 15, 16, 26, 12]]
[[1, 6, 7, 8, 1], [1, 6, 7, 14, 0]]
[[1, 2, 3, 8, 3], [9, 10, 11, 13, 13], [16, 17, 19, 23, 1], [16, 17, 49, 51, 1], [26, 27, 37, 39, 54]]
[[4, 7, 1, 2, 0], [4, 7, 11, 20, 6]]
[[1, 3, 4, 10, 3], [1, 5, 7, 10, 3]]
[[27, 33, 35, 40, 45], [55, 56, 62, 64, 2], [58, 60, 62, 64, 4]]
[[93, 94, 97, 101, 1], [98, 99, 100, 101, 1], [119, 122, 123, 128, 12]]
[[7, 8, 13, 15, 3], [10, 11, 13, 15, 3], [7, 11, 13, 15, 3]]
[[1, 6, 11, 13, 112], [18, 19, 25, 30, 1], [18, 19, 28, 30, 1], [1, 9, 11, 13, 0]]
[[1, 9, 10, 11, 1]]
[[22, 24, 26, 27, 103], [16, 16, 17, 17, 49]]
[[15, 16, 17, 21, 20], [98, 99, 102, 103, 3], [109, 110, 111, 119, 1], [98, 101, 102, 103, 3]]
[[1, 6, 8, 10, 3], [15, 16, 19, 22, 1]]
[[23, 28, 33, 35, 3], [30, 31, 33, 35, 3]]
[[1, 3, 4, 8, 45]]
[[2, 3, 1, 1, 0], [2, 3, 6, 7, 6], [4, 5, 6, 7, 6], [2, 5, 6, 7, 6], [2, 5, 8, 18, 6]]
[[4, 5, 1, 2, 0], [4, 5, 7, 9, 3], [4, 5, 12, 16, 3], [11, 11, 1, 2, 0], [11, 11, 12, 16, 3]]
[[20, 21, 24, 26, 1], [22, 23, 24, 26, 1], [20, 23, 24, 26, 1]]
[[1, 2, 3, 4, 3], [1, 2, 22, 23, 3], [14, 15, 3, 4, 1], [14, 15, 22, 23, 1]]
[[29, 30, 32, 34, 1], [1, 1, 12, 14, 0], [6, 10, 12, 14, 0]]
[[16, 17, 18, 20, 4], [40, 41, 42, 46, 112], [22, 25, 26, 38, 4]]
[[40, 44, 37, 39, 6]]
[[1, 3, 4, 7, 0], [11, 14, 4, 7, 3], [11, 14, 26, 29, 3], [16, 19, 26, 29, 3], [22, 23, 26, 29, 3], [34, 35, 37, 40, 1]]
[[17, 18, 19, 21, 58]]
[[7, 10, 11, 13, 4]]
[[1, 1, 2, 8, 0], [14, 15, 19, 24, 1], [14, 15, 21, 24, 1], [28, 29, 21, 24, 9]]
[[8, 9, 10, 11, 1], [8, 9, 1, 4, 1]]
[[5, 6, 20, 21, 6], [26, 27, 28, 31, 6], [55, 56, 57, 60, 58], [61, 62, 63, 64, 4], [85, 86, 88, 89, 1]]
[[1, 4, 11, 12, 0], [6, 9, 11, 12, 0], [22, 23, 24, 25, 6], [22, 25, 26, 28, 6]]
[[9, 12, 14, 15, 112], [18, 19, 24, 26, 112]]
[[37, 42, 48, 51, 1], [76, 83, 84, 87, 9], [76, 83, 221, 222, 9], [104, 105, 107, 110, 1], [219, 220, 221, 222, 9], [21, 25, 27, 27, 12]]
[[4, 9, 1, 3, 108], [4, 9, 10, 14, 112], [4, 9, 11, 14, 108]]
[[1, 2, 3, 4, 0]]
[[16, 17, 18, 20, 1], [9, 9, 6, 8, 0]]
[[3, 6, 14, 18, 21]]
[[1, 5, 6, 14, 3], [17, 18, 22, 27, 3], [20, 21, 22, 27, 4]]
[[7, 7, 8, 10, 2], [19, 20, 21, 30, 3], [19, 20, 28, 30, 3]]
[[6, 10, 11, 14, 3]]
[[19, 20, 21, 22, 4], [1, 3, 15, 22, 112]]
[[11, 13, 36, 69, 0], [53, 55, 57, 69, 103]]
[[7, 14, 1, 2, 0], [7, 14, 24, 26, 6]]
[[3, 4, 6, 9, 3], [3, 4, 8, 9, 3]]
[[12, 13, 15, 16, 3], [7, 10, 5, 6, 0]]
[[6, 7, 1, 4, 3], [9, 10, 11, 16, 1]]
[[23, 29, 30, 33, 1], [23, 29, 43, 43, 0], [35, 36, 38, 38, 1]]
[[20, 21, 22, 24, 1], [20, 21, 31, 34, 1], [28, 30, 31, 34, 1]]
[[4, 12, 1, 40, 3]]
[[12, 13, 15, 16, 1], [104, 105, 106, 111, 2], [1, 1, 5, 10, 0]]
[[5, 7, 8, 10, 3], [5, 7, 2, 3, 3], [14, 15, 17, 20, 1]]
[[51, 54, 55, 58, 103]]
[[4, 5, 6, 7, 3]]
[[5, 7, 16, 17, 0], [12, 15, 16, 17, 0], [12, 15, 55, 57, 0], [20, 24, 31, 32, 0], [34, 37, 31, 32, 4], [40, 42, 55, 57, 6], [64, 67, 70, 73, 2], [20, 37, 55, 57, 3]]
[[1, 5, 6, 7, 0], [18, 21, 44, 53, 112]]
[[1, 2, 3, 4, 3], [8, 11, 3, 4, 3], [8, 11, 12, 16, 3], [21, 22, 23, 27, 3], [37, 38, 34, 35, 0]]
[[3, 6, 10, 13, 0], [31, 34, 35, 38, 0]]
[]
[[27, 28, 36, 38, 0], [115, 116, 117, 122, 3], [165, 170, 117, 122, 0], [165, 170, 177, 182, 49]]
[[8, 15, 1, 2, 0], [8, 15, 54, 55, 0], [26, 27, 28, 30, 75], [37, 44, 1, 2, 0], [37, 44, 54, 55, 0], [46, 52, 54, 55, 0]]
[[62, 63, 64, 67, 4], [112, 114, 115, 119, 0]]
[[1, 12, 13, 15, 1], [1, 12, 29, 31, 1], [17, 18, 13, 15, 3], [24, 25, 26, 28, 1], [24, 25, 29, 31, 1], [34, 37, 38, 44, 3]]
[[3, 6, 14, 15, 3], [9, 12, 14, 15, 3], [19, 20, 22, 28, 3]]
[[34, 35, 36, 42, 108], [56, 56, 66, 68, 45], [63, 64, 66, 68, 45], [82, 88, 89, 93, 1]]
[[1, 2, 3, 4, 3], [7, 8, 13, 16, 1]]
[[14, 15, 6, 9, 0], [14, 15, 6, 11, 0]]
[[2, 3, 17, 19, 162], [2, 3, 66, 70, 162], [7, 16, 17, 19, 162], [33, 41, 57, 60, 58], [54, 55, 57, 60, 58], [62, 64, 66, 70, 9]]
[[15, 21, 22, 24, 12]]
[[123, 130, 131, 133, 0], [123, 130, 131, 132, 0], [177, 178, 174, 175, 1], [177, 178, 205, 208, 9], [216, 217, 218, 223, 2], [233, 234, 235, 236, 4], [109, 113, 114, 119, 0]]
[[1, 3, 4, 7, 1], [1, 3, 11, 15, 1], [9, 10, 11, 15, 1]]
[[7, 9, 10, 11, 0], [7, 9, 27, 27, 0], [24, 25, 27, 27, 58]]
[[1, 3, 7, 11, 0], [28, 29, 30, 31, 4]]
[[22, 25, 29, 32, 6]]
[[4, 7, 1, 2, 0], [4, 7, 10, 14, 0], [4, 7, 13, 14, 0], [10, 12, 13, 14, 0]]
[[5, 6, 7, 8, 1], [11, 12, 13, 16, 1], [18, 19, 5, 8, 1], [18, 19, 13, 16, 0]]
[[1, 4, 5, 6, 0]]
[[1, 2, 3, 5, 1], [15, 16, 12, 13, 0]]
[[1, 5, 8, 12, 0], [1, 5, 15, 19, 1]]
[[1, 5, 6, 10, 58]]
[[56, 58, 59, 61, 0]]
[[1, 8, 20, 22, 3], [24, 28, 29, 30, 12], [24, 28, 20, 22, 12]]
[[1, 2, 3, 5, 6], [7, 18, 20, 22, 21], [7, 10, 20, 22, 21]]
[[1, 1, 3, 7, 45]]
[[1, 8, 27, 28, 0], [29, 32, 27, 28, 12], [29, 32, 38, 41, 12], [34, 37, 38, 41, 3], [45, 46, 43, 44, 103], [45, 46, 47, 52, 4]]
[[3, 4, 6, 15, 0], [3, 4, 6, 10, 0]]
[[54, 59, 60, 61, 4], [75, 78, 80, 89, 0]]
[[1, 2, 7, 9, 3], [4, 5, 7, 9, 1]]
[]
[[2, 3, 6, 7, 1], [19, 21, 22, 25, 9]]
[[1, 3, 9, 11, 0], [1, 3, 4, 11, 0], [13, 16, 17, 18, 12], [20, 21, 22, 23, 4], [39, 40, 9, 11, 0], [13, 21, 22, 23, 12]]
[[1, 4, 5, 10, 2], [14, 19, 20, 22, 147], [1, 7, 8, 10, 2]]
[[4, 5, 11, 12, 1], [8, 9, 11, 12, 1]]
[[1, 1, 5, 9, 49], [3, 4, 5, 9, 112]]
[[1, 5, 6, 10, 58], [1, 5, 103, 107, 58], [55, 56, 57, 61, 58]]
[[11, 12, 15, 21, 49], [50, 55, 57, 58, 58]]
[[1, 4, 7, 14, 3], [16, 23, 24, 25, 4]]
[[21, 22, 31, 34, 54], [24, 25, 31, 34, 9], [28, 29, 31, 34, 4]]
[]
[[21, 25, 26, 30, 66], [17, 25, 26, 30, 66]]
[[16, 17, 1, 14, 6], [16, 17, 1, 3, 3], [16, 17, 6, 7, 6], [6, 9, 1, 3, 3], [9, 9, 6, 7, 6]]
[[3, 6, 9, 10, 6]]
[[11, 12, 13, 15, 3], [22, 23, 26, 28, 4], [40, 43, 44, 49, 1]]
[[5, 18, 31, 32, 112], [5, 18, 34, 37, 6], [27, 30, 31, 32, 6]]
[[1, 6, 7, 9, 49], [40, 41, 42, 43, 1]]
[[4, 5, 6, 9, 12], [4, 5, 119, 122, 12], [18, 33, 6, 9, 9], [18, 33, 96, 98, 0], [18, 33, 119, 122, 0], [92, 95, 96, 98, 13]]
[[11, 12, 15, 19, 4]]
[[19, 20, 21, 22, 1], [27, 30, 31, 35, 0]]
[[9, 10, 11, 12, 6], [1, 10, 11, 12, 6]]
[[29, 32, 34, 37, 0], [6, 9, 10, 13, 12]]
[[1, 2, 5, 6, 4], [8, 9, 5, 6, 4], [8, 9, 10, 11, 4], [20, 20, 15, 18, 3]]
[[1, 11, 12, 17, 3]]
[[23, 27, 28, 29, 6], [23, 27, 18, 21, 6], [23, 27, 32, 38, 6], [32, 33, 34, 38, 6], [3, 5, 18, 21, 75], [12, 15, 18, 21, 75]]
[[1, 2, 3, 9, 3], [1, 2, 6, 9, 3], [11, 11, 13, 15, 3]]
[[96, 98, 1, 2, 45], [96, 98, 99, 103, 45], [106, 107, 1, 2, 3], [106, 107, 122, 124, 12], [106, 107, 113, 124, 3], [3, 25, 1, 2, 0]]
[[1, 5, 6, 7, 1]]
[[1, 4, 7, 8, 0]]
[[3, 7, 8, 11, 0]]
[[3, 4, 5, 9, 4], [11, 12, 14, 16, 58]]
[[1, 5, 6, 10, 0], [1, 5, 9, 10, 3]]
[[8, 12, 14, 19, 12], [22, 23, 26, 29, 6], [1, 3, 4, 4, 12], [5, 6, 4, 4, 12], [1, 12, 14, 19, 12]]
[[1, 2, 6, 9, 189], [12, 13, 15, 17, 1]]
[[6, 14, 15, 17, 0], [39, 40, 41, 50, 12]]
[[1, 5, 9, 11, 0], [18, 19, 20, 22, 3], [24, 27, 28, 31, 4]]
[[1, 2, 3, 3, 6], [10, 11, 12, 13, 1]]
[[3, 4, 5, 14, 3], [17, 18, 21, 23, 3], [25, 28, 29, 32, 12]]
[[18, 19, 21, 25, 4], [18, 19, 27, 32, 4], [4, 8, 27, 32, 120]]
[[5, 8, 9, 12, 6], [5, 8, 11, 12, 6], [5, 8, 13, 18, 6]]
[[23, 26, 27, 30, 0]]
[[22, 23, 24, 25, 4], [26, 28, 29, 37, 3], [1, 2, 5, 6, 6], [7, 8, 5, 6, 6], [1, 8, 9, 25, 49]]
[[29, 31, 33, 37, 112], [56, 57, 58, 64, 1]]
[[1, 6, 7, 11, 1]]
[[3, 4, 6, 9, 0]]
[[9, 12, 13, 14, 58], [9, 10, 13, 14, 58]]
[[40, 41, 46, 49, 103]]
[[1, 2, 8, 12, 6], [33, 34, 36, 38, 1], [64, 65, 67, 68, 58], [64, 65, 66, 68, 58], [1, 5, 8, 12, 6]]
[[15, 16, 18, 20, 3], [3, 16, 18, 20, 3]]
[[8, 9, 10, 12, 108]]
[[6, 7, 8, 10, 0], [6, 7, 12, 15, 0], [5, 7, 8, 10, 0]]
[[1, 2, 3, 4, 0], [6, 7, 15, 16, 12]]
[[6, 6, 7, 8, 45], [6, 6, 20, 26, 45]]
[[3, 11, 12, 16, 3], [3, 11, 23, 26, 3], [18, 21, 23, 26, 49]]
[[3, 4, 1, 2, 3]]
[[16, 18, 20, 22, 103], [23, 24, 25, 30, 3], [45, 50, 52, 54, 0]]
[[50, 54, 55, 59, 12], [74, 80, 81, 87, 3], [93, 94, 98, 99, 0], [93, 94, 95, 99, 0], [65, 68, 70, 73, 4]]
[[9, 10, 13, 14, 4]]
[[1, 1, 4, 7, 189]]
[[5, 13, 14, 19, 3], [5, 13, 44, 51, 3], [5, 13, 60, 62, 3], [37, 38, 39, 42, 6], [37, 38, 44, 51, 6], [54, 57, 58, 62, 87], [54, 57, 60, 62, 87]]
[[12, 16, 17, 19, 0], [22, 27, 29, 32, 2]]
[[1, 2, 7, 10, 3], [4, 5, 7, 10, 3], [13, 14, 16, 18, 4], [22, 23, 24, 30, 1]]
[[1, 10, 11, 17, 45], [1, 10, 13, 17, 45]]
[[1, 4, 5, 8, 58]]
[[1, 5, 7, 9, 3], [21, 22, 28, 30, 1]]
                                                                                                                                                                                                                                                                